City,Original_Locality_ID,Locality
Ahmedabad,Locality_1,Navrangpura
Ahmedabad,Locality_2,Satellite
Ahmedabad,Locality_3,Vastrapur
Ahmedabad,Locality_4,Bodakdev
Ahmedabad,Locality_5,Thaltej
Ahmedabad,Locality_6,Prahlad Nagar
Ahmedabad,Locality_7,Maninagar
Ahmedabad,Locality_8,Paldi
Ahmedabad,Locality_9,Naranpura
Ahmedabad,Locality_10,Chandkheda
Ahmedabad,Locality_11,Gota
Ahmedabad,Locality_12,Bopal
Ahmedabad,Locality_13,South Bopal
Ahmedabad,Locality_14,Shela
Ahmedabad,Locality_15,Shahibaug
Ahmedabad,Locality_16,Vastral
Ahmedabad,Locality_17,Nikol
Ahmedabad,Locality_18,Ghatlodia
Ahmedabad,Locality_19,Memnagar
Ahmedabad,Locality_20,Ambawadi
Ahmedabad,Locality_21,C.G. Road
Ahmedabad,Locality_22,Ellis Bridge
Ahmedabad,Locality_23,Motera
Ahmedabad,Locality_24,Ranip
Ahmedabad,Locality_25,Chandlodia
Ahmedabad,Locality_26,Navrangpura
Ahmedabad,Locality_27,Satellite
Ahmedabad,Locality_28,Vastrapur
Ahmedabad,Locality_29,Bodakdev
Ahmedabad,Locality_30,Thaltej
Ahmedabad,Locality_31,Prahlad Nagar
Ahmedabad,Locality_32,Maninagar
Ahmedabad,Locality_33,Paldi
Ahmedabad,Locality_34,Naranpura
Ahmedabad,Locality_35,Chandkheda
Ahmedabad,Locality_36,Gota
Ahmedabad,Locality_37,Bopal
Ahmedabad,Locality_38,South Bopal
Ahmedabad,Locality_39,Shela
Ahmedabad,Locality_40,Shahibaug
Ahmedabad,Locality_41,Vastral
Ahmedabad,Locality_42,Nikol
Ahmedabad,Locality_43,Ghatlodia
Ahmedabad,Locality_44,Memnagar
Ahmedabad,Locality_45,Ambawadi
Ahmedabad,Locality_46,C.G. Road
Ahmedabad,Locality_47,Ellis Bridge
Ahmedabad,Locality_48,Motera
Ahmedabad,Locality_49,Ranip
Ahmedabad,Locality_50,Chandlodia
Ahmedabad,Locality_51,Navrangpura
Ahmedabad,Locality_52,Satellite
Ahmedabad,Locality_53,Vastrapur
Ahmedabad,Locality_54,Bodakdev
Ahmedabad,Locality_55,Thaltej
Ahmedabad,Locality_56,Prahlad Nagar
Ahmedabad,Locality_57,Maninagar
Ahmedabad,Locality_58,Paldi
Ahmedabad,Locality_59,Naranpura
Ahmedabad,Locality_60,Chandkheda
Ahmedabad,Locality_61,Gota
Ahmedabad,Locality_62,Bopal
Ahmedabad,Locality_63,South Bopal
Ahmedabad,Locality_64,Shela
Ahmedabad,Locality_65,Shahibaug
Ahmedabad,Locality_66,Vastral
Ahmedabad,Locality_67,Nikol
Ahmedabad,Locality_68,Ghatlodia
Ahmedabad,Locality_69,Memnagar
Ahmedabad,Locality_70,Ambawadi
Ahmedabad,Locality_71,C.G. Road
Ahmedabad,Locality_72,Ellis Bridge
Ahmedabad,Locality_73,Motera
Ahmedabad,Locality_74,Ranip
Ahmedabad,Locality_75,Chandlodia
Ahmedabad,Locality_76,Navrangpura
Ahmedabad,Locality_77,Satellite
Ahmedabad,Locality_78,Vastrapur
Ahmedabad,Locality_79,Bodakdev
Ahmedabad,Locality_80,Thaltej
Ahmedabad,Locality_81,Prahlad Nagar
Ahmedabad,Locality_82,Maninagar
Ahmedabad,Locality_83,Paldi
Ahmedabad,Locality_84,Naranpura
Ahmedabad,Locality_85,Chandkheda
Ahmedabad,Locality_86,Gota
Ahmedabad,Locality_87,Bopal
Ahmedabad,Locality_88,South Bopal
Ahmedabad,Locality_89,Shela
Ahmedabad,Locality_90,Shahibaug
Ahmedabad,Locality_91,Vastral
Ahmedabad,Locality_92,Nikol
Ahmedabad,Locality_93,Ghatlodia
Ahmedabad,Locality_94,Memnagar
Ahmedabad,Locality_95,Ambawadi
Ahmedabad,Locality_96,C.G. Road
Ahmedabad,Locality_97,Ellis Bridge
Ahmedabad,Locality_98,Motera
Ahmedabad,Locality_99,Ranip
Ahmedabad,Locality_100,Chandlodia
Ahmedabad,Locality_101,Navrangpura
Ahmedabad,Locality_102,Satellite
Ahmedabad,Locality_103,Vastrapur
Ahmedabad,Locality_104,Bodakdev
Ahmedabad,Locality_105,Thaltej
Ahmedabad,Locality_106,Prahlad Nagar
Ahmedabad,Locality_107,Maninagar
Ahmedabad,Locality_108,Paldi
Ahmedabad,Locality_109,Naranpura
Ahmedabad,Locality_110,Chandkheda
Ahmedabad,Locality_111,Gota
Ahmedabad,Locality_112,Bopal
Ahmedabad,Locality_113,South Bopal
Ahmedabad,Locality_114,Shela
Ahmedabad,Locality_115,Shahibaug
Ahmedabad,Locality_116,Vastral
Ahmedabad,Locality_117,Nikol
Ahmedabad,Locality_118,Ghatlodia
Ahmedabad,Locality_119,Memnagar
Ahmedabad,Locality_120,Ambawadi
Ahmedabad,Locality_121,C.G. Road
Ahmedabad,Locality_122,Ellis Bridge
Ahmedabad,Locality_123,Motera
Ahmedabad,Locality_124,Ranip
Ahmedabad,Locality_125,Chandlodia
Ahmedabad,Locality_126,Navrangpura
Ahmedabad,Locality_127,Satellite
Ahmedabad,Locality_128,Vastrapur
Ahmedabad,Locality_129,Bodakdev
Ahmedabad,Locality_130,Thaltej
Ahmedabad,Locality_131,Prahlad Nagar
Ahmedabad,Locality_132,Maninagar
Ahmedabad,Locality_133,Paldi
Ahmedabad,Locality_134,Naranpura
Ahmedabad,Locality_135,Chandkheda
Ahmedabad,Locality_136,Gota
Ahmedabad,Locality_137,Bopal
Ahmedabad,Locality_138,South Bopal
Ahmedabad,Locality_139,Shela
Ahmedabad,Locality_140,Shahibaug
Ahmedabad,Locality_141,Vastral
Ahmedabad,Locality_142,Nikol
Ahmedabad,Locality_143,Ghatlodia
Ahmedabad,Locality_144,Memnagar
Ahmedabad,Locality_145,Ambawadi
Ahmedabad,Locality_146,C.G. Road
Ahmedabad,Locality_147,Ellis Bridge
Ahmedabad,Locality_148,Motera
Ahmedabad,Locality_149,Ranip
Ahmedabad,Locality_150,Chandlodia
Ahmedabad,Locality_151,Navrangpura
Ahmedabad,Locality_152,Satellite
Ahmedabad,Locality_153,Vastrapur
Ahmedabad,Locality_154,Bodakdev
Ahmedabad,Locality_155,Thaltej
Ahmedabad,Locality_156,Prahlad Nagar
Ahmedabad,Locality_157,Maninagar
Ahmedabad,Locality_158,Paldi
Ahmedabad,Locality_159,Naranpura
Ahmedabad,Locality_160,Chandkheda
Ahmedabad,Locality_161,Gota
Ahmedabad,Locality_162,Bopal
Ahmedabad,Locality_163,South Bopal
Ahmedabad,Locality_164,Shela
Ahmedabad,Locality_165,Shahibaug
Ahmedabad,Locality_166,Vastral
Ahmedabad,Locality_167,Nikol
Ahmedabad,Locality_168,Ghatlodia
Ahmedabad,Locality_169,Memnagar
Ahmedabad,Locality_170,Ambawadi
Ahmedabad,Locality_171,C.G. Road
Ahmedabad,Locality_172,Ellis Bridge
Ahmedabad,Locality_173,Motera
Ahmedabad,Locality_174,Ranip
Ahmedabad,Locality_175,Chandlodia
Ahmedabad,Locality_176,Navrangpura
Ahmedabad,Locality_177,Satellite
Ahmedabad,Locality_178,Vastrapur
Ahmedabad,Locality_179,Bodakdev
Ahmedabad,Locality_180,Thaltej
Ahmedabad,Locality_181,Prahlad Nagar
Ahmedabad,Locality_182,Maninagar
Ahmedabad,Locality_183,Paldi
Ahmedabad,Locality_184,Naranpura
Ahmedabad,Locality_185,Chandkheda
Ahmedabad,Locality_186,Gota
Ahmedabad,Locality_187,Bopal
Ahmedabad,Locality_188,South Bopal
Ahmedabad,Locality_189,Shela
Ahmedabad,Locality_190,Shahibaug
Ahmedabad,Locality_191,Vastral
Ahmedabad,Locality_192,Nikol
Ahmedabad,Locality_193,Ghatlodia
Ahmedabad,Locality_194,Memnagar
Ahmedabad,Locality_195,Ambawadi
Ahmedabad,Locality_196,C.G. Road
Ahmedabad,Locality_197,Ellis Bridge
Ahmedabad,Locality_198,Motera
Ahmedabad,Locality_199,Ranip
Ahmedabad,Locality_200,Chandlodia
Ahmedabad,Locality_201,Navrangpura
Ahmedabad,Locality_202,Satellite
Ahmedabad,Locality_203,Vastrapur
Ahmedabad,Locality_204,Bodakdev
Ahmedabad,Locality_205,Thaltej
Ahmedabad,Locality_206,Prahlad Nagar
Ahmedabad,Locality_207,Maninagar
Ahmedabad,Locality_208,Paldi
Ahmedabad,Locality_209,Naranpura
Ahmedabad,Locality_210,Chandkheda
Ahmedabad,Locality_211,Gota
Ahmedabad,Locality_212,Bopal
Ahmedabad,Locality_213,South Bopal
Ahmedabad,Locality_214,Shela
Ahmedabad,Locality_215,Shahibaug
Ahmedabad,Locality_216,Vastral
Ahmedabad,Locality_217,Nikol
Ahmedabad,Locality_218,Ghatlodia
Ahmedabad,Locality_219,Memnagar
Ahmedabad,Locality_220,Ambawadi
Ahmedabad,Locality_221,C.G. Road
Ahmedabad,Locality_222,Ellis Bridge
Ahmedabad,Locality_223,Motera
Ahmedabad,Locality_224,Ranip
Ahmedabad,Locality_225,Chandlodia
Ahmedabad,Locality_226,Navrangpura
Ahmedabad,Locality_227,Satellite
Ahmedabad,Locality_228,Vastrapur
Ahmedabad,Locality_229,Bodakdev
Ahmedabad,Locality_230,Thaltej
Ahmedabad,Locality_231,Prahlad Nagar
Ahmedabad,Locality_232,Maninagar
Ahmedabad,Locality_233,Paldi
Ahmedabad,Locality_234,Naranpura
Ahmedabad,Locality_235,Chandkheda
Ahmedabad,Locality_236,Gota
Ahmedabad,Locality_237,Bopal
Ahmedabad,Locality_238,South Bopal
Ahmedabad,Locality_239,Shela
Ahmedabad,Locality_240,Shahibaug
Ahmedabad,Locality_241,Vastral
Ahmedabad,Locality_242,Nikol
Ahmedabad,Locality_243,Ghatlodia
Ahmedabad,Locality_244,Memnagar
Ahmedabad,Locality_245,Ambawadi
Ahmedabad,Locality_246,C.G. Road
Ahmedabad,Locality_247,Ellis Bridge
Ahmedabad,Locality_248,Motera
Ahmedabad,Locality_249,Ranip
Ahmedabad,Locality_250,Chandlodia
Ahmedabad,Locality_251,Navrangpura
Ahmedabad,Locality_252,Satellite
Ahmedabad,Locality_253,Vastrapur
Ahmedabad,Locality_254,Bodakdev
Ahmedabad,Locality_255,Thaltej
Ahmedabad,Locality_256,Prahlad Nagar
Ahmedabad,Locality_257,Maninagar
Ahmedabad,Locality_258,Paldi
Ahmedabad,Locality_259,Naranpura
Ahmedabad,Locality_260,Chandkheda
Ahmedabad,Locality_261,Gota
Ahmedabad,Locality_262,Bopal
Ahmedabad,Locality_263,South Bopal
Ahmedabad,Locality_264,Shela
Ahmedabad,Locality_265,Shahibaug
Ahmedabad,Locality_266,Vastral
Ahmedabad,Locality_267,Nikol
Ahmedabad,Locality_268,Ghatlodia
Ahmedabad,Locality_269,Memnagar
Ahmedabad,Locality_270,Ambawadi
Ahmedabad,Locality_271,C.G. Road
Ahmedabad,Locality_272,Ellis Bridge
Ahmedabad,Locality_273,Motera
Ahmedabad,Locality_274,Ranip
Ahmedabad,Locality_275,Chandlodia
Ahmedabad,Locality_276,Navrangpura
Ahmedabad,Locality_277,Satellite
Ahmedabad,Locality_278,Vastrapur
Ahmedabad,Locality_279,Bodakdev
Ahmedabad,Locality_280,Thaltej
Ahmedabad,Locality_281,Prahlad Nagar
Ahmedabad,Locality_282,Maninagar
Ahmedabad,Locality_283,Paldi
Ahmedabad,Locality_284,Naranpura
Ahmedabad,Locality_285,Chandkheda
Ahmedabad,Locality_286,Gota
Ahmedabad,Locality_287,Bopal
Ahmedabad,Locality_288,South Bopal
Ahmedabad,Locality_289,Shela
Ahmedabad,Locality_290,Shahibaug
Ahmedabad,Locality_291,Vastral
Ahmedabad,Locality_292,Nikol
Ahmedabad,Locality_293,Ghatlodia
Ahmedabad,Locality_294,Memnagar
Ahmedabad,Locality_295,Ambawadi
Ahmedabad,Locality_296,C.G. Road
Ahmedabad,Locality_297,Ellis Bridge
Ahmedabad,Locality_298,Motera
Ahmedabad,Locality_299,Ranip
Ahmedabad,Locality_300,Chandlodia
Ahmedabad,Locality_301,Navrangpura
Ahmedabad,Locality_302,Satellite
Ahmedabad,Locality_303,Vastrapur
Ahmedabad,Locality_304,Bodakdev
Ahmedabad,Locality_305,Thaltej
Ahmedabad,Locality_306,Prahlad Nagar
Ahmedabad,Locality_307,Maninagar
Ahmedabad,Locality_308,Paldi
Ahmedabad,Locality_309,Naranpura
Ahmedabad,Locality_310,Chandkheda
Ahmedabad,Locality_311,Gota
Ahmedabad,Locality_312,Bopal
Ahmedabad,Locality_313,South Bopal
Ahmedabad,Locality_314,Shela
Ahmedabad,Locality_315,Shahibaug
Ahmedabad,Locality_316,Vastral
Ahmedabad,Locality_317,Nikol
Ahmedabad,Locality_318,Ghatlodia
Ahmedabad,Locality_319,Memnagar
Ahmedabad,Locality_320,Ambawadi
Ahmedabad,Locality_321,C.G. Road
Ahmedabad,Locality_322,Ellis Bridge
Ahmedabad,Locality_323,Motera
Ahmedabad,Locality_324,Ranip
Ahmedabad,Locality_325,Chandlodia
Ahmedabad,Locality_326,Navrangpura
Ahmedabad,Locality_327,Satellite
Ahmedabad,Locality_328,Vastrapur
Ahmedabad,Locality_329,Bodakdev
Ahmedabad,Locality_330,Thaltej
Ahmedabad,Locality_331,Prahlad Nagar
Ahmedabad,Locality_332,Maninagar
Ahmedabad,Locality_333,Paldi
Ahmedabad,Locality_334,Naranpura
Ahmedabad,Locality_335,Chandkheda
Ahmedabad,Locality_336,Gota
Ahmedabad,Locality_337,Bopal
Ahmedabad,Locality_338,South Bopal
Ahmedabad,Locality_339,Shela
Ahmedabad,Locality_340,Shahibaug
Ahmedabad,Locality_341,Vastral
Ahmedabad,Locality_342,Nikol
Ahmedabad,Locality_343,Ghatlodia
Ahmedabad,Locality_344,Memnagar
Ahmedabad,Locality_345,Ambawadi
Ahmedabad,Locality_346,C.G. Road
Ahmedabad,Locality_347,Ellis Bridge
Ahmedabad,Locality_348,Motera
Ahmedabad,Locality_349,Ranip
Ahmedabad,Locality_350,Chandlodia
Ahmedabad,Locality_351,Navrangpura
Ahmedabad,Locality_352,Satellite
Ahmedabad,Locality_353,Vastrapur
Ahmedabad,Locality_354,Bodakdev
Ahmedabad,Locality_355,Thaltej
Ahmedabad,Locality_356,Prahlad Nagar
Ahmedabad,Locality_357,Maninagar
Ahmedabad,Locality_358,Paldi
Ahmedabad,Locality_359,Naranpura
Ahmedabad,Locality_360,Chandkheda
Ahmedabad,Locality_361,Gota
Ahmedabad,Locality_362,Bopal
Ahmedabad,Locality_363,South Bopal
Ahmedabad,Locality_364,Shela
Ahmedabad,Locality_365,Shahibaug
Ahmedabad,Locality_366,Vastral
Ahmedabad,Locality_367,Nikol
Ahmedabad,Locality_368,Ghatlodia
Ahmedabad,Locality_369,Memnagar
Ahmedabad,Locality_370,Ambawadi
Ahmedabad,Locality_371,C.G. Road
Ahmedabad,Locality_372,Ellis Bridge
Ahmedabad,Locality_373,Motera
Ahmedabad,Locality_374,Ranip
Ahmedabad,Locality_375,Chandlodia
Ahmedabad,Locality_376,Navrangpura
Ahmedabad,Locality_377,Satellite
Ahmedabad,Locality_378,Vastrapur
Ahmedabad,Locality_379,Bodakdev
Ahmedabad,Locality_380,Thaltej
Ahmedabad,Locality_381,Prahlad Nagar
Ahmedabad,Locality_382,Maninagar
Ahmedabad,Locality_383,Paldi
Ahmedabad,Locality_384,Naranpura
Ahmedabad,Locality_385,Chandkheda
Ahmedabad,Locality_386,Gota
Ahmedabad,Locality_387,Bopal
Ahmedabad,Locality_388,South Bopal
Ahmedabad,Locality_389,Shela
Ahmedabad,Locality_390,Shahibaug
Ahmedabad,Locality_391,Vastral
Ahmedabad,Locality_392,Nikol
Ahmedabad,Locality_393,Ghatlodia
Ahmedabad,Locality_394,Memnagar
Ahmedabad,Locality_395,Ambawadi
Ahmedabad,Locality_396,C.G. Road
Ahmedabad,Locality_397,Ellis Bridge
Ahmedabad,Locality_398,Motera
Ahmedabad,Locality_399,Ranip
Ahmedabad,Locality_400,Chandlodia
Ahmedabad,Locality_401,Navrangpura
Ahmedabad,Locality_402,Satellite
Ahmedabad,Locality_403,Vastrapur
Ahmedabad,Locality_404,Bodakdev
Ahmedabad,Locality_405,Thaltej
Ahmedabad,Locality_406,Prahlad Nagar
Ahmedabad,Locality_407,Maninagar
Ahmedabad,Locality_408,Paldi
Ahmedabad,Locality_409,Naranpura
Ahmedabad,Locality_410,Chandkheda
Ahmedabad,Locality_411,Gota
Ahmedabad,Locality_412,Bopal
Ahmedabad,Locality_413,South Bopal
Ahmedabad,Locality_414,Shela
Ahmedabad,Locality_415,Shahibaug
Ahmedabad,Locality_416,Vastral
Ahmedabad,Locality_417,Nikol
Ahmedabad,Locality_418,Ghatlodia
Ahmedabad,Locality_419,Memnagar
Ahmedabad,Locality_420,Ambawadi
Ahmedabad,Locality_421,C.G. Road
Ahmedabad,Locality_422,Ellis Bridge
Ahmedabad,Locality_423,Motera
Ahmedabad,Locality_424,Ranip
Ahmedabad,Locality_425,Chandlodia
Ahmedabad,Locality_426,Navrangpura
Ahmedabad,Locality_427,Satellite
Ahmedabad,Locality_428,Vastrapur
Ahmedabad,Locality_429,Bodakdev
Ahmedabad,Locality_430,Thaltej
Ahmedabad,Locality_431,Prahlad Nagar
Ahmedabad,Locality_432,Maninagar
Ahmedabad,Locality_433,Paldi
Ahmedabad,Locality_434,Naranpura
Ahmedabad,Locality_435,Chandkheda
Ahmedabad,Locality_436,Gota
Ahmedabad,Locality_437,Bopal
Ahmedabad,Locality_438,South Bopal
Ahmedabad,Locality_439,Shela
Ahmedabad,Locality_440,Shahibaug
Ahmedabad,Locality_441,Vastral
Ahmedabad,Locality_442,Nikol
Ahmedabad,Locality_443,Ghatlodia
Ahmedabad,Locality_444,Memnagar
Ahmedabad,Locality_445,Ambawadi
Ahmedabad,Locality_446,C.G. Road
Ahmedabad,Locality_447,Ellis Bridge
Ahmedabad,Locality_448,Motera
Ahmedabad,Locality_449,Ranip
Ahmedabad,Locality_450,Chandlodia
Ahmedabad,Locality_451,Navrangpura
Ahmedabad,Locality_452,Satellite
Ahmedabad,Locality_453,Vastrapur
Ahmedabad,Locality_454,Bodakdev
Ahmedabad,Locality_455,Thaltej
Ahmedabad,Locality_456,Prahlad Nagar
Ahmedabad,Locality_457,Maninagar
Ahmedabad,Locality_458,Paldi
Ahmedabad,Locality_459,Naranpura
Ahmedabad,Locality_460,Chandkheda
Ahmedabad,Locality_461,Gota
Ahmedabad,Locality_462,Bopal
Ahmedabad,Locality_463,South Bopal
Ahmedabad,Locality_464,Shela
Ahmedabad,Locality_465,Shahibaug
Ahmedabad,Locality_466,Vastral
Ahmedabad,Locality_467,Nikol
Ahmedabad,Locality_468,Ghatlodia
Ahmedabad,Locality_469,Memnagar
Ahmedabad,Locality_470,Ambawadi
Ahmedabad,Locality_471,C.G. Road
Ahmedabad,Locality_472,Ellis Bridge
Ahmedabad,Locality_473,Motera
Ahmedabad,Locality_474,Ranip
Ahmedabad,Locality_475,Chandlodia
Ahmedabad,Locality_476,Navrangpura
Ahmedabad,Locality_477,Satellite
Ahmedabad,Locality_478,Vastrapur
Ahmedabad,Locality_479,Bodakdev
Ahmedabad,Locality_480,Thaltej
Ahmedabad,Locality_481,Prahlad Nagar
Ahmedabad,Locality_482,Maninagar
Ahmedabad,Locality_483,Paldi
Ahmedabad,Locality_484,Naranpura
Ahmedabad,Locality_485,Chandkheda
Ahmedabad,Locality_486,Gota
Ahmedabad,Locality_487,Bopal
Ahmedabad,Locality_488,South Bopal
Ahmedabad,Locality_489,Shela
Ahmedabad,Locality_490,Shahibaug
Ahmedabad,Locality_491,Vastral
Ahmedabad,Locality_492,Nikol
Ahmedabad,Locality_493,Ghatlodia
Ahmedabad,Locality_494,Memnagar
Ahmedabad,Locality_495,Ambawadi
Ahmedabad,Locality_496,C.G. Road
Ahmedabad,Locality_497,Ellis Bridge
Ahmedabad,Locality_498,Motera
Ahmedabad,Locality_499,Ranip
Ahmedabad,Locality_500,Chandlodia
Amritsar,Locality_1,Ranjit Avenue
Amritsar,Locality_2,Lawrence Road
Amritsar,Locality_3,Mall Road
Amritsar,Locality_4,Majitha Road
Amritsar,Locality_5,GT Road
Amritsar,Locality_6,Putlighar
Amritsar,Locality_7,Chheharta
Amritsar,Locality_8,Batala Road
Amritsar,Locality_9,Court Road
Amritsar,Locality_10,White Avenue
Amritsar,Locality_11,Green Avenue
Amritsar,Locality_12,Kabir Park
Amritsar,Locality_13,Katra Ahluwalia
Amritsar,Locality_14,Hall Bazaar
Amritsar,Locality_15,Town Hall
Amritsar,Locality_16,Company Bagh
Amritsar,Locality_17,Tarn Taran Road
Amritsar,Locality_18,Airport Road
Amritsar,Locality_19,Ajnala Road
Amritsar,Locality_20,Verka
Amritsar,Locality_21,Kashmir Avenue
Amritsar,Locality_22,GTB Nagar
Amritsar,Locality_23,Guru Arjan Dev Nagar
Amritsar,Locality_24,East Mohan Nagar
Amritsar,Locality_25,Navi Abadi
Amritsar,Locality_26,Ranjit Avenue
Amritsar,Locality_27,Lawrence Road
Amritsar,Locality_28,Mall Road
Amritsar,Locality_29,Majitha Road
Amritsar,Locality_30,GT Road
Amritsar,Locality_31,Putlighar
Amritsar,Locality_32,Chheharta
Amritsar,Locality_33,Batala Road
Amritsar,Locality_34,Court Road
Amritsar,Locality_35,White Avenue
Amritsar,Locality_36,Green Avenue
Amritsar,Locality_37,Kabir Park
Amritsar,Locality_38,Katra Ahluwalia
Amritsar,Locality_39,Hall Bazaar
Amritsar,Locality_40,Town Hall
Amritsar,Locality_41,Company Bagh
Amritsar,Locality_42,Tarn Taran Road
Amritsar,Locality_43,Airport Road
Amritsar,Locality_44,Ajnala Road
Amritsar,Locality_45,Verka
Amritsar,Locality_46,Kashmir Avenue
Amritsar,Locality_47,GTB Nagar
Amritsar,Locality_48,Guru Arjan Dev Nagar
Amritsar,Locality_49,East Mohan Nagar
Amritsar,Locality_50,Navi Abadi
Amritsar,Locality_51,Ranjit Avenue
Amritsar,Locality_52,Lawrence Road
Amritsar,Locality_53,Mall Road
Amritsar,Locality_54,Majitha Road
Amritsar,Locality_55,GT Road
Amritsar,Locality_56,Putlighar
Amritsar,Locality_57,Chheharta
Amritsar,Locality_58,Batala Road
Amritsar,Locality_59,Court Road
Amritsar,Locality_60,White Avenue
Amritsar,Locality_61,Green Avenue
Amritsar,Locality_62,Kabir Park
Amritsar,Locality_63,Katra Ahluwalia
Amritsar,Locality_64,Hall Bazaar
Amritsar,Locality_65,Town Hall
Amritsar,Locality_66,Company Bagh
Amritsar,Locality_67,Tarn Taran Road
Amritsar,Locality_68,Airport Road
Amritsar,Locality_69,Ajnala Road
Amritsar,Locality_70,Verka
Amritsar,Locality_71,Kashmir Avenue
Amritsar,Locality_72,GTB Nagar
Amritsar,Locality_73,Guru Arjan Dev Nagar
Amritsar,Locality_74,East Mohan Nagar
Amritsar,Locality_75,Navi Abadi
Amritsar,Locality_76,Ranjit Avenue
Amritsar,Locality_77,Lawrence Road
Amritsar,Locality_78,Mall Road
Amritsar,Locality_79,Majitha Road
Amritsar,Locality_80,GT Road
Amritsar,Locality_81,Putlighar
Amritsar,Locality_82,Chheharta
Amritsar,Locality_83,Batala Road
Amritsar,Locality_84,Court Road
Amritsar,Locality_85,White Avenue
Amritsar,Locality_86,Green Avenue
Amritsar,Locality_87,Kabir Park
Amritsar,Locality_88,Katra Ahluwalia
Amritsar,Locality_89,Hall Bazaar
Amritsar,Locality_90,Town Hall
Amritsar,Locality_91,Company Bagh
Amritsar,Locality_92,Tarn Taran Road
Amritsar,Locality_93,Airport Road
Amritsar,Locality_94,Ajnala Road
Amritsar,Locality_95,Verka
Amritsar,Locality_96,Kashmir Avenue
Amritsar,Locality_97,GTB Nagar
Amritsar,Locality_98,Guru Arjan Dev Nagar
Amritsar,Locality_99,East Mohan Nagar
Amritsar,Locality_100,Navi Abadi
Amritsar,Locality_101,Ranjit Avenue
Amritsar,Locality_102,Lawrence Road
Amritsar,Locality_103,Mall Road
Amritsar,Locality_104,Majitha Road
Amritsar,Locality_105,GT Road
Amritsar,Locality_106,Putlighar
Amritsar,Locality_107,Chheharta
Amritsar,Locality_108,Batala Road
Amritsar,Locality_109,Court Road
Amritsar,Locality_110,White Avenue
Amritsar,Locality_111,Green Avenue
Amritsar,Locality_112,Kabir Park
Amritsar,Locality_113,Katra Ahluwalia
Amritsar,Locality_114,Hall Bazaar
Amritsar,Locality_115,Town Hall
Amritsar,Locality_116,Company Bagh
Amritsar,Locality_117,Tarn Taran Road
Amritsar,Locality_118,Airport Road
Amritsar,Locality_119,Ajnala Road
Amritsar,Locality_120,Verka
Amritsar,Locality_121,Kashmir Avenue
Amritsar,Locality_122,GTB Nagar
Amritsar,Locality_123,Guru Arjan Dev Nagar
Amritsar,Locality_124,East Mohan Nagar
Amritsar,Locality_125,Navi Abadi
Amritsar,Locality_126,Ranjit Avenue
Amritsar,Locality_127,Lawrence Road
Amritsar,Locality_128,Mall Road
Amritsar,Locality_129,Majitha Road
Amritsar,Locality_130,GT Road
Amritsar,Locality_131,Putlighar
Amritsar,Locality_132,Chheharta
Amritsar,Locality_133,Batala Road
Amritsar,Locality_134,Court Road
Amritsar,Locality_135,White Avenue
Amritsar,Locality_136,Green Avenue
Amritsar,Locality_137,Kabir Park
Amritsar,Locality_138,Katra Ahluwalia
Amritsar,Locality_139,Hall Bazaar
Amritsar,Locality_140,Town Hall
Amritsar,Locality_141,Company Bagh
Amritsar,Locality_142,Tarn Taran Road
Amritsar,Locality_143,Airport Road
Amritsar,Locality_144,Ajnala Road
Amritsar,Locality_145,Verka
Amritsar,Locality_146,Kashmir Avenue
Amritsar,Locality_147,GTB Nagar
Amritsar,Locality_148,Guru Arjan Dev Nagar
Amritsar,Locality_149,East Mohan Nagar
Amritsar,Locality_150,Navi Abadi
Amritsar,Locality_151,Ranjit Avenue
Amritsar,Locality_152,Lawrence Road
Amritsar,Locality_153,Mall Road
Amritsar,Locality_154,Majitha Road
Amritsar,Locality_155,GT Road
Amritsar,Locality_156,Putlighar
Amritsar,Locality_157,Chheharta
Amritsar,Locality_158,Batala Road
Amritsar,Locality_159,Court Road
Amritsar,Locality_160,White Avenue
Amritsar,Locality_161,Green Avenue
Amritsar,Locality_162,Kabir Park
Amritsar,Locality_163,Katra Ahluwalia
Amritsar,Locality_164,Hall Bazaar
Amritsar,Locality_165,Town Hall
Amritsar,Locality_166,Company Bagh
Amritsar,Locality_167,Tarn Taran Road
Amritsar,Locality_168,Airport Road
Amritsar,Locality_169,Ajnala Road
Amritsar,Locality_170,Verka
Amritsar,Locality_171,Kashmir Avenue
Amritsar,Locality_172,GTB Nagar
Amritsar,Locality_173,Guru Arjan Dev Nagar
Amritsar,Locality_174,East Mohan Nagar
Amritsar,Locality_175,Navi Abadi
Amritsar,Locality_176,Ranjit Avenue
Amritsar,Locality_177,Lawrence Road
Amritsar,Locality_178,Mall Road
Amritsar,Locality_179,Majitha Road
Amritsar,Locality_180,GT Road
Amritsar,Locality_181,Putlighar
Amritsar,Locality_182,Chheharta
Amritsar,Locality_183,Batala Road
Amritsar,Locality_184,Court Road
Amritsar,Locality_185,White Avenue
Amritsar,Locality_186,Green Avenue
Amritsar,Locality_187,Kabir Park
Amritsar,Locality_188,Katra Ahluwalia
Amritsar,Locality_189,Hall Bazaar
Amritsar,Locality_190,Town Hall
Amritsar,Locality_191,Company Bagh
Amritsar,Locality_192,Tarn Taran Road
Amritsar,Locality_193,Airport Road
Amritsar,Locality_194,Ajnala Road
Amritsar,Locality_195,Verka
Amritsar,Locality_196,Kashmir Avenue
Amritsar,Locality_197,GTB Nagar
Amritsar,Locality_198,Guru Arjan Dev Nagar
Amritsar,Locality_199,East Mohan Nagar
Amritsar,Locality_200,Navi Abadi
Amritsar,Locality_201,Ranjit Avenue
Amritsar,Locality_202,Lawrence Road
Amritsar,Locality_203,Mall Road
Amritsar,Locality_204,Majitha Road
Amritsar,Locality_205,GT Road
Amritsar,Locality_206,Putlighar
Amritsar,Locality_207,Chheharta
Amritsar,Locality_208,Batala Road
Amritsar,Locality_209,Court Road
Amritsar,Locality_210,White Avenue
Amritsar,Locality_211,Green Avenue
Amritsar,Locality_212,Kabir Park
Amritsar,Locality_213,Katra Ahluwalia
Amritsar,Locality_214,Hall Bazaar
Amritsar,Locality_215,Town Hall
Amritsar,Locality_216,Company Bagh
Amritsar,Locality_217,Tarn Taran Road
Amritsar,Locality_218,Airport Road
Amritsar,Locality_219,Ajnala Road
Amritsar,Locality_220,Verka
Amritsar,Locality_221,Kashmir Avenue
Amritsar,Locality_222,GTB Nagar
Amritsar,Locality_223,Guru Arjan Dev Nagar
Amritsar,Locality_224,East Mohan Nagar
Amritsar,Locality_225,Navi Abadi
Amritsar,Locality_226,Ranjit Avenue
Amritsar,Locality_227,Lawrence Road
Amritsar,Locality_228,Mall Road
Amritsar,Locality_229,Majitha Road
Amritsar,Locality_230,GT Road
Amritsar,Locality_231,Putlighar
Amritsar,Locality_232,Chheharta
Amritsar,Locality_233,Batala Road
Amritsar,Locality_234,Court Road
Amritsar,Locality_235,White Avenue
Amritsar,Locality_236,Green Avenue
Amritsar,Locality_237,Kabir Park
Amritsar,Locality_238,Katra Ahluwalia
Amritsar,Locality_239,Hall Bazaar
Amritsar,Locality_240,Town Hall
Amritsar,Locality_241,Company Bagh
Amritsar,Locality_242,Tarn Taran Road
Amritsar,Locality_243,Airport Road
Amritsar,Locality_244,Ajnala Road
Amritsar,Locality_245,Verka
Amritsar,Locality_246,Kashmir Avenue
Amritsar,Locality_247,GTB Nagar
Amritsar,Locality_248,Guru Arjan Dev Nagar
Amritsar,Locality_249,East Mohan Nagar
Amritsar,Locality_250,Navi Abadi
Amritsar,Locality_251,Ranjit Avenue
Amritsar,Locality_252,Lawrence Road
Amritsar,Locality_253,Mall Road
Amritsar,Locality_254,Majitha Road
Amritsar,Locality_255,GT Road
Amritsar,Locality_256,Putlighar
Amritsar,Locality_257,Chheharta
Amritsar,Locality_258,Batala Road
Amritsar,Locality_259,Court Road
Amritsar,Locality_260,White Avenue
Amritsar,Locality_261,Green Avenue
Amritsar,Locality_262,Kabir Park
Amritsar,Locality_263,Katra Ahluwalia
Amritsar,Locality_264,Hall Bazaar
Amritsar,Locality_265,Town Hall
Amritsar,Locality_266,Company Bagh
Amritsar,Locality_267,Tarn Taran Road
Amritsar,Locality_268,Airport Road
Amritsar,Locality_269,Ajnala Road
Amritsar,Locality_270,Verka
Amritsar,Locality_271,Kashmir Avenue
Amritsar,Locality_272,GTB Nagar
Amritsar,Locality_273,Guru Arjan Dev Nagar
Amritsar,Locality_274,East Mohan Nagar
Amritsar,Locality_275,Navi Abadi
Amritsar,Locality_276,Ranjit Avenue
Amritsar,Locality_277,Lawrence Road
Amritsar,Locality_278,Mall Road
Amritsar,Locality_279,Majitha Road
Amritsar,Locality_280,GT Road
Amritsar,Locality_281,Putlighar
Amritsar,Locality_282,Chheharta
Amritsar,Locality_283,Batala Road
Amritsar,Locality_284,Court Road
Amritsar,Locality_285,White Avenue
Amritsar,Locality_286,Green Avenue
Amritsar,Locality_287,Kabir Park
Amritsar,Locality_288,Katra Ahluwalia
Amritsar,Locality_289,Hall Bazaar
Amritsar,Locality_290,Town Hall
Amritsar,Locality_291,Company Bagh
Amritsar,Locality_292,Tarn Taran Road
Amritsar,Locality_293,Airport Road
Amritsar,Locality_294,Ajnala Road
Amritsar,Locality_295,Verka
Amritsar,Locality_296,Kashmir Avenue
Amritsar,Locality_297,GTB Nagar
Amritsar,Locality_298,Guru Arjan Dev Nagar
Amritsar,Locality_299,East Mohan Nagar
Amritsar,Locality_300,Navi Abadi
Amritsar,Locality_301,Ranjit Avenue
Amritsar,Locality_302,Lawrence Road
Amritsar,Locality_303,Mall Road
Amritsar,Locality_304,Majitha Road
Amritsar,Locality_305,GT Road
Amritsar,Locality_306,Putlighar
Amritsar,Locality_307,Chheharta
Amritsar,Locality_308,Batala Road
Amritsar,Locality_309,Court Road
Amritsar,Locality_310,White Avenue
Amritsar,Locality_311,Green Avenue
Amritsar,Locality_312,Kabir Park
Amritsar,Locality_313,Katra Ahluwalia
Amritsar,Locality_314,Hall Bazaar
Amritsar,Locality_315,Town Hall
Amritsar,Locality_316,Company Bagh
Amritsar,Locality_317,Tarn Taran Road
Amritsar,Locality_318,Airport Road
Amritsar,Locality_319,Ajnala Road
Amritsar,Locality_320,Verka
Amritsar,Locality_321,Kashmir Avenue
Amritsar,Locality_322,GTB Nagar
Amritsar,Locality_323,Guru Arjan Dev Nagar
Amritsar,Locality_324,East Mohan Nagar
Amritsar,Locality_325,Navi Abadi
Amritsar,Locality_326,Ranjit Avenue
Amritsar,Locality_327,Lawrence Road
Amritsar,Locality_328,Mall Road
Amritsar,Locality_329,Majitha Road
Amritsar,Locality_330,GT Road
Amritsar,Locality_331,Putlighar
Amritsar,Locality_332,Chheharta
Amritsar,Locality_333,Batala Road
Amritsar,Locality_334,Court Road
Amritsar,Locality_335,White Avenue
Amritsar,Locality_336,Green Avenue
Amritsar,Locality_337,Kabir Park
Amritsar,Locality_338,Katra Ahluwalia
Amritsar,Locality_339,Hall Bazaar
Amritsar,Locality_340,Town Hall
Amritsar,Locality_341,Company Bagh
Amritsar,Locality_342,Tarn Taran Road
Amritsar,Locality_343,Airport Road
Amritsar,Locality_344,Ajnala Road
Amritsar,Locality_345,Verka
Amritsar,Locality_346,Kashmir Avenue
Amritsar,Locality_347,GTB Nagar
Amritsar,Locality_348,Guru Arjan Dev Nagar
Amritsar,Locality_349,East Mohan Nagar
Amritsar,Locality_350,Navi Abadi
Amritsar,Locality_351,Ranjit Avenue
Amritsar,Locality_352,Lawrence Road
Amritsar,Locality_353,Mall Road
Amritsar,Locality_354,Majitha Road
Amritsar,Locality_355,GT Road
Amritsar,Locality_356,Putlighar
Amritsar,Locality_357,Chheharta
Amritsar,Locality_358,Batala Road
Amritsar,Locality_359,Court Road
Amritsar,Locality_360,White Avenue
Amritsar,Locality_361,Green Avenue
Amritsar,Locality_362,Kabir Park
Amritsar,Locality_363,Katra Ahluwalia
Amritsar,Locality_364,Hall Bazaar
Amritsar,Locality_365,Town Hall
Amritsar,Locality_366,Company Bagh
Amritsar,Locality_367,Tarn Taran Road
Amritsar,Locality_368,Airport Road
Amritsar,Locality_369,Ajnala Road
Amritsar,Locality_370,Verka
Amritsar,Locality_371,Kashmir Avenue
Amritsar,Locality_372,GTB Nagar
Amritsar,Locality_373,Guru Arjan Dev Nagar
Amritsar,Locality_374,East Mohan Nagar
Amritsar,Locality_375,Navi Abadi
Amritsar,Locality_376,Ranjit Avenue
Amritsar,Locality_377,Lawrence Road
Amritsar,Locality_378,Mall Road
Amritsar,Locality_379,Majitha Road
Amritsar,Locality_380,GT Road
Amritsar,Locality_381,Putlighar
Amritsar,Locality_382,Chheharta
Amritsar,Locality_383,Batala Road
Amritsar,Locality_384,Court Road
Amritsar,Locality_385,White Avenue
Amritsar,Locality_386,Green Avenue
Amritsar,Locality_387,Kabir Park
Amritsar,Locality_388,Katra Ahluwalia
Amritsar,Locality_389,Hall Bazaar
Amritsar,Locality_390,Town Hall
Amritsar,Locality_391,Company Bagh
Amritsar,Locality_392,Tarn Taran Road
Amritsar,Locality_393,Airport Road
Amritsar,Locality_394,Ajnala Road
Amritsar,Locality_395,Verka
Amritsar,Locality_396,Kashmir Avenue
Amritsar,Locality_397,GTB Nagar
Amritsar,Locality_398,Guru Arjan Dev Nagar
Amritsar,Locality_399,East Mohan Nagar
Amritsar,Locality_400,Navi Abadi
Amritsar,Locality_401,Ranjit Avenue
Amritsar,Locality_402,Lawrence Road
Amritsar,Locality_403,Mall Road
Amritsar,Locality_404,Majitha Road
Amritsar,Locality_405,GT Road
Amritsar,Locality_406,Putlighar
Amritsar,Locality_407,Chheharta
Amritsar,Locality_408,Batala Road
Amritsar,Locality_409,Court Road
Amritsar,Locality_410,White Avenue
Amritsar,Locality_411,Green Avenue
Amritsar,Locality_412,Kabir Park
Amritsar,Locality_413,Katra Ahluwalia
Amritsar,Locality_414,Hall Bazaar
Amritsar,Locality_415,Town Hall
Amritsar,Locality_416,Company Bagh
Amritsar,Locality_417,Tarn Taran Road
Amritsar,Locality_418,Airport Road
Amritsar,Locality_419,Ajnala Road
Amritsar,Locality_420,Verka
Amritsar,Locality_421,Kashmir Avenue
Amritsar,Locality_422,GTB Nagar
Amritsar,Locality_423,Guru Arjan Dev Nagar
Amritsar,Locality_424,East Mohan Nagar
Amritsar,Locality_425,Navi Abadi
Amritsar,Locality_426,Ranjit Avenue
Amritsar,Locality_427,Lawrence Road
Amritsar,Locality_428,Mall Road
Amritsar,Locality_429,Majitha Road
Amritsar,Locality_430,GT Road
Amritsar,Locality_431,Putlighar
Amritsar,Locality_432,Chheharta
Amritsar,Locality_433,Batala Road
Amritsar,Locality_434,Court Road
Amritsar,Locality_435,White Avenue
Amritsar,Locality_436,Green Avenue
Amritsar,Locality_437,Kabir Park
Amritsar,Locality_438,Katra Ahluwalia
Amritsar,Locality_439,Hall Bazaar
Amritsar,Locality_440,Town Hall
Amritsar,Locality_441,Company Bagh
Amritsar,Locality_442,Tarn Taran Road
Amritsar,Locality_443,Airport Road
Amritsar,Locality_444,Ajnala Road
Amritsar,Locality_445,Verka
Amritsar,Locality_446,Kashmir Avenue
Amritsar,Locality_447,GTB Nagar
Amritsar,Locality_448,Guru Arjan Dev Nagar
Amritsar,Locality_449,East Mohan Nagar
Amritsar,Locality_450,Navi Abadi
Amritsar,Locality_451,Ranjit Avenue
Amritsar,Locality_452,Lawrence Road
Amritsar,Locality_453,Mall Road
Amritsar,Locality_454,Majitha Road
Amritsar,Locality_455,GT Road
Amritsar,Locality_456,Putlighar
Amritsar,Locality_457,Chheharta
Amritsar,Locality_458,Batala Road
Amritsar,Locality_459,Court Road
Amritsar,Locality_460,White Avenue
Amritsar,Locality_461,Green Avenue
Amritsar,Locality_462,Kabir Park
Amritsar,Locality_463,Katra Ahluwalia
Amritsar,Locality_464,Hall Bazaar
Amritsar,Locality_465,Town Hall
Amritsar,Locality_466,Company Bagh
Amritsar,Locality_467,Tarn Taran Road
Amritsar,Locality_468,Airport Road
Amritsar,Locality_469,Ajnala Road
Amritsar,Locality_470,Verka
Amritsar,Locality_471,Kashmir Avenue
Amritsar,Locality_472,GTB Nagar
Amritsar,Locality_473,Guru Arjan Dev Nagar
Amritsar,Locality_474,East Mohan Nagar
Amritsar,Locality_475,Navi Abadi
Amritsar,Locality_476,Ranjit Avenue
Amritsar,Locality_477,Lawrence Road
Amritsar,Locality_478,Mall Road
Amritsar,Locality_479,Majitha Road
Amritsar,Locality_480,GT Road
Amritsar,Locality_481,Putlighar
Amritsar,Locality_482,Chheharta
Amritsar,Locality_483,Batala Road
Amritsar,Locality_484,Court Road
Amritsar,Locality_485,White Avenue
Amritsar,Locality_486,Green Avenue
Amritsar,Locality_487,Kabir Park
Amritsar,Locality_488,Katra Ahluwalia
Amritsar,Locality_489,Hall Bazaar
Amritsar,Locality_490,Town Hall
Amritsar,Locality_491,Company Bagh
Amritsar,Locality_492,Tarn Taran Road
Amritsar,Locality_493,Airport Road
Amritsar,Locality_494,Ajnala Road
Amritsar,Locality_495,Verka
Amritsar,Locality_496,Kashmir Avenue
Amritsar,Locality_497,GTB Nagar
Amritsar,Locality_498,Guru Arjan Dev Nagar
Amritsar,Locality_499,East Mohan Nagar
Amritsar,Locality_500,Navi Abadi
Bangalore,Locality_1,Indiranagar
Bangalore,Locality_2,Koramangala
Bangalore,Locality_3,Whitefield
Bangalore,Locality_4,HSR Layout
Bangalore,Locality_5,Jayanagar
Bangalore,Locality_6,JP Nagar
Bangalore,Locality_7,Electronic City
Bangalore,Locality_8,Marathahalli
Bangalore,Locality_9,Bellandur
Bangalore,Locality_10,Sarjapur Road
Bangalore,Locality_11,Hebbal
Bangalore,Locality_12,Yelahanka
Bangalore,Locality_13,Malleshwaram
Bangalore,Locality_14,Rajajinagar
Bangalore,Locality_15,Basavanagudi
Bangalore,Locality_16,Banashankari
Bangalore,Locality_17,BTM Layout
Bangalore,Locality_18,Kalyan Nagar
Bangalore,Locality_19,Hennur
Bangalore,Locality_20,Brookefield
Bangalore,Locality_21,Kadugodi
Bangalore,Locality_22,KR Puram
Bangalore,Locality_23,Frazer Town
Bangalore,Locality_24,Richmond Town
Bangalore,Locality_25,Ulsoor
Bangalore,Locality_26,Indiranagar
Bangalore,Locality_27,Koramangala
Bangalore,Locality_28,Whitefield
Bangalore,Locality_29,HSR Layout
Bangalore,Locality_30,Jayanagar
Bangalore,Locality_31,JP Nagar
Bangalore,Locality_32,Electronic City
Bangalore,Locality_33,Marathahalli
Bangalore,Locality_34,Bellandur
Bangalore,Locality_35,Sarjapur Road
Bangalore,Locality_36,Hebbal
Bangalore,Locality_37,Yelahanka
Bangalore,Locality_38,Malleshwaram
Bangalore,Locality_39,Rajajinagar
Bangalore,Locality_40,Basavanagudi
Bangalore,Locality_41,Banashankari
Bangalore,Locality_42,BTM Layout
Bangalore,Locality_43,Kalyan Nagar
Bangalore,Locality_44,Hennur
Bangalore,Locality_45,Brookefield
Bangalore,Locality_46,Kadugodi
Bangalore,Locality_47,KR Puram
Bangalore,Locality_48,Frazer Town
Bangalore,Locality_49,Richmond Town
Bangalore,Locality_50,Ulsoor
Bangalore,Locality_51,Indiranagar
Bangalore,Locality_52,Koramangala
Bangalore,Locality_53,Whitefield
Bangalore,Locality_54,HSR Layout
Bangalore,Locality_55,Jayanagar
Bangalore,Locality_56,JP Nagar
Bangalore,Locality_57,Electronic City
Bangalore,Locality_58,Marathahalli
Bangalore,Locality_59,Bellandur
Bangalore,Locality_60,Sarjapur Road
Bangalore,Locality_61,Hebbal
Bangalore,Locality_62,Yelahanka
Bangalore,Locality_63,Malleshwaram
Bangalore,Locality_64,Rajajinagar
Bangalore,Locality_65,Basavanagudi
Bangalore,Locality_66,Banashankari
Bangalore,Locality_67,BTM Layout
Bangalore,Locality_68,Kalyan Nagar
Bangalore,Locality_69,Hennur
Bangalore,Locality_70,Brookefield
Bangalore,Locality_71,Kadugodi
Bangalore,Locality_72,KR Puram
Bangalore,Locality_73,Frazer Town
Bangalore,Locality_74,Richmond Town
Bangalore,Locality_75,Ulsoor
Bangalore,Locality_76,Indiranagar
Bangalore,Locality_77,Koramangala
Bangalore,Locality_78,Whitefield
Bangalore,Locality_79,HSR Layout
Bangalore,Locality_80,Jayanagar
Bangalore,Locality_81,JP Nagar
Bangalore,Locality_82,Electronic City
Bangalore,Locality_83,Marathahalli
Bangalore,Locality_84,Bellandur
Bangalore,Locality_85,Sarjapur Road
Bangalore,Locality_86,Hebbal
Bangalore,Locality_87,Yelahanka
Bangalore,Locality_88,Malleshwaram
Bangalore,Locality_89,Rajajinagar
Bangalore,Locality_90,Basavanagudi
Bangalore,Locality_91,Banashankari
Bangalore,Locality_92,BTM Layout
Bangalore,Locality_93,Kalyan Nagar
Bangalore,Locality_94,Hennur
Bangalore,Locality_95,Brookefield
Bangalore,Locality_96,Kadugodi
Bangalore,Locality_97,KR Puram
Bangalore,Locality_98,Frazer Town
Bangalore,Locality_99,Richmond Town
Bangalore,Locality_100,Ulsoor
Bangalore,Locality_101,Indiranagar
Bangalore,Locality_102,Koramangala
Bangalore,Locality_103,Whitefield
Bangalore,Locality_104,HSR Layout
Bangalore,Locality_105,Jayanagar
Bangalore,Locality_106,JP Nagar
Bangalore,Locality_107,Electronic City
Bangalore,Locality_108,Marathahalli
Bangalore,Locality_109,Bellandur
Bangalore,Locality_110,Sarjapur Road
Bangalore,Locality_111,Hebbal
Bangalore,Locality_112,Yelahanka
Bangalore,Locality_113,Malleshwaram
Bangalore,Locality_114,Rajajinagar
Bangalore,Locality_115,Basavanagudi
Bangalore,Locality_116,Banashankari
Bangalore,Locality_117,BTM Layout
Bangalore,Locality_118,Kalyan Nagar
Bangalore,Locality_119,Hennur
Bangalore,Locality_120,Brookefield
Bangalore,Locality_121,Kadugodi
Bangalore,Locality_122,KR Puram
Bangalore,Locality_123,Frazer Town
Bangalore,Locality_124,Richmond Town
Bangalore,Locality_125,Ulsoor
Bangalore,Locality_126,Indiranagar
Bangalore,Locality_127,Koramangala
Bangalore,Locality_128,Whitefield
Bangalore,Locality_129,HSR Layout
Bangalore,Locality_130,Jayanagar
Bangalore,Locality_131,JP Nagar
Bangalore,Locality_132,Electronic City
Bangalore,Locality_133,Marathahalli
Bangalore,Locality_134,Bellandur
Bangalore,Locality_135,Sarjapur Road
Bangalore,Locality_136,Hebbal
Bangalore,Locality_137,Yelahanka
Bangalore,Locality_138,Malleshwaram
Bangalore,Locality_139,Rajajinagar
Bangalore,Locality_140,Basavanagudi
Bangalore,Locality_141,Banashankari
Bangalore,Locality_142,BTM Layout
Bangalore,Locality_143,Kalyan Nagar
Bangalore,Locality_144,Hennur
Bangalore,Locality_145,Brookefield
Bangalore,Locality_146,Kadugodi
Bangalore,Locality_147,KR Puram
Bangalore,Locality_148,Frazer Town
Bangalore,Locality_149,Richmond Town
Bangalore,Locality_150,Ulsoor
Bangalore,Locality_151,Indiranagar
Bangalore,Locality_152,Koramangala
Bangalore,Locality_153,Whitefield
Bangalore,Locality_154,HSR Layout
Bangalore,Locality_155,Jayanagar
Bangalore,Locality_156,JP Nagar
Bangalore,Locality_157,Electronic City
Bangalore,Locality_158,Marathahalli
Bangalore,Locality_159,Bellandur
Bangalore,Locality_160,Sarjapur Road
Bangalore,Locality_161,Hebbal
Bangalore,Locality_162,Yelahanka
Bangalore,Locality_163,Malleshwaram
Bangalore,Locality_164,Rajajinagar
Bangalore,Locality_165,Basavanagudi
Bangalore,Locality_166,Banashankari
Bangalore,Locality_167,BTM Layout
Bangalore,Locality_168,Kalyan Nagar
Bangalore,Locality_169,Hennur
Bangalore,Locality_170,Brookefield
Bangalore,Locality_171,Kadugodi
Bangalore,Locality_172,KR Puram
Bangalore,Locality_173,Frazer Town
Bangalore,Locality_174,Richmond Town
Bangalore,Locality_175,Ulsoor
Bangalore,Locality_176,Indiranagar
Bangalore,Locality_177,Koramangala
Bangalore,Locality_178,Whitefield
Bangalore,Locality_179,HSR Layout
Bangalore,Locality_180,Jayanagar
Bangalore,Locality_181,JP Nagar
Bangalore,Locality_182,Electronic City
Bangalore,Locality_183,Marathahalli
Bangalore,Locality_184,Bellandur
Bangalore,Locality_185,Sarjapur Road
Bangalore,Locality_186,Hebbal
Bangalore,Locality_187,Yelahanka
Bangalore,Locality_188,Malleshwaram
Bangalore,Locality_189,Rajajinagar
Bangalore,Locality_190,Basavanagudi
Bangalore,Locality_191,Banashankari
Bangalore,Locality_192,BTM Layout
Bangalore,Locality_193,Kalyan Nagar
Bangalore,Locality_194,Hennur
Bangalore,Locality_195,Brookefield
Bangalore,Locality_196,Kadugodi
Bangalore,Locality_197,KR Puram
Bangalore,Locality_198,Frazer Town
Bangalore,Locality_199,Richmond Town
Bangalore,Locality_200,Ulsoor
Bangalore,Locality_201,Indiranagar
Bangalore,Locality_202,Koramangala
Bangalore,Locality_203,Whitefield
Bangalore,Locality_204,HSR Layout
Bangalore,Locality_205,Jayanagar
Bangalore,Locality_206,JP Nagar
Bangalore,Locality_207,Electronic City
Bangalore,Locality_208,Marathahalli
Bangalore,Locality_209,Bellandur
Bangalore,Locality_210,Sarjapur Road
Bangalore,Locality_211,Hebbal
Bangalore,Locality_212,Yelahanka
Bangalore,Locality_213,Malleshwaram
Bangalore,Locality_214,Rajajinagar
Bangalore,Locality_215,Basavanagudi
Bangalore,Locality_216,Banashankari
Bangalore,Locality_217,BTM Layout
Bangalore,Locality_218,Kalyan Nagar
Bangalore,Locality_219,Hennur
Bangalore,Locality_220,Brookefield
Bangalore,Locality_221,Kadugodi
Bangalore,Locality_222,KR Puram
Bangalore,Locality_223,Frazer Town
Bangalore,Locality_224,Richmond Town
Bangalore,Locality_225,Ulsoor
Bangalore,Locality_226,Indiranagar
Bangalore,Locality_227,Koramangala
Bangalore,Locality_228,Whitefield
Bangalore,Locality_229,HSR Layout
Bangalore,Locality_230,Jayanagar
Bangalore,Locality_231,JP Nagar
Bangalore,Locality_232,Electronic City
Bangalore,Locality_233,Marathahalli
Bangalore,Locality_234,Bellandur
Bangalore,Locality_235,Sarjapur Road
Bangalore,Locality_236,Hebbal
Bangalore,Locality_237,Yelahanka
Bangalore,Locality_238,Malleshwaram
Bangalore,Locality_239,Rajajinagar
Bangalore,Locality_240,Basavanagudi
Bangalore,Locality_241,Banashankari
Bangalore,Locality_242,BTM Layout
Bangalore,Locality_243,Kalyan Nagar
Bangalore,Locality_244,Hennur
Bangalore,Locality_245,Brookefield
Bangalore,Locality_246,Kadugodi
Bangalore,Locality_247,KR Puram
Bangalore,Locality_248,Frazer Town
Bangalore,Locality_249,Richmond Town
Bangalore,Locality_250,Ulsoor
Bangalore,Locality_251,Indiranagar
Bangalore,Locality_252,Koramangala
Bangalore,Locality_253,Whitefield
Bangalore,Locality_254,HSR Layout
Bangalore,Locality_255,Jayanagar
Bangalore,Locality_256,JP Nagar
Bangalore,Locality_257,Electronic City
Bangalore,Locality_258,Marathahalli
Bangalore,Locality_259,Bellandur
Bangalore,Locality_260,Sarjapur Road
Bangalore,Locality_261,Hebbal
Bangalore,Locality_262,Yelahanka
Bangalore,Locality_263,Malleshwaram
Bangalore,Locality_264,Rajajinagar
Bangalore,Locality_265,Basavanagudi
Bangalore,Locality_266,Banashankari
Bangalore,Locality_267,BTM Layout
Bangalore,Locality_268,Kalyan Nagar
Bangalore,Locality_269,Hennur
Bangalore,Locality_270,Brookefield
Bangalore,Locality_271,Kadugodi
Bangalore,Locality_272,KR Puram
Bangalore,Locality_273,Frazer Town
Bangalore,Locality_274,Richmond Town
Bangalore,Locality_275,Ulsoor
Bangalore,Locality_276,Indiranagar
Bangalore,Locality_277,Koramangala
Bangalore,Locality_278,Whitefield
Bangalore,Locality_279,HSR Layout
Bangalore,Locality_280,Jayanagar
Bangalore,Locality_281,JP Nagar
Bangalore,Locality_282,Electronic City
Bangalore,Locality_283,Marathahalli
Bangalore,Locality_284,Bellandur
Bangalore,Locality_285,Sarjapur Road
Bangalore,Locality_286,Hebbal
Bangalore,Locality_287,Yelahanka
Bangalore,Locality_288,Malleshwaram
Bangalore,Locality_289,Rajajinagar
Bangalore,Locality_290,Basavanagudi
Bangalore,Locality_291,Banashankari
Bangalore,Locality_292,BTM Layout
Bangalore,Locality_293,Kalyan Nagar
Bangalore,Locality_294,Hennur
Bangalore,Locality_295,Brookefield
Bangalore,Locality_296,Kadugodi
Bangalore,Locality_297,KR Puram
Bangalore,Locality_298,Frazer Town
Bangalore,Locality_299,Richmond Town
Bangalore,Locality_300,Ulsoor
Bangalore,Locality_301,Indiranagar
Bangalore,Locality_302,Koramangala
Bangalore,Locality_303,Whitefield
Bangalore,Locality_304,HSR Layout
Bangalore,Locality_305,Jayanagar
Bangalore,Locality_306,JP Nagar
Bangalore,Locality_307,Electronic City
Bangalore,Locality_308,Marathahalli
Bangalore,Locality_309,Bellandur
Bangalore,Locality_310,Sarjapur Road
Bangalore,Locality_311,Hebbal
Bangalore,Locality_312,Yelahanka
Bangalore,Locality_313,Malleshwaram
Bangalore,Locality_314,Rajajinagar
Bangalore,Locality_315,Basavanagudi
Bangalore,Locality_316,Banashankari
Bangalore,Locality_317,BTM Layout
Bangalore,Locality_318,Kalyan Nagar
Bangalore,Locality_319,Hennur
Bangalore,Locality_320,Brookefield
Bangalore,Locality_321,Kadugodi
Bangalore,Locality_322,KR Puram
Bangalore,Locality_323,Frazer Town
Bangalore,Locality_324,Richmond Town
Bangalore,Locality_325,Ulsoor
Bangalore,Locality_326,Indiranagar
Bangalore,Locality_327,Koramangala
Bangalore,Locality_328,Whitefield
Bangalore,Locality_329,HSR Layout
Bangalore,Locality_330,Jayanagar
Bangalore,Locality_331,JP Nagar
Bangalore,Locality_332,Electronic City
Bangalore,Locality_333,Marathahalli
Bangalore,Locality_334,Bellandur
Bangalore,Locality_335,Sarjapur Road
Bangalore,Locality_336,Hebbal
Bangalore,Locality_337,Yelahanka
Bangalore,Locality_338,Malleshwaram
Bangalore,Locality_339,Rajajinagar
Bangalore,Locality_340,Basavanagudi
Bangalore,Locality_341,Banashankari
Bangalore,Locality_342,BTM Layout
Bangalore,Locality_343,Kalyan Nagar
Bangalore,Locality_344,Hennur
Bangalore,Locality_345,Brookefield
Bangalore,Locality_346,Kadugodi
Bangalore,Locality_347,KR Puram
Bangalore,Locality_348,Frazer Town
Bangalore,Locality_349,Richmond Town
Bangalore,Locality_350,Ulsoor
Bangalore,Locality_351,Indiranagar
Bangalore,Locality_352,Koramangala
Bangalore,Locality_353,Whitefield
Bangalore,Locality_354,HSR Layout
Bangalore,Locality_355,Jayanagar
Bangalore,Locality_356,JP Nagar
Bangalore,Locality_357,Electronic City
Bangalore,Locality_358,Marathahalli
Bangalore,Locality_359,Bellandur
Bangalore,Locality_360,Sarjapur Road
Bangalore,Locality_361,Hebbal
Bangalore,Locality_362,Yelahanka
Bangalore,Locality_363,Malleshwaram
Bangalore,Locality_364,Rajajinagar
Bangalore,Locality_365,Basavanagudi
Bangalore,Locality_366,Banashankari
Bangalore,Locality_367,BTM Layout
Bangalore,Locality_368,Kalyan Nagar
Bangalore,Locality_369,Hennur
Bangalore,Locality_370,Brookefield
Bangalore,Locality_371,Kadugodi
Bangalore,Locality_372,KR Puram
Bangalore,Locality_373,Frazer Town
Bangalore,Locality_374,Richmond Town
Bangalore,Locality_375,Ulsoor
Bangalore,Locality_376,Indiranagar
Bangalore,Locality_377,Koramangala
Bangalore,Locality_378,Whitefield
Bangalore,Locality_379,HSR Layout
Bangalore,Locality_380,Jayanagar
Bangalore,Locality_381,JP Nagar
Bangalore,Locality_382,Electronic City
Bangalore,Locality_383,Marathahalli
Bangalore,Locality_384,Bellandur
Bangalore,Locality_385,Sarjapur Road
Bangalore,Locality_386,Hebbal
Bangalore,Locality_387,Yelahanka
Bangalore,Locality_388,Malleshwaram
Bangalore,Locality_389,Rajajinagar
Bangalore,Locality_390,Basavanagudi
Bangalore,Locality_391,Banashankari
Bangalore,Locality_392,BTM Layout
Bangalore,Locality_393,Kalyan Nagar
Bangalore,Locality_394,Hennur
Bangalore,Locality_395,Brookefield
Bangalore,Locality_396,Kadugodi
Bangalore,Locality_397,KR Puram
Bangalore,Locality_398,Frazer Town
Bangalore,Locality_399,Richmond Town
Bangalore,Locality_400,Ulsoor
Bangalore,Locality_401,Indiranagar
Bangalore,Locality_402,Koramangala
Bangalore,Locality_403,Whitefield
Bangalore,Locality_404,HSR Layout
Bangalore,Locality_405,Jayanagar
Bangalore,Locality_406,JP Nagar
Bangalore,Locality_407,Electronic City
Bangalore,Locality_408,Marathahalli
Bangalore,Locality_409,Bellandur
Bangalore,Locality_410,Sarjapur Road
Bangalore,Locality_411,Hebbal
Bangalore,Locality_412,Yelahanka
Bangalore,Locality_413,Malleshwaram
Bangalore,Locality_414,Rajajinagar
Bangalore,Locality_415,Basavanagudi
Bangalore,Locality_416,Banashankari
Bangalore,Locality_417,BTM Layout
Bangalore,Locality_418,Kalyan Nagar
Bangalore,Locality_419,Hennur
Bangalore,Locality_420,Brookefield
Bangalore,Locality_421,Kadugodi
Bangalore,Locality_422,KR Puram
Bangalore,Locality_423,Frazer Town
Bangalore,Locality_424,Richmond Town
Bangalore,Locality_425,Ulsoor
Bangalore,Locality_426,Indiranagar
Bangalore,Locality_427,Koramangala
Bangalore,Locality_428,Whitefield
Bangalore,Locality_429,HSR Layout
Bangalore,Locality_430,Jayanagar
Bangalore,Locality_431,JP Nagar
Bangalore,Locality_432,Electronic City
Bangalore,Locality_433,Marathahalli
Bangalore,Locality_434,Bellandur
Bangalore,Locality_435,Sarjapur Road
Bangalore,Locality_436,Hebbal
Bangalore,Locality_437,Yelahanka
Bangalore,Locality_438,Malleshwaram
Bangalore,Locality_439,Rajajinagar
Bangalore,Locality_440,Basavanagudi
Bangalore,Locality_441,Banashankari
Bangalore,Locality_442,BTM Layout
Bangalore,Locality_443,Kalyan Nagar
Bangalore,Locality_444,Hennur
Bangalore,Locality_445,Brookefield
Bangalore,Locality_446,Kadugodi
Bangalore,Locality_447,KR Puram
Bangalore,Locality_448,Frazer Town
Bangalore,Locality_449,Richmond Town
Bangalore,Locality_450,Ulsoor
Bangalore,Locality_451,Indiranagar
Bangalore,Locality_452,Koramangala
Bangalore,Locality_453,Whitefield
Bangalore,Locality_454,HSR Layout
Bangalore,Locality_455,Jayanagar
Bangalore,Locality_456,JP Nagar
Bangalore,Locality_457,Electronic City
Bangalore,Locality_458,Marathahalli
Bangalore,Locality_459,Bellandur
Bangalore,Locality_460,Sarjapur Road
Bangalore,Locality_461,Hebbal
Bangalore,Locality_462,Yelahanka
Bangalore,Locality_463,Malleshwaram
Bangalore,Locality_464,Rajajinagar
Bangalore,Locality_465,Basavanagudi
Bangalore,Locality_466,Banashankari
Bangalore,Locality_467,BTM Layout
Bangalore,Locality_468,Kalyan Nagar
Bangalore,Locality_469,Hennur
Bangalore,Locality_470,Brookefield
Bangalore,Locality_471,Kadugodi
Bangalore,Locality_472,KR Puram
Bangalore,Locality_473,Frazer Town
Bangalore,Locality_474,Richmond Town
Bangalore,Locality_475,Ulsoor
Bangalore,Locality_476,Indiranagar
Bangalore,Locality_477,Koramangala
Bangalore,Locality_478,Whitefield
Bangalore,Locality_479,HSR Layout
Bangalore,Locality_480,Jayanagar
Bangalore,Locality_481,JP Nagar
Bangalore,Locality_482,Electronic City
Bangalore,Locality_483,Marathahalli
Bangalore,Locality_484,Bellandur
Bangalore,Locality_485,Sarjapur Road
Bangalore,Locality_486,Hebbal
Bangalore,Locality_487,Yelahanka
Bangalore,Locality_488,Malleshwaram
Bangalore,Locality_489,Rajajinagar
Bangalore,Locality_490,Basavanagudi
Bangalore,Locality_491,Banashankari
Bangalore,Locality_492,BTM Layout
Bangalore,Locality_493,Kalyan Nagar
Bangalore,Locality_494,Hennur
Bangalore,Locality_495,Brookefield
Bangalore,Locality_496,Kadugodi
Bangalore,Locality_497,KR Puram
Bangalore,Locality_498,Frazer Town
Bangalore,Locality_499,Richmond Town
Bangalore,Locality_500,Ulsoor
Bhopal,Locality_1,Arera Colony
Bhopal,Locality_2,MP Nagar
Bhopal,Locality_3,Kolar Road
Bhopal,Locality_4,Bawadia Kalan
Bhopal,Locality_5,Shahpura
Bhopal,Locality_6,Gulmohar Colony
Bhopal,Locality_7,Hoshangabad Road
Bhopal,Locality_8,Ayodhya Bypass
Bhopal,Locality_9,Bairagarh
Bhopal,Locality_10,Lalghati
Bhopal,Locality_11,Kolar
Bhopal,Locality_12,Raisen Road
Bhopal,Locality_13,Misrod
Bhopal,Locality_14,Bagh Sewania
Bhopal,Locality_15,Bawaria Kalan
Bhopal,Locality_16,Govindpura
Bhopal,Locality_17,Berasia Road
Bhopal,Locality_18,TT Nagar
Bhopal,Locality_19,Habibganj
Bhopal,Locality_20,Piplani
Bhopal,Locality_21,Katara Hills
Bhopal,Locality_22,Awadhpuri
Bhopal,Locality_23,Saket Nagar
Bhopal,Locality_24,Chuna Bhatti
Bhopal,Locality_25,Jatkhedi
Bhopal,Locality_26,Arera Colony
Bhopal,Locality_27,MP Nagar
Bhopal,Locality_28,Kolar Road
Bhopal,Locality_29,Bawadia Kalan
Bhopal,Locality_30,Shahpura
Bhopal,Locality_31,Gulmohar Colony
Bhopal,Locality_32,Hoshangabad Road
Bhopal,Locality_33,Ayodhya Bypass
Bhopal,Locality_34,Bairagarh
Bhopal,Locality_35,Lalghati
Bhopal,Locality_36,Kolar
Bhopal,Locality_37,Raisen Road
Bhopal,Locality_38,Misrod
Bhopal,Locality_39,Bagh Sewania
Bhopal,Locality_40,Bawaria Kalan
Bhopal,Locality_41,Govindpura
Bhopal,Locality_42,Berasia Road
Bhopal,Locality_43,TT Nagar
Bhopal,Locality_44,Habibganj
Bhopal,Locality_45,Piplani
Bhopal,Locality_46,Katara Hills
Bhopal,Locality_47,Awadhpuri
Bhopal,Locality_48,Saket Nagar
Bhopal,Locality_49,Chuna Bhatti
Bhopal,Locality_50,Jatkhedi
Bhopal,Locality_51,Arera Colony
Bhopal,Locality_52,MP Nagar
Bhopal,Locality_53,Kolar Road
Bhopal,Locality_54,Bawadia Kalan
Bhopal,Locality_55,Shahpura
Bhopal,Locality_56,Gulmohar Colony
Bhopal,Locality_57,Hoshangabad Road
Bhopal,Locality_58,Ayodhya Bypass
Bhopal,Locality_59,Bairagarh
Bhopal,Locality_60,Lalghati
Bhopal,Locality_61,Kolar
Bhopal,Locality_62,Raisen Road
Bhopal,Locality_63,Misrod
Bhopal,Locality_64,Bagh Sewania
Bhopal,Locality_65,Bawaria Kalan
Bhopal,Locality_66,Govindpura
Bhopal,Locality_67,Berasia Road
Bhopal,Locality_68,TT Nagar
Bhopal,Locality_69,Habibganj
Bhopal,Locality_70,Piplani
Bhopal,Locality_71,Katara Hills
Bhopal,Locality_72,Awadhpuri
Bhopal,Locality_73,Saket Nagar
Bhopal,Locality_74,Chuna Bhatti
Bhopal,Locality_75,Jatkhedi
Bhopal,Locality_76,Arera Colony
Bhopal,Locality_77,MP Nagar
Bhopal,Locality_78,Kolar Road
Bhopal,Locality_79,Bawadia Kalan
Bhopal,Locality_80,Shahpura
Bhopal,Locality_81,Gulmohar Colony
Bhopal,Locality_82,Hoshangabad Road
Bhopal,Locality_83,Ayodhya Bypass
Bhopal,Locality_84,Bairagarh
Bhopal,Locality_85,Lalghati
Bhopal,Locality_86,Kolar
Bhopal,Locality_87,Raisen Road
Bhopal,Locality_88,Misrod
Bhopal,Locality_89,Bagh Sewania
Bhopal,Locality_90,Bawaria Kalan
Bhopal,Locality_91,Govindpura
Bhopal,Locality_92,Berasia Road
Bhopal,Locality_93,TT Nagar
Bhopal,Locality_94,Habibganj
Bhopal,Locality_95,Piplani
Bhopal,Locality_96,Katara Hills
Bhopal,Locality_97,Awadhpuri
Bhopal,Locality_98,Saket Nagar
Bhopal,Locality_99,Chuna Bhatti
Bhopal,Locality_100,Jatkhedi
Bhopal,Locality_101,Arera Colony
Bhopal,Locality_102,MP Nagar
Bhopal,Locality_103,Kolar Road
Bhopal,Locality_104,Bawadia Kalan
Bhopal,Locality_105,Shahpura
Bhopal,Locality_106,Gulmohar Colony
Bhopal,Locality_107,Hoshangabad Road
Bhopal,Locality_108,Ayodhya Bypass
Bhopal,Locality_109,Bairagarh
Bhopal,Locality_110,Lalghati
Bhopal,Locality_111,Kolar
Bhopal,Locality_112,Raisen Road
Bhopal,Locality_113,Misrod
Bhopal,Locality_114,Bagh Sewania
Bhopal,Locality_115,Bawaria Kalan
Bhopal,Locality_116,Govindpura
Bhopal,Locality_117,Berasia Road
Bhopal,Locality_118,TT Nagar
Bhopal,Locality_119,Habibganj
Bhopal,Locality_120,Piplani
Bhopal,Locality_121,Katara Hills
Bhopal,Locality_122,Awadhpuri
Bhopal,Locality_123,Saket Nagar
Bhopal,Locality_124,Chuna Bhatti
Bhopal,Locality_125,Jatkhedi
Bhopal,Locality_126,Arera Colony
Bhopal,Locality_127,MP Nagar
Bhopal,Locality_128,Kolar Road
Bhopal,Locality_129,Bawadia Kalan
Bhopal,Locality_130,Shahpura
Bhopal,Locality_131,Gulmohar Colony
Bhopal,Locality_132,Hoshangabad Road
Bhopal,Locality_133,Ayodhya Bypass
Bhopal,Locality_134,Bairagarh
Bhopal,Locality_135,Lalghati
Bhopal,Locality_136,Kolar
Bhopal,Locality_137,Raisen Road
Bhopal,Locality_138,Misrod
Bhopal,Locality_139,Bagh Sewania
Bhopal,Locality_140,Bawaria Kalan
Bhopal,Locality_141,Govindpura
Bhopal,Locality_142,Berasia Road
Bhopal,Locality_143,TT Nagar
Bhopal,Locality_144,Habibganj
Bhopal,Locality_145,Piplani
Bhopal,Locality_146,Katara Hills
Bhopal,Locality_147,Awadhpuri
Bhopal,Locality_148,Saket Nagar
Bhopal,Locality_149,Chuna Bhatti
Bhopal,Locality_150,Jatkhedi
Bhopal,Locality_151,Arera Colony
Bhopal,Locality_152,MP Nagar
Bhopal,Locality_153,Kolar Road
Bhopal,Locality_154,Bawadia Kalan
Bhopal,Locality_155,Shahpura
Bhopal,Locality_156,Gulmohar Colony
Bhopal,Locality_157,Hoshangabad Road
Bhopal,Locality_158,Ayodhya Bypass
Bhopal,Locality_159,Bairagarh
Bhopal,Locality_160,Lalghati
Bhopal,Locality_161,Kolar
Bhopal,Locality_162,Raisen Road
Bhopal,Locality_163,Misrod
Bhopal,Locality_164,Bagh Sewania
Bhopal,Locality_165,Bawaria Kalan
Bhopal,Locality_166,Govindpura
Bhopal,Locality_167,Berasia Road
Bhopal,Locality_168,TT Nagar
Bhopal,Locality_169,Habibganj
Bhopal,Locality_170,Piplani
Bhopal,Locality_171,Katara Hills
Bhopal,Locality_172,Awadhpuri
Bhopal,Locality_173,Saket Nagar
Bhopal,Locality_174,Chuna Bhatti
Bhopal,Locality_175,Jatkhedi
Bhopal,Locality_176,Arera Colony
Bhopal,Locality_177,MP Nagar
Bhopal,Locality_178,Kolar Road
Bhopal,Locality_179,Bawadia Kalan
Bhopal,Locality_180,Shahpura
Bhopal,Locality_181,Gulmohar Colony
Bhopal,Locality_182,Hoshangabad Road
Bhopal,Locality_183,Ayodhya Bypass
Bhopal,Locality_184,Bairagarh
Bhopal,Locality_185,Lalghati
Bhopal,Locality_186,Kolar
Bhopal,Locality_187,Raisen Road
Bhopal,Locality_188,Misrod
Bhopal,Locality_189,Bagh Sewania
Bhopal,Locality_190,Bawaria Kalan
Bhopal,Locality_191,Govindpura
Bhopal,Locality_192,Berasia Road
Bhopal,Locality_193,TT Nagar
Bhopal,Locality_194,Habibganj
Bhopal,Locality_195,Piplani
Bhopal,Locality_196,Katara Hills
Bhopal,Locality_197,Awadhpuri
Bhopal,Locality_198,Saket Nagar
Bhopal,Locality_199,Chuna Bhatti
Bhopal,Locality_200,Jatkhedi
Bhopal,Locality_201,Arera Colony
Bhopal,Locality_202,MP Nagar
Bhopal,Locality_203,Kolar Road
Bhopal,Locality_204,Bawadia Kalan
Bhopal,Locality_205,Shahpura
Bhopal,Locality_206,Gulmohar Colony
Bhopal,Locality_207,Hoshangabad Road
Bhopal,Locality_208,Ayodhya Bypass
Bhopal,Locality_209,Bairagarh
Bhopal,Locality_210,Lalghati
Bhopal,Locality_211,Kolar
Bhopal,Locality_212,Raisen Road
Bhopal,Locality_213,Misrod
Bhopal,Locality_214,Bagh Sewania
Bhopal,Locality_215,Bawaria Kalan
Bhopal,Locality_216,Govindpura
Bhopal,Locality_217,Berasia Road
Bhopal,Locality_218,TT Nagar
Bhopal,Locality_219,Habibganj
Bhopal,Locality_220,Piplani
Bhopal,Locality_221,Katara Hills
Bhopal,Locality_222,Awadhpuri
Bhopal,Locality_223,Saket Nagar
Bhopal,Locality_224,Chuna Bhatti
Bhopal,Locality_225,Jatkhedi
Bhopal,Locality_226,Arera Colony
Bhopal,Locality_227,MP Nagar
Bhopal,Locality_228,Kolar Road
Bhopal,Locality_229,Bawadia Kalan
Bhopal,Locality_230,Shahpura
Bhopal,Locality_231,Gulmohar Colony
Bhopal,Locality_232,Hoshangabad Road
Bhopal,Locality_233,Ayodhya Bypass
Bhopal,Locality_234,Bairagarh
Bhopal,Locality_235,Lalghati
Bhopal,Locality_236,Kolar
Bhopal,Locality_237,Raisen Road
Bhopal,Locality_238,Misrod
Bhopal,Locality_239,Bagh Sewania
Bhopal,Locality_240,Bawaria Kalan
Bhopal,Locality_241,Govindpura
Bhopal,Locality_242,Berasia Road
Bhopal,Locality_243,TT Nagar
Bhopal,Locality_244,Habibganj
Bhopal,Locality_245,Piplani
Bhopal,Locality_246,Katara Hills
Bhopal,Locality_247,Awadhpuri
Bhopal,Locality_248,Saket Nagar
Bhopal,Locality_249,Chuna Bhatti
Bhopal,Locality_250,Jatkhedi
Bhopal,Locality_251,Arera Colony
Bhopal,Locality_252,MP Nagar
Bhopal,Locality_253,Kolar Road
Bhopal,Locality_254,Bawadia Kalan
Bhopal,Locality_255,Shahpura
Bhopal,Locality_256,Gulmohar Colony
Bhopal,Locality_257,Hoshangabad Road
Bhopal,Locality_258,Ayodhya Bypass
Bhopal,Locality_259,Bairagarh
Bhopal,Locality_260,Lalghati
Bhopal,Locality_261,Kolar
Bhopal,Locality_262,Raisen Road
Bhopal,Locality_263,Misrod
Bhopal,Locality_264,Bagh Sewania
Bhopal,Locality_265,Bawaria Kalan
Bhopal,Locality_266,Govindpura
Bhopal,Locality_267,Berasia Road
Bhopal,Locality_268,TT Nagar
Bhopal,Locality_269,Habibganj
Bhopal,Locality_270,Piplani
Bhopal,Locality_271,Katara Hills
Bhopal,Locality_272,Awadhpuri
Bhopal,Locality_273,Saket Nagar
Bhopal,Locality_274,Chuna Bhatti
Bhopal,Locality_275,Jatkhedi
Bhopal,Locality_276,Arera Colony
Bhopal,Locality_277,MP Nagar
Bhopal,Locality_278,Kolar Road
Bhopal,Locality_279,Bawadia Kalan
Bhopal,Locality_280,Shahpura
Bhopal,Locality_281,Gulmohar Colony
Bhopal,Locality_282,Hoshangabad Road
Bhopal,Locality_283,Ayodhya Bypass
Bhopal,Locality_284,Bairagarh
Bhopal,Locality_285,Lalghati
Bhopal,Locality_286,Kolar
Bhopal,Locality_287,Raisen Road
Bhopal,Locality_288,Misrod
Bhopal,Locality_289,Bagh Sewania
Bhopal,Locality_290,Bawaria Kalan
Bhopal,Locality_291,Govindpura
Bhopal,Locality_292,Berasia Road
Bhopal,Locality_293,TT Nagar
Bhopal,Locality_294,Habibganj
Bhopal,Locality_295,Piplani
Bhopal,Locality_296,Katara Hills
Bhopal,Locality_297,Awadhpuri
Bhopal,Locality_298,Saket Nagar
Bhopal,Locality_299,Chuna Bhatti
Bhopal,Locality_300,Jatkhedi
Bhopal,Locality_301,Arera Colony
Bhopal,Locality_302,MP Nagar
Bhopal,Locality_303,Kolar Road
Bhopal,Locality_304,Bawadia Kalan
Bhopal,Locality_305,Shahpura
Bhopal,Locality_306,Gulmohar Colony
Bhopal,Locality_307,Hoshangabad Road
Bhopal,Locality_308,Ayodhya Bypass
Bhopal,Locality_309,Bairagarh
Bhopal,Locality_310,Lalghati
Bhopal,Locality_311,Kolar
Bhopal,Locality_312,Raisen Road
Bhopal,Locality_313,Misrod
Bhopal,Locality_314,Bagh Sewania
Bhopal,Locality_315,Bawaria Kalan
Bhopal,Locality_316,Govindpura
Bhopal,Locality_317,Berasia Road
Bhopal,Locality_318,TT Nagar
Bhopal,Locality_319,Habibganj
Bhopal,Locality_320,Piplani
Bhopal,Locality_321,Katara Hills
Bhopal,Locality_322,Awadhpuri
Bhopal,Locality_323,Saket Nagar
Bhopal,Locality_324,Chuna Bhatti
Bhopal,Locality_325,Jatkhedi
Bhopal,Locality_326,Arera Colony
Bhopal,Locality_327,MP Nagar
Bhopal,Locality_328,Kolar Road
Bhopal,Locality_329,Bawadia Kalan
Bhopal,Locality_330,Shahpura
Bhopal,Locality_331,Gulmohar Colony
Bhopal,Locality_332,Hoshangabad Road
Bhopal,Locality_333,Ayodhya Bypass
Bhopal,Locality_334,Bairagarh
Bhopal,Locality_335,Lalghati
Bhopal,Locality_336,Kolar
Bhopal,Locality_337,Raisen Road
Bhopal,Locality_338,Misrod
Bhopal,Locality_339,Bagh Sewania
Bhopal,Locality_340,Bawaria Kalan
Bhopal,Locality_341,Govindpura
Bhopal,Locality_342,Berasia Road
Bhopal,Locality_343,TT Nagar
Bhopal,Locality_344,Habibganj
Bhopal,Locality_345,Piplani
Bhopal,Locality_346,Katara Hills
Bhopal,Locality_347,Awadhpuri
Bhopal,Locality_348,Saket Nagar
Bhopal,Locality_349,Chuna Bhatti
Bhopal,Locality_350,Jatkhedi
Bhopal,Locality_351,Arera Colony
Bhopal,Locality_352,MP Nagar
Bhopal,Locality_353,Kolar Road
Bhopal,Locality_354,Bawadia Kalan
Bhopal,Locality_355,Shahpura
Bhopal,Locality_356,Gulmohar Colony
Bhopal,Locality_357,Hoshangabad Road
Bhopal,Locality_358,Ayodhya Bypass
Bhopal,Locality_359,Bairagarh
Bhopal,Locality_360,Lalghati
Bhopal,Locality_361,Kolar
Bhopal,Locality_362,Raisen Road
Bhopal,Locality_363,Misrod
Bhopal,Locality_364,Bagh Sewania
Bhopal,Locality_365,Bawaria Kalan
Bhopal,Locality_366,Govindpura
Bhopal,Locality_367,Berasia Road
Bhopal,Locality_368,TT Nagar
Bhopal,Locality_369,Habibganj
Bhopal,Locality_370,Piplani
Bhopal,Locality_371,Katara Hills
Bhopal,Locality_372,Awadhpuri
Bhopal,Locality_373,Saket Nagar
Bhopal,Locality_374,Chuna Bhatti
Bhopal,Locality_375,Jatkhedi
Bhopal,Locality_376,Arera Colony
Bhopal,Locality_377,MP Nagar
Bhopal,Locality_378,Kolar Road
Bhopal,Locality_379,Bawadia Kalan
Bhopal,Locality_380,Shahpura
Bhopal,Locality_381,Gulmohar Colony
Bhopal,Locality_382,Hoshangabad Road
Bhopal,Locality_383,Ayodhya Bypass
Bhopal,Locality_384,Bairagarh
Bhopal,Locality_385,Lalghati
Bhopal,Locality_386,Kolar
Bhopal,Locality_387,Raisen Road
Bhopal,Locality_388,Misrod
Bhopal,Locality_389,Bagh Sewania
Bhopal,Locality_390,Bawaria Kalan
Bhopal,Locality_391,Govindpura
Bhopal,Locality_392,Berasia Road
Bhopal,Locality_393,TT Nagar
Bhopal,Locality_394,Habibganj
Bhopal,Locality_395,Piplani
Bhopal,Locality_396,Katara Hills
Bhopal,Locality_397,Awadhpuri
Bhopal,Locality_398,Saket Nagar
Bhopal,Locality_399,Chuna Bhatti
Bhopal,Locality_400,Jatkhedi
Bhopal,Locality_401,Arera Colony
Bhopal,Locality_402,MP Nagar
Bhopal,Locality_403,Kolar Road
Bhopal,Locality_404,Bawadia Kalan
Bhopal,Locality_405,Shahpura
Bhopal,Locality_406,Gulmohar Colony
Bhopal,Locality_407,Hoshangabad Road
Bhopal,Locality_408,Ayodhya Bypass
Bhopal,Locality_409,Bairagarh
Bhopal,Locality_410,Lalghati
Bhopal,Locality_411,Kolar
Bhopal,Locality_412,Raisen Road
Bhopal,Locality_413,Misrod
Bhopal,Locality_414,Bagh Sewania
Bhopal,Locality_415,Bawaria Kalan
Bhopal,Locality_416,Govindpura
Bhopal,Locality_417,Berasia Road
Bhopal,Locality_418,TT Nagar
Bhopal,Locality_419,Habibganj
Bhopal,Locality_420,Piplani
Bhopal,Locality_421,Katara Hills
Bhopal,Locality_422,Awadhpuri
Bhopal,Locality_423,Saket Nagar
Bhopal,Locality_424,Chuna Bhatti
Bhopal,Locality_425,Jatkhedi
Bhopal,Locality_426,Arera Colony
Bhopal,Locality_427,MP Nagar
Bhopal,Locality_428,Kolar Road
Bhopal,Locality_429,Bawadia Kalan
Bhopal,Locality_430,Shahpura
Bhopal,Locality_431,Gulmohar Colony
Bhopal,Locality_432,Hoshangabad Road
Bhopal,Locality_433,Ayodhya Bypass
Bhopal,Locality_434,Bairagarh
Bhopal,Locality_435,Lalghati
Bhopal,Locality_436,Kolar
Bhopal,Locality_437,Raisen Road
Bhopal,Locality_438,Misrod
Bhopal,Locality_439,Bagh Sewania
Bhopal,Locality_440,Bawaria Kalan
Bhopal,Locality_441,Govindpura
Bhopal,Locality_442,Berasia Road
Bhopal,Locality_443,TT Nagar
Bhopal,Locality_444,Habibganj
Bhopal,Locality_445,Piplani
Bhopal,Locality_446,Katara Hills
Bhopal,Locality_447,Awadhpuri
Bhopal,Locality_448,Saket Nagar
Bhopal,Locality_449,Chuna Bhatti
Bhopal,Locality_450,Jatkhedi
Bhopal,Locality_451,Arera Colony
Bhopal,Locality_452,MP Nagar
Bhopal,Locality_453,Kolar Road
Bhopal,Locality_454,Bawadia Kalan
Bhopal,Locality_455,Shahpura
Bhopal,Locality_456,Gulmohar Colony
Bhopal,Locality_457,Hoshangabad Road
Bhopal,Locality_458,Ayodhya Bypass
Bhopal,Locality_459,Bairagarh
Bhopal,Locality_460,Lalghati
Bhopal,Locality_461,Kolar
Bhopal,Locality_462,Raisen Road
Bhopal,Locality_463,Misrod
Bhopal,Locality_464,Bagh Sewania
Bhopal,Locality_465,Bawaria Kalan
Bhopal,Locality_466,Govindpura
Bhopal,Locality_467,Berasia Road
Bhopal,Locality_468,TT Nagar
Bhopal,Locality_469,Habibganj
Bhopal,Locality_470,Piplani
Bhopal,Locality_471,Katara Hills
Bhopal,Locality_472,Awadhpuri
Bhopal,Locality_473,Saket Nagar
Bhopal,Locality_474,Chuna Bhatti
Bhopal,Locality_475,Jatkhedi
Bhopal,Locality_476,Arera Colony
Bhopal,Locality_477,MP Nagar
Bhopal,Locality_478,Kolar Road
Bhopal,Locality_479,Bawadia Kalan
Bhopal,Locality_480,Shahpura
Bhopal,Locality_481,Gulmohar Colony
Bhopal,Locality_482,Hoshangabad Road
Bhopal,Locality_483,Ayodhya Bypass
Bhopal,Locality_484,Bairagarh
Bhopal,Locality_485,Lalghati
Bhopal,Locality_486,Kolar
Bhopal,Locality_487,Raisen Road
Bhopal,Locality_488,Misrod
Bhopal,Locality_489,Bagh Sewania
Bhopal,Locality_490,Bawaria Kalan
Bhopal,Locality_491,Govindpura
Bhopal,Locality_492,Berasia Road
Bhopal,Locality_493,TT Nagar
Bhopal,Locality_494,Habibganj
Bhopal,Locality_495,Piplani
Bhopal,Locality_496,Katara Hills
Bhopal,Locality_497,Awadhpuri
Bhopal,Locality_498,Saket Nagar
Bhopal,Locality_499,Chuna Bhatti
Bhopal,Locality_500,Jatkhedi
Bhubaneswar,Locality_1,Saheed Nagar
Bhubaneswar,Locality_2,Nayapalli
Bhubaneswar,Locality_3,Patia
Bhubaneswar,Locality_4,Chandrasekharpur
Bhubaneswar,Locality_5,Khandagiri
Bhubaneswar,Locality_6,Jagamara
Bhubaneswar,Locality_7,Jaydev Vihar
Bhubaneswar,Locality_8,Baramunda
Bhubaneswar,Locality_9,Old Town
Bhubaneswar,Locality_10,Sahid Nagar
Bhubaneswar,Locality_11,Rasulgarh
Bhubaneswar,Locality_12,Mancheswar
Bhubaneswar,Locality_13,Bomikhal
Bhubaneswar,Locality_14,Tamando
Bhubaneswar,Locality_15,Dumduma
Bhubaneswar,Locality_16,Ghatikia
Bhubaneswar,Locality_17,Sundarpada
Bhubaneswar,Locality_18,Pokhariput
Bhubaneswar,Locality_19,Acharya Vihar
Bhubaneswar,Locality_20,IRC Village
Bhubaneswar,Locality_21,Niladri Vihar
Bhubaneswar,Locality_22,Raghunathpur
Bhubaneswar,Locality_23,Maitri Vihar
Bhubaneswar,Locality_24,Unit 4
Bhubaneswar,Locality_25,Unit 6
Bhubaneswar,Locality_26,Saheed Nagar
Bhubaneswar,Locality_27,Nayapalli
Bhubaneswar,Locality_28,Patia
Bhubaneswar,Locality_29,Chandrasekharpur
Bhubaneswar,Locality_30,Khandagiri
Bhubaneswar,Locality_31,Jagamara
Bhubaneswar,Locality_32,Jaydev Vihar
Bhubaneswar,Locality_33,Baramunda
Bhubaneswar,Locality_34,Old Town
Bhubaneswar,Locality_35,Sahid Nagar
Bhubaneswar,Locality_36,Rasulgarh
Bhubaneswar,Locality_37,Mancheswar
Bhubaneswar,Locality_38,Bomikhal
Bhubaneswar,Locality_39,Tamando
Bhubaneswar,Locality_40,Dumduma
Bhubaneswar,Locality_41,Ghatikia
Bhubaneswar,Locality_42,Sundarpada
Bhubaneswar,Locality_43,Pokhariput
Bhubaneswar,Locality_44,Acharya Vihar
Bhubaneswar,Locality_45,IRC Village
Bhubaneswar,Locality_46,Niladri Vihar
Bhubaneswar,Locality_47,Raghunathpur
Bhubaneswar,Locality_48,Maitri Vihar
Bhubaneswar,Locality_49,Unit 4
Bhubaneswar,Locality_50,Unit 6
Bhubaneswar,Locality_51,Saheed Nagar
Bhubaneswar,Locality_52,Nayapalli
Bhubaneswar,Locality_53,Patia
Bhubaneswar,Locality_54,Chandrasekharpur
Bhubaneswar,Locality_55,Khandagiri
Bhubaneswar,Locality_56,Jagamara
Bhubaneswar,Locality_57,Jaydev Vihar
Bhubaneswar,Locality_58,Baramunda
Bhubaneswar,Locality_59,Old Town
Bhubaneswar,Locality_60,Sahid Nagar
Bhubaneswar,Locality_61,Rasulgarh
Bhubaneswar,Locality_62,Mancheswar
Bhubaneswar,Locality_63,Bomikhal
Bhubaneswar,Locality_64,Tamando
Bhubaneswar,Locality_65,Dumduma
Bhubaneswar,Locality_66,Ghatikia
Bhubaneswar,Locality_67,Sundarpada
Bhubaneswar,Locality_68,Pokhariput
Bhubaneswar,Locality_69,Acharya Vihar
Bhubaneswar,Locality_70,IRC Village
Bhubaneswar,Locality_71,Niladri Vihar
Bhubaneswar,Locality_72,Raghunathpur
Bhubaneswar,Locality_73,Maitri Vihar
Bhubaneswar,Locality_74,Unit 4
Bhubaneswar,Locality_75,Unit 6
Bhubaneswar,Locality_76,Saheed Nagar
Bhubaneswar,Locality_77,Nayapalli
Bhubaneswar,Locality_78,Patia
Bhubaneswar,Locality_79,Chandrasekharpur
Bhubaneswar,Locality_80,Khandagiri
Bhubaneswar,Locality_81,Jagamara
Bhubaneswar,Locality_82,Jaydev Vihar
Bhubaneswar,Locality_83,Baramunda
Bhubaneswar,Locality_84,Old Town
Bhubaneswar,Locality_85,Sahid Nagar
Bhubaneswar,Locality_86,Rasulgarh
Bhubaneswar,Locality_87,Mancheswar
Bhubaneswar,Locality_88,Bomikhal
Bhubaneswar,Locality_89,Tamando
Bhubaneswar,Locality_90,Dumduma
Bhubaneswar,Locality_91,Ghatikia
Bhubaneswar,Locality_92,Sundarpada
Bhubaneswar,Locality_93,Pokhariput
Bhubaneswar,Locality_94,Acharya Vihar
Bhubaneswar,Locality_95,IRC Village
Bhubaneswar,Locality_96,Niladri Vihar
Bhubaneswar,Locality_97,Raghunathpur
Bhubaneswar,Locality_98,Maitri Vihar
Bhubaneswar,Locality_99,Unit 4
Bhubaneswar,Locality_100,Unit 6
Bhubaneswar,Locality_101,Saheed Nagar
Bhubaneswar,Locality_102,Nayapalli
Bhubaneswar,Locality_103,Patia
Bhubaneswar,Locality_104,Chandrasekharpur
Bhubaneswar,Locality_105,Khandagiri
Bhubaneswar,Locality_106,Jagamara
Bhubaneswar,Locality_107,Jaydev Vihar
Bhubaneswar,Locality_108,Baramunda
Bhubaneswar,Locality_109,Old Town
Bhubaneswar,Locality_110,Sahid Nagar
Bhubaneswar,Locality_111,Rasulgarh
Bhubaneswar,Locality_112,Mancheswar
Bhubaneswar,Locality_113,Bomikhal
Bhubaneswar,Locality_114,Tamando
Bhubaneswar,Locality_115,Dumduma
Bhubaneswar,Locality_116,Ghatikia
Bhubaneswar,Locality_117,Sundarpada
Bhubaneswar,Locality_118,Pokhariput
Bhubaneswar,Locality_119,Acharya Vihar
Bhubaneswar,Locality_120,IRC Village
Bhubaneswar,Locality_121,Niladri Vihar
Bhubaneswar,Locality_122,Raghunathpur
Bhubaneswar,Locality_123,Maitri Vihar
Bhubaneswar,Locality_124,Unit 4
Bhubaneswar,Locality_125,Unit 6
Bhubaneswar,Locality_126,Saheed Nagar
Bhubaneswar,Locality_127,Nayapalli
Bhubaneswar,Locality_128,Patia
Bhubaneswar,Locality_129,Chandrasekharpur
Bhubaneswar,Locality_130,Khandagiri
Bhubaneswar,Locality_131,Jagamara
Bhubaneswar,Locality_132,Jaydev Vihar
Bhubaneswar,Locality_133,Baramunda
Bhubaneswar,Locality_134,Old Town
Bhubaneswar,Locality_135,Sahid Nagar
Bhubaneswar,Locality_136,Rasulgarh
Bhubaneswar,Locality_137,Mancheswar
Bhubaneswar,Locality_138,Bomikhal
Bhubaneswar,Locality_139,Tamando
Bhubaneswar,Locality_140,Dumduma
Bhubaneswar,Locality_141,Ghatikia
Bhubaneswar,Locality_142,Sundarpada
Bhubaneswar,Locality_143,Pokhariput
Bhubaneswar,Locality_144,Acharya Vihar
Bhubaneswar,Locality_145,IRC Village
Bhubaneswar,Locality_146,Niladri Vihar
Bhubaneswar,Locality_147,Raghunathpur
Bhubaneswar,Locality_148,Maitri Vihar
Bhubaneswar,Locality_149,Unit 4
Bhubaneswar,Locality_150,Unit 6
Bhubaneswar,Locality_151,Saheed Nagar
Bhubaneswar,Locality_152,Nayapalli
Bhubaneswar,Locality_153,Patia
Bhubaneswar,Locality_154,Chandrasekharpur
Bhubaneswar,Locality_155,Khandagiri
Bhubaneswar,Locality_156,Jagamara
Bhubaneswar,Locality_157,Jaydev Vihar
Bhubaneswar,Locality_158,Baramunda
Bhubaneswar,Locality_159,Old Town
Bhubaneswar,Locality_160,Sahid Nagar
Bhubaneswar,Locality_161,Rasulgarh
Bhubaneswar,Locality_162,Mancheswar
Bhubaneswar,Locality_163,Bomikhal
Bhubaneswar,Locality_164,Tamando
Bhubaneswar,Locality_165,Dumduma
Bhubaneswar,Locality_166,Ghatikia
Bhubaneswar,Locality_167,Sundarpada
Bhubaneswar,Locality_168,Pokhariput
Bhubaneswar,Locality_169,Acharya Vihar
Bhubaneswar,Locality_170,IRC Village
Bhubaneswar,Locality_171,Niladri Vihar
Bhubaneswar,Locality_172,Raghunathpur
Bhubaneswar,Locality_173,Maitri Vihar
Bhubaneswar,Locality_174,Unit 4
Bhubaneswar,Locality_175,Unit 6
Bhubaneswar,Locality_176,Saheed Nagar
Bhubaneswar,Locality_177,Nayapalli
Bhubaneswar,Locality_178,Patia
Bhubaneswar,Locality_179,Chandrasekharpur
Bhubaneswar,Locality_180,Khandagiri
Bhubaneswar,Locality_181,Jagamara
Bhubaneswar,Locality_182,Jaydev Vihar
Bhubaneswar,Locality_183,Baramunda
Bhubaneswar,Locality_184,Old Town
Bhubaneswar,Locality_185,Sahid Nagar
Bhubaneswar,Locality_186,Rasulgarh
Bhubaneswar,Locality_187,Mancheswar
Bhubaneswar,Locality_188,Bomikhal
Bhubaneswar,Locality_189,Tamando
Bhubaneswar,Locality_190,Dumduma
Bhubaneswar,Locality_191,Ghatikia
Bhubaneswar,Locality_192,Sundarpada
Bhubaneswar,Locality_193,Pokhariput
Bhubaneswar,Locality_194,Acharya Vihar
Bhubaneswar,Locality_195,IRC Village
Bhubaneswar,Locality_196,Niladri Vihar
Bhubaneswar,Locality_197,Raghunathpur
Bhubaneswar,Locality_198,Maitri Vihar
Bhubaneswar,Locality_199,Unit 4
Bhubaneswar,Locality_200,Unit 6
Bhubaneswar,Locality_201,Saheed Nagar
Bhubaneswar,Locality_202,Nayapalli
Bhubaneswar,Locality_203,Patia
Bhubaneswar,Locality_204,Chandrasekharpur
Bhubaneswar,Locality_205,Khandagiri
Bhubaneswar,Locality_206,Jagamara
Bhubaneswar,Locality_207,Jaydev Vihar
Bhubaneswar,Locality_208,Baramunda
Bhubaneswar,Locality_209,Old Town
Bhubaneswar,Locality_210,Sahid Nagar
Bhubaneswar,Locality_211,Rasulgarh
Bhubaneswar,Locality_212,Mancheswar
Bhubaneswar,Locality_213,Bomikhal
Bhubaneswar,Locality_214,Tamando
Bhubaneswar,Locality_215,Dumduma
Bhubaneswar,Locality_216,Ghatikia
Bhubaneswar,Locality_217,Sundarpada
Bhubaneswar,Locality_218,Pokhariput
Bhubaneswar,Locality_219,Acharya Vihar
Bhubaneswar,Locality_220,IRC Village
Bhubaneswar,Locality_221,Niladri Vihar
Bhubaneswar,Locality_222,Raghunathpur
Bhubaneswar,Locality_223,Maitri Vihar
Bhubaneswar,Locality_224,Unit 4
Bhubaneswar,Locality_225,Unit 6
Bhubaneswar,Locality_226,Saheed Nagar
Bhubaneswar,Locality_227,Nayapalli
Bhubaneswar,Locality_228,Patia
Bhubaneswar,Locality_229,Chandrasekharpur
Bhubaneswar,Locality_230,Khandagiri
Bhubaneswar,Locality_231,Jagamara
Bhubaneswar,Locality_232,Jaydev Vihar
Bhubaneswar,Locality_233,Baramunda
Bhubaneswar,Locality_234,Old Town
Bhubaneswar,Locality_235,Sahid Nagar
Bhubaneswar,Locality_236,Rasulgarh
Bhubaneswar,Locality_237,Mancheswar
Bhubaneswar,Locality_238,Bomikhal
Bhubaneswar,Locality_239,Tamando
Bhubaneswar,Locality_240,Dumduma
Bhubaneswar,Locality_241,Ghatikia
Bhubaneswar,Locality_242,Sundarpada
Bhubaneswar,Locality_243,Pokhariput
Bhubaneswar,Locality_244,Acharya Vihar
Bhubaneswar,Locality_245,IRC Village
Bhubaneswar,Locality_246,Niladri Vihar
Bhubaneswar,Locality_247,Raghunathpur
Bhubaneswar,Locality_248,Maitri Vihar
Bhubaneswar,Locality_249,Unit 4
Bhubaneswar,Locality_250,Unit 6
Bhubaneswar,Locality_251,Saheed Nagar
Bhubaneswar,Locality_252,Nayapalli
Bhubaneswar,Locality_253,Patia
Bhubaneswar,Locality_254,Chandrasekharpur
Bhubaneswar,Locality_255,Khandagiri
Bhubaneswar,Locality_256,Jagamara
Bhubaneswar,Locality_257,Jaydev Vihar
Bhubaneswar,Locality_258,Baramunda
Bhubaneswar,Locality_259,Old Town
Bhubaneswar,Locality_260,Sahid Nagar
Bhubaneswar,Locality_261,Rasulgarh
Bhubaneswar,Locality_262,Mancheswar
Bhubaneswar,Locality_263,Bomikhal
Bhubaneswar,Locality_264,Tamando
Bhubaneswar,Locality_265,Dumduma
Bhubaneswar,Locality_266,Ghatikia
Bhubaneswar,Locality_267,Sundarpada
Bhubaneswar,Locality_268,Pokhariput
Bhubaneswar,Locality_269,Acharya Vihar
Bhubaneswar,Locality_270,IRC Village
Bhubaneswar,Locality_271,Niladri Vihar
Bhubaneswar,Locality_272,Raghunathpur
Bhubaneswar,Locality_273,Maitri Vihar
Bhubaneswar,Locality_274,Unit 4
Bhubaneswar,Locality_275,Unit 6
Bhubaneswar,Locality_276,Saheed Nagar
Bhubaneswar,Locality_277,Nayapalli
Bhubaneswar,Locality_278,Patia
Bhubaneswar,Locality_279,Chandrasekharpur
Bhubaneswar,Locality_280,Khandagiri
Bhubaneswar,Locality_281,Jagamara
Bhubaneswar,Locality_282,Jaydev Vihar
Bhubaneswar,Locality_283,Baramunda
Bhubaneswar,Locality_284,Old Town
Bhubaneswar,Locality_285,Sahid Nagar
Bhubaneswar,Locality_286,Rasulgarh
Bhubaneswar,Locality_287,Mancheswar
Bhubaneswar,Locality_288,Bomikhal
Bhubaneswar,Locality_289,Tamando
Bhubaneswar,Locality_290,Dumduma
Bhubaneswar,Locality_291,Ghatikia
Bhubaneswar,Locality_292,Sundarpada
Bhubaneswar,Locality_293,Pokhariput
Bhubaneswar,Locality_294,Acharya Vihar
Bhubaneswar,Locality_295,IRC Village
Bhubaneswar,Locality_296,Niladri Vihar
Bhubaneswar,Locality_297,Raghunathpur
Bhubaneswar,Locality_298,Maitri Vihar
Bhubaneswar,Locality_299,Unit 4
Bhubaneswar,Locality_300,Unit 6
Bhubaneswar,Locality_301,Saheed Nagar
Bhubaneswar,Locality_302,Nayapalli
Bhubaneswar,Locality_303,Patia
Bhubaneswar,Locality_304,Chandrasekharpur
Bhubaneswar,Locality_305,Khandagiri
Bhubaneswar,Locality_306,Jagamara
Bhubaneswar,Locality_307,Jaydev Vihar
Bhubaneswar,Locality_308,Baramunda
Bhubaneswar,Locality_309,Old Town
Bhubaneswar,Locality_310,Sahid Nagar
Bhubaneswar,Locality_311,Rasulgarh
Bhubaneswar,Locality_312,Mancheswar
Bhubaneswar,Locality_313,Bomikhal
Bhubaneswar,Locality_314,Tamando
Bhubaneswar,Locality_315,Dumduma
Bhubaneswar,Locality_316,Ghatikia
Bhubaneswar,Locality_317,Sundarpada
Bhubaneswar,Locality_318,Pokhariput
Bhubaneswar,Locality_319,Acharya Vihar
Bhubaneswar,Locality_320,IRC Village
Bhubaneswar,Locality_321,Niladri Vihar
Bhubaneswar,Locality_322,Raghunathpur
Bhubaneswar,Locality_323,Maitri Vihar
Bhubaneswar,Locality_324,Unit 4
Bhubaneswar,Locality_325,Unit 6
Bhubaneswar,Locality_326,Saheed Nagar
Bhubaneswar,Locality_327,Nayapalli
Bhubaneswar,Locality_328,Patia
Bhubaneswar,Locality_329,Chandrasekharpur
Bhubaneswar,Locality_330,Khandagiri
Bhubaneswar,Locality_331,Jagamara
Bhubaneswar,Locality_332,Jaydev Vihar
Bhubaneswar,Locality_333,Baramunda
Bhubaneswar,Locality_334,Old Town
Bhubaneswar,Locality_335,Sahid Nagar
Bhubaneswar,Locality_336,Rasulgarh
Bhubaneswar,Locality_337,Mancheswar
Bhubaneswar,Locality_338,Bomikhal
Bhubaneswar,Locality_339,Tamando
Bhubaneswar,Locality_340,Dumduma
Bhubaneswar,Locality_341,Ghatikia
Bhubaneswar,Locality_342,Sundarpada
Bhubaneswar,Locality_343,Pokhariput
Bhubaneswar,Locality_344,Acharya Vihar
Bhubaneswar,Locality_345,IRC Village
Bhubaneswar,Locality_346,Niladri Vihar
Bhubaneswar,Locality_347,Raghunathpur
Bhubaneswar,Locality_348,Maitri Vihar
Bhubaneswar,Locality_349,Unit 4
Bhubaneswar,Locality_350,Unit 6
Bhubaneswar,Locality_351,Saheed Nagar
Bhubaneswar,Locality_352,Nayapalli
Bhubaneswar,Locality_353,Patia
Bhubaneswar,Locality_354,Chandrasekharpur
Bhubaneswar,Locality_355,Khandagiri
Bhubaneswar,Locality_356,Jagamara
Bhubaneswar,Locality_357,Jaydev Vihar
Bhubaneswar,Locality_358,Baramunda
Bhubaneswar,Locality_359,Old Town
Bhubaneswar,Locality_360,Sahid Nagar
Bhubaneswar,Locality_361,Rasulgarh
Bhubaneswar,Locality_362,Mancheswar
Bhubaneswar,Locality_363,Bomikhal
Bhubaneswar,Locality_364,Tamando
Bhubaneswar,Locality_365,Dumduma
Bhubaneswar,Locality_366,Ghatikia
Bhubaneswar,Locality_367,Sundarpada
Bhubaneswar,Locality_368,Pokhariput
Bhubaneswar,Locality_369,Acharya Vihar
Bhubaneswar,Locality_370,IRC Village
Bhubaneswar,Locality_371,Niladri Vihar
Bhubaneswar,Locality_372,Raghunathpur
Bhubaneswar,Locality_373,Maitri Vihar
Bhubaneswar,Locality_374,Unit 4
Bhubaneswar,Locality_375,Unit 6
Bhubaneswar,Locality_376,Saheed Nagar
Bhubaneswar,Locality_377,Nayapalli
Bhubaneswar,Locality_378,Patia
Bhubaneswar,Locality_379,Chandrasekharpur
Bhubaneswar,Locality_380,Khandagiri
Bhubaneswar,Locality_381,Jagamara
Bhubaneswar,Locality_382,Jaydev Vihar
Bhubaneswar,Locality_383,Baramunda
Bhubaneswar,Locality_384,Old Town
Bhubaneswar,Locality_385,Sahid Nagar
Bhubaneswar,Locality_386,Rasulgarh
Bhubaneswar,Locality_387,Mancheswar
Bhubaneswar,Locality_388,Bomikhal
Bhubaneswar,Locality_389,Tamando
Bhubaneswar,Locality_390,Dumduma
Bhubaneswar,Locality_391,Ghatikia
Bhubaneswar,Locality_392,Sundarpada
Bhubaneswar,Locality_393,Pokhariput
Bhubaneswar,Locality_394,Acharya Vihar
Bhubaneswar,Locality_395,IRC Village
Bhubaneswar,Locality_396,Niladri Vihar
Bhubaneswar,Locality_397,Raghunathpur
Bhubaneswar,Locality_398,Maitri Vihar
Bhubaneswar,Locality_399,Unit 4
Bhubaneswar,Locality_400,Unit 6
Bhubaneswar,Locality_401,Saheed Nagar
Bhubaneswar,Locality_402,Nayapalli
Bhubaneswar,Locality_403,Patia
Bhubaneswar,Locality_404,Chandrasekharpur
Bhubaneswar,Locality_405,Khandagiri
Bhubaneswar,Locality_406,Jagamara
Bhubaneswar,Locality_407,Jaydev Vihar
Bhubaneswar,Locality_408,Baramunda
Bhubaneswar,Locality_409,Old Town
Bhubaneswar,Locality_410,Sahid Nagar
Bhubaneswar,Locality_411,Rasulgarh
Bhubaneswar,Locality_412,Mancheswar
Bhubaneswar,Locality_413,Bomikhal
Bhubaneswar,Locality_414,Tamando
Bhubaneswar,Locality_415,Dumduma
Bhubaneswar,Locality_416,Ghatikia
Bhubaneswar,Locality_417,Sundarpada
Bhubaneswar,Locality_418,Pokhariput
Bhubaneswar,Locality_419,Acharya Vihar
Bhubaneswar,Locality_420,IRC Village
Bhubaneswar,Locality_421,Niladri Vihar
Bhubaneswar,Locality_422,Raghunathpur
Bhubaneswar,Locality_423,Maitri Vihar
Bhubaneswar,Locality_424,Unit 4
Bhubaneswar,Locality_425,Unit 6
Bhubaneswar,Locality_426,Saheed Nagar
Bhubaneswar,Locality_427,Nayapalli
Bhubaneswar,Locality_428,Patia
Bhubaneswar,Locality_429,Chandrasekharpur
Bhubaneswar,Locality_430,Khandagiri
Bhubaneswar,Locality_431,Jagamara
Bhubaneswar,Locality_432,Jaydev Vihar
Bhubaneswar,Locality_433,Baramunda
Bhubaneswar,Locality_434,Old Town
Bhubaneswar,Locality_435,Sahid Nagar
Bhubaneswar,Locality_436,Rasulgarh
Bhubaneswar,Locality_437,Mancheswar
Bhubaneswar,Locality_438,Bomikhal
Bhubaneswar,Locality_439,Tamando
Bhubaneswar,Locality_440,Dumduma
Bhubaneswar,Locality_441,Ghatikia
Bhubaneswar,Locality_442,Sundarpada
Bhubaneswar,Locality_443,Pokhariput
Bhubaneswar,Locality_444,Acharya Vihar
Bhubaneswar,Locality_445,IRC Village
Bhubaneswar,Locality_446,Niladri Vihar
Bhubaneswar,Locality_447,Raghunathpur
Bhubaneswar,Locality_448,Maitri Vihar
Bhubaneswar,Locality_449,Unit 4
Bhubaneswar,Locality_450,Unit 6
Bhubaneswar,Locality_451,Saheed Nagar
Bhubaneswar,Locality_452,Nayapalli
Bhubaneswar,Locality_453,Patia
Bhubaneswar,Locality_454,Chandrasekharpur
Bhubaneswar,Locality_455,Khandagiri
Bhubaneswar,Locality_456,Jagamara
Bhubaneswar,Locality_457,Jaydev Vihar
Bhubaneswar,Locality_458,Baramunda
Bhubaneswar,Locality_459,Old Town
Bhubaneswar,Locality_460,Sahid Nagar
Bhubaneswar,Locality_461,Rasulgarh
Bhubaneswar,Locality_462,Mancheswar
Bhubaneswar,Locality_463,Bomikhal
Bhubaneswar,Locality_464,Tamando
Bhubaneswar,Locality_465,Dumduma
Bhubaneswar,Locality_466,Ghatikia
Bhubaneswar,Locality_467,Sundarpada
Bhubaneswar,Locality_468,Pokhariput
Bhubaneswar,Locality_469,Acharya Vihar
Bhubaneswar,Locality_470,IRC Village
Bhubaneswar,Locality_471,Niladri Vihar
Bhubaneswar,Locality_472,Raghunathpur
Bhubaneswar,Locality_473,Maitri Vihar
Bhubaneswar,Locality_474,Unit 4
Bhubaneswar,Locality_475,Unit 6
Bhubaneswar,Locality_476,Saheed Nagar
Bhubaneswar,Locality_477,Nayapalli
Bhubaneswar,Locality_478,Patia
Bhubaneswar,Locality_479,Chandrasekharpur
Bhubaneswar,Locality_480,Khandagiri
Bhubaneswar,Locality_481,Jagamara
Bhubaneswar,Locality_482,Jaydev Vihar
Bhubaneswar,Locality_483,Baramunda
Bhubaneswar,Locality_484,Old Town
Bhubaneswar,Locality_485,Sahid Nagar
Bhubaneswar,Locality_486,Rasulgarh
Bhubaneswar,Locality_487,Mancheswar
Bhubaneswar,Locality_488,Bomikhal
Bhubaneswar,Locality_489,Tamando
Bhubaneswar,Locality_490,Dumduma
Bhubaneswar,Locality_491,Ghatikia
Bhubaneswar,Locality_492,Sundarpada
Bhubaneswar,Locality_493,Pokhariput
Bhubaneswar,Locality_494,Acharya Vihar
Bhubaneswar,Locality_495,IRC Village
Bhubaneswar,Locality_496,Niladri Vihar
Bhubaneswar,Locality_497,Raghunathpur
Bhubaneswar,Locality_498,Maitri Vihar
Bhubaneswar,Locality_499,Unit 4
Bhubaneswar,Locality_500,Unit 6
Bilaspur,Locality_1,Sarkanda
Bilaspur,Locality_2,Mangla
Bilaspur,Locality_3,Telipara
Bilaspur,Locality_4,Vyapar Vihar
Bilaspur,Locality_5,Rajkishore Nagar
Bilaspur,Locality_6,Nehru Nagar
Bilaspur,Locality_7,Gaurav Path
Bilaspur,Locality_8,Torwa
Bilaspur,Locality_9,Dayalband
Bilaspur,Locality_10,Link Road
Bilaspur,Locality_11,Jarhabhata
Bilaspur,Locality_12,Koni
Bilaspur,Locality_13,Seepat Road
Bilaspur,Locality_14,Tikrapara
Bilaspur,Locality_15,Mopka
Bilaspur,Locality_16,Vinoba Nagar
Bilaspur,Locality_17,Priyadarshini Nagar
Bilaspur,Locality_18,Shanti Nagar
Bilaspur,Locality_19,Rajendra Nagar
Bilaspur,Locality_20,Civil Lines
Bilaspur,Locality_21,Gol Bazar
Bilaspur,Locality_22,Budhwari Bazar
Bilaspur,Locality_23,Yadunandan Nagar
Bilaspur,Locality_24,Chingrajpara
Bilaspur,Locality_25,Lingiyadih
Bilaspur,Locality_26,Sarkanda
Bilaspur,Locality_27,Mangla
Bilaspur,Locality_28,Telipara
Bilaspur,Locality_29,Vyapar Vihar
Bilaspur,Locality_30,Rajkishore Nagar
Bilaspur,Locality_31,Nehru Nagar
Bilaspur,Locality_32,Gaurav Path
Bilaspur,Locality_33,Torwa
Bilaspur,Locality_34,Dayalband
Bilaspur,Locality_35,Link Road
Bilaspur,Locality_36,Jarhabhata
Bilaspur,Locality_37,Koni
Bilaspur,Locality_38,Seepat Road
Bilaspur,Locality_39,Tikrapara
Bilaspur,Locality_40,Mopka
Bilaspur,Locality_41,Vinoba Nagar
Bilaspur,Locality_42,Priyadarshini Nagar
Bilaspur,Locality_43,Shanti Nagar
Bilaspur,Locality_44,Rajendra Nagar
Bilaspur,Locality_45,Civil Lines
Bilaspur,Locality_46,Gol Bazar
Bilaspur,Locality_47,Budhwari Bazar
Bilaspur,Locality_48,Yadunandan Nagar
Bilaspur,Locality_49,Chingrajpara
Bilaspur,Locality_50,Lingiyadih
Bilaspur,Locality_51,Sarkanda
Bilaspur,Locality_52,Mangla
Bilaspur,Locality_53,Telipara
Bilaspur,Locality_54,Vyapar Vihar
Bilaspur,Locality_55,Rajkishore Nagar
Bilaspur,Locality_56,Nehru Nagar
Bilaspur,Locality_57,Gaurav Path
Bilaspur,Locality_58,Torwa
Bilaspur,Locality_59,Dayalband
Bilaspur,Locality_60,Link Road
Bilaspur,Locality_61,Jarhabhata
Bilaspur,Locality_62,Koni
Bilaspur,Locality_63,Seepat Road
Bilaspur,Locality_64,Tikrapara
Bilaspur,Locality_65,Mopka
Bilaspur,Locality_66,Vinoba Nagar
Bilaspur,Locality_67,Priyadarshini Nagar
Bilaspur,Locality_68,Shanti Nagar
Bilaspur,Locality_69,Rajendra Nagar
Bilaspur,Locality_70,Civil Lines
Bilaspur,Locality_71,Gol Bazar
Bilaspur,Locality_72,Budhwari Bazar
Bilaspur,Locality_73,Yadunandan Nagar
Bilaspur,Locality_74,Chingrajpara
Bilaspur,Locality_75,Lingiyadih
Bilaspur,Locality_76,Sarkanda
Bilaspur,Locality_77,Mangla
Bilaspur,Locality_78,Telipara
Bilaspur,Locality_79,Vyapar Vihar
Bilaspur,Locality_80,Rajkishore Nagar
Bilaspur,Locality_81,Nehru Nagar
Bilaspur,Locality_82,Gaurav Path
Bilaspur,Locality_83,Torwa
Bilaspur,Locality_84,Dayalband
Bilaspur,Locality_85,Link Road
Bilaspur,Locality_86,Jarhabhata
Bilaspur,Locality_87,Koni
Bilaspur,Locality_88,Seepat Road
Bilaspur,Locality_89,Tikrapara
Bilaspur,Locality_90,Mopka
Bilaspur,Locality_91,Vinoba Nagar
Bilaspur,Locality_92,Priyadarshini Nagar
Bilaspur,Locality_93,Shanti Nagar
Bilaspur,Locality_94,Rajendra Nagar
Bilaspur,Locality_95,Civil Lines
Bilaspur,Locality_96,Gol Bazar
Bilaspur,Locality_97,Budhwari Bazar
Bilaspur,Locality_98,Yadunandan Nagar
Bilaspur,Locality_99,Chingrajpara
Bilaspur,Locality_100,Lingiyadih
Bilaspur,Locality_101,Sarkanda
Bilaspur,Locality_102,Mangla
Bilaspur,Locality_103,Telipara
Bilaspur,Locality_104,Vyapar Vihar
Bilaspur,Locality_105,Rajkishore Nagar
Bilaspur,Locality_106,Nehru Nagar
Bilaspur,Locality_107,Gaurav Path
Bilaspur,Locality_108,Torwa
Bilaspur,Locality_109,Dayalband
Bilaspur,Locality_110,Link Road
Bilaspur,Locality_111,Jarhabhata
Bilaspur,Locality_112,Koni
Bilaspur,Locality_113,Seepat Road
Bilaspur,Locality_114,Tikrapara
Bilaspur,Locality_115,Mopka
Bilaspur,Locality_116,Vinoba Nagar
Bilaspur,Locality_117,Priyadarshini Nagar
Bilaspur,Locality_118,Shanti Nagar
Bilaspur,Locality_119,Rajendra Nagar
Bilaspur,Locality_120,Civil Lines
Bilaspur,Locality_121,Gol Bazar
Bilaspur,Locality_122,Budhwari Bazar
Bilaspur,Locality_123,Yadunandan Nagar
Bilaspur,Locality_124,Chingrajpara
Bilaspur,Locality_125,Lingiyadih
Bilaspur,Locality_126,Sarkanda
Bilaspur,Locality_127,Mangla
Bilaspur,Locality_128,Telipara
Bilaspur,Locality_129,Vyapar Vihar
Bilaspur,Locality_130,Rajkishore Nagar
Bilaspur,Locality_131,Nehru Nagar
Bilaspur,Locality_132,Gaurav Path
Bilaspur,Locality_133,Torwa
Bilaspur,Locality_134,Dayalband
Bilaspur,Locality_135,Link Road
Bilaspur,Locality_136,Jarhabhata
Bilaspur,Locality_137,Koni
Bilaspur,Locality_138,Seepat Road
Bilaspur,Locality_139,Tikrapara
Bilaspur,Locality_140,Mopka
Bilaspur,Locality_141,Vinoba Nagar
Bilaspur,Locality_142,Priyadarshini Nagar
Bilaspur,Locality_143,Shanti Nagar
Bilaspur,Locality_144,Rajendra Nagar
Bilaspur,Locality_145,Civil Lines
Bilaspur,Locality_146,Gol Bazar
Bilaspur,Locality_147,Budhwari Bazar
Bilaspur,Locality_148,Yadunandan Nagar
Bilaspur,Locality_149,Chingrajpara
Bilaspur,Locality_150,Lingiyadih
Bilaspur,Locality_151,Sarkanda
Bilaspur,Locality_152,Mangla
Bilaspur,Locality_153,Telipara
Bilaspur,Locality_154,Vyapar Vihar
Bilaspur,Locality_155,Rajkishore Nagar
Bilaspur,Locality_156,Nehru Nagar
Bilaspur,Locality_157,Gaurav Path
Bilaspur,Locality_158,Torwa
Bilaspur,Locality_159,Dayalband
Bilaspur,Locality_160,Link Road
Bilaspur,Locality_161,Jarhabhata
Bilaspur,Locality_162,Koni
Bilaspur,Locality_163,Seepat Road
Bilaspur,Locality_164,Tikrapara
Bilaspur,Locality_165,Mopka
Bilaspur,Locality_166,Vinoba Nagar
Bilaspur,Locality_167,Priyadarshini Nagar
Bilaspur,Locality_168,Shanti Nagar
Bilaspur,Locality_169,Rajendra Nagar
Bilaspur,Locality_170,Civil Lines
Bilaspur,Locality_171,Gol Bazar
Bilaspur,Locality_172,Budhwari Bazar
Bilaspur,Locality_173,Yadunandan Nagar
Bilaspur,Locality_174,Chingrajpara
Bilaspur,Locality_175,Lingiyadih
Bilaspur,Locality_176,Sarkanda
Bilaspur,Locality_177,Mangla
Bilaspur,Locality_178,Telipara
Bilaspur,Locality_179,Vyapar Vihar
Bilaspur,Locality_180,Rajkishore Nagar
Bilaspur,Locality_181,Nehru Nagar
Bilaspur,Locality_182,Gaurav Path
Bilaspur,Locality_183,Torwa
Bilaspur,Locality_184,Dayalband
Bilaspur,Locality_185,Link Road
Bilaspur,Locality_186,Jarhabhata
Bilaspur,Locality_187,Koni
Bilaspur,Locality_188,Seepat Road
Bilaspur,Locality_189,Tikrapara
Bilaspur,Locality_190,Mopka
Bilaspur,Locality_191,Vinoba Nagar
Bilaspur,Locality_192,Priyadarshini Nagar
Bilaspur,Locality_193,Shanti Nagar
Bilaspur,Locality_194,Rajendra Nagar
Bilaspur,Locality_195,Civil Lines
Bilaspur,Locality_196,Gol Bazar
Bilaspur,Locality_197,Budhwari Bazar
Bilaspur,Locality_198,Yadunandan Nagar
Bilaspur,Locality_199,Chingrajpara
Bilaspur,Locality_200,Lingiyadih
Bilaspur,Locality_201,Sarkanda
Bilaspur,Locality_202,Mangla
Bilaspur,Locality_203,Telipara
Bilaspur,Locality_204,Vyapar Vihar
Bilaspur,Locality_205,Rajkishore Nagar
Bilaspur,Locality_206,Nehru Nagar
Bilaspur,Locality_207,Gaurav Path
Bilaspur,Locality_208,Torwa
Bilaspur,Locality_209,Dayalband
Bilaspur,Locality_210,Link Road
Bilaspur,Locality_211,Jarhabhata
Bilaspur,Locality_212,Koni
Bilaspur,Locality_213,Seepat Road
Bilaspur,Locality_214,Tikrapara
Bilaspur,Locality_215,Mopka
Bilaspur,Locality_216,Vinoba Nagar
Bilaspur,Locality_217,Priyadarshini Nagar
Bilaspur,Locality_218,Shanti Nagar
Bilaspur,Locality_219,Rajendra Nagar
Bilaspur,Locality_220,Civil Lines
Bilaspur,Locality_221,Gol Bazar
Bilaspur,Locality_222,Budhwari Bazar
Bilaspur,Locality_223,Yadunandan Nagar
Bilaspur,Locality_224,Chingrajpara
Bilaspur,Locality_225,Lingiyadih
Bilaspur,Locality_226,Sarkanda
Bilaspur,Locality_227,Mangla
Bilaspur,Locality_228,Telipara
Bilaspur,Locality_229,Vyapar Vihar
Bilaspur,Locality_230,Rajkishore Nagar
Bilaspur,Locality_231,Nehru Nagar
Bilaspur,Locality_232,Gaurav Path
Bilaspur,Locality_233,Torwa
Bilaspur,Locality_234,Dayalband
Bilaspur,Locality_235,Link Road
Bilaspur,Locality_236,Jarhabhata
Bilaspur,Locality_237,Koni
Bilaspur,Locality_238,Seepat Road
Bilaspur,Locality_239,Tikrapara
Bilaspur,Locality_240,Mopka
Bilaspur,Locality_241,Vinoba Nagar
Bilaspur,Locality_242,Priyadarshini Nagar
Bilaspur,Locality_243,Shanti Nagar
Bilaspur,Locality_244,Rajendra Nagar
Bilaspur,Locality_245,Civil Lines
Bilaspur,Locality_246,Gol Bazar
Bilaspur,Locality_247,Budhwari Bazar
Bilaspur,Locality_248,Yadunandan Nagar
Bilaspur,Locality_249,Chingrajpara
Bilaspur,Locality_250,Lingiyadih
Bilaspur,Locality_251,Sarkanda
Bilaspur,Locality_252,Mangla
Bilaspur,Locality_253,Telipara
Bilaspur,Locality_254,Vyapar Vihar
Bilaspur,Locality_255,Rajkishore Nagar
Bilaspur,Locality_256,Nehru Nagar
Bilaspur,Locality_257,Gaurav Path
Bilaspur,Locality_258,Torwa
Bilaspur,Locality_259,Dayalband
Bilaspur,Locality_260,Link Road
Bilaspur,Locality_261,Jarhabhata
Bilaspur,Locality_262,Koni
Bilaspur,Locality_263,Seepat Road
Bilaspur,Locality_264,Tikrapara
Bilaspur,Locality_265,Mopka
Bilaspur,Locality_266,Vinoba Nagar
Bilaspur,Locality_267,Priyadarshini Nagar
Bilaspur,Locality_268,Shanti Nagar
Bilaspur,Locality_269,Rajendra Nagar
Bilaspur,Locality_270,Civil Lines
Bilaspur,Locality_271,Gol Bazar
Bilaspur,Locality_272,Budhwari Bazar
Bilaspur,Locality_273,Yadunandan Nagar
Bilaspur,Locality_274,Chingrajpara
Bilaspur,Locality_275,Lingiyadih
Bilaspur,Locality_276,Sarkanda
Bilaspur,Locality_277,Mangla
Bilaspur,Locality_278,Telipara
Bilaspur,Locality_279,Vyapar Vihar
Bilaspur,Locality_280,Rajkishore Nagar
Bilaspur,Locality_281,Nehru Nagar
Bilaspur,Locality_282,Gaurav Path
Bilaspur,Locality_283,Torwa
Bilaspur,Locality_284,Dayalband
Bilaspur,Locality_285,Link Road
Bilaspur,Locality_286,Jarhabhata
Bilaspur,Locality_287,Koni
Bilaspur,Locality_288,Seepat Road
Bilaspur,Locality_289,Tikrapara
Bilaspur,Locality_290,Mopka
Bilaspur,Locality_291,Vinoba Nagar
Bilaspur,Locality_292,Priyadarshini Nagar
Bilaspur,Locality_293,Shanti Nagar
Bilaspur,Locality_294,Rajendra Nagar
Bilaspur,Locality_295,Civil Lines
Bilaspur,Locality_296,Gol Bazar
Bilaspur,Locality_297,Budhwari Bazar
Bilaspur,Locality_298,Yadunandan Nagar
Bilaspur,Locality_299,Chingrajpara
Bilaspur,Locality_300,Lingiyadih
Bilaspur,Locality_301,Sarkanda
Bilaspur,Locality_302,Mangla
Bilaspur,Locality_303,Telipara
Bilaspur,Locality_304,Vyapar Vihar
Bilaspur,Locality_305,Rajkishore Nagar
Bilaspur,Locality_306,Nehru Nagar
Bilaspur,Locality_307,Gaurav Path
Bilaspur,Locality_308,Torwa
Bilaspur,Locality_309,Dayalband
Bilaspur,Locality_310,Link Road
Bilaspur,Locality_311,Jarhabhata
Bilaspur,Locality_312,Koni
Bilaspur,Locality_313,Seepat Road
Bilaspur,Locality_314,Tikrapara
Bilaspur,Locality_315,Mopka
Bilaspur,Locality_316,Vinoba Nagar
Bilaspur,Locality_317,Priyadarshini Nagar
Bilaspur,Locality_318,Shanti Nagar
Bilaspur,Locality_319,Rajendra Nagar
Bilaspur,Locality_320,Civil Lines
Bilaspur,Locality_321,Gol Bazar
Bilaspur,Locality_322,Budhwari Bazar
Bilaspur,Locality_323,Yadunandan Nagar
Bilaspur,Locality_324,Chingrajpara
Bilaspur,Locality_325,Lingiyadih
Bilaspur,Locality_326,Sarkanda
Bilaspur,Locality_327,Mangla
Bilaspur,Locality_328,Telipara
Bilaspur,Locality_329,Vyapar Vihar
Bilaspur,Locality_330,Rajkishore Nagar
Bilaspur,Locality_331,Nehru Nagar
Bilaspur,Locality_332,Gaurav Path
Bilaspur,Locality_333,Torwa
Bilaspur,Locality_334,Dayalband
Bilaspur,Locality_335,Link Road
Bilaspur,Locality_336,Jarhabhata
Bilaspur,Locality_337,Koni
Bilaspur,Locality_338,Seepat Road
Bilaspur,Locality_339,Tikrapara
Bilaspur,Locality_340,Mopka
Bilaspur,Locality_341,Vinoba Nagar
Bilaspur,Locality_342,Priyadarshini Nagar
Bilaspur,Locality_343,Shanti Nagar
Bilaspur,Locality_344,Rajendra Nagar
Bilaspur,Locality_345,Civil Lines
Bilaspur,Locality_346,Gol Bazar
Bilaspur,Locality_347,Budhwari Bazar
Bilaspur,Locality_348,Yadunandan Nagar
Bilaspur,Locality_349,Chingrajpara
Bilaspur,Locality_350,Lingiyadih
Bilaspur,Locality_351,Sarkanda
Bilaspur,Locality_352,Mangla
Bilaspur,Locality_353,Telipara
Bilaspur,Locality_354,Vyapar Vihar
Bilaspur,Locality_355,Rajkishore Nagar
Bilaspur,Locality_356,Nehru Nagar
Bilaspur,Locality_357,Gaurav Path
Bilaspur,Locality_358,Torwa
Bilaspur,Locality_359,Dayalband
Bilaspur,Locality_360,Link Road
Bilaspur,Locality_361,Jarhabhata
Bilaspur,Locality_362,Koni
Bilaspur,Locality_363,Seepat Road
Bilaspur,Locality_364,Tikrapara
Bilaspur,Locality_365,Mopka
Bilaspur,Locality_366,Vinoba Nagar
Bilaspur,Locality_367,Priyadarshini Nagar
Bilaspur,Locality_368,Shanti Nagar
Bilaspur,Locality_369,Rajendra Nagar
Bilaspur,Locality_370,Civil Lines
Bilaspur,Locality_371,Gol Bazar
Bilaspur,Locality_372,Budhwari Bazar
Bilaspur,Locality_373,Yadunandan Nagar
Bilaspur,Locality_374,Chingrajpara
Bilaspur,Locality_375,Lingiyadih
Bilaspur,Locality_376,Sarkanda
Bilaspur,Locality_377,Mangla
Bilaspur,Locality_378,Telipara
Bilaspur,Locality_379,Vyapar Vihar
Bilaspur,Locality_380,Rajkishore Nagar
Bilaspur,Locality_381,Nehru Nagar
Bilaspur,Locality_382,Gaurav Path
Bilaspur,Locality_383,Torwa
Bilaspur,Locality_384,Dayalband
Bilaspur,Locality_385,Link Road
Bilaspur,Locality_386,Jarhabhata
Bilaspur,Locality_387,Koni
Bilaspur,Locality_388,Seepat Road
Bilaspur,Locality_389,Tikrapara
Bilaspur,Locality_390,Mopka
Bilaspur,Locality_391,Vinoba Nagar
Bilaspur,Locality_392,Priyadarshini Nagar
Bilaspur,Locality_393,Shanti Nagar
Bilaspur,Locality_394,Rajendra Nagar
Bilaspur,Locality_395,Civil Lines
Bilaspur,Locality_396,Gol Bazar
Bilaspur,Locality_397,Budhwari Bazar
Bilaspur,Locality_398,Yadunandan Nagar
Bilaspur,Locality_399,Chingrajpara
Bilaspur,Locality_400,Lingiyadih
Bilaspur,Locality_401,Sarkanda
Bilaspur,Locality_402,Mangla
Bilaspur,Locality_403,Telipara
Bilaspur,Locality_404,Vyapar Vihar
Bilaspur,Locality_405,Rajkishore Nagar
Bilaspur,Locality_406,Nehru Nagar
Bilaspur,Locality_407,Gaurav Path
Bilaspur,Locality_408,Torwa
Bilaspur,Locality_409,Dayalband
Bilaspur,Locality_410,Link Road
Bilaspur,Locality_411,Jarhabhata
Bilaspur,Locality_412,Koni
Bilaspur,Locality_413,Seepat Road
Bilaspur,Locality_414,Tikrapara
Bilaspur,Locality_415,Mopka
Bilaspur,Locality_416,Vinoba Nagar
Bilaspur,Locality_417,Priyadarshini Nagar
Bilaspur,Locality_418,Shanti Nagar
Bilaspur,Locality_419,Rajendra Nagar
Bilaspur,Locality_420,Civil Lines
Bilaspur,Locality_421,Gol Bazar
Bilaspur,Locality_422,Budhwari Bazar
Bilaspur,Locality_423,Yadunandan Nagar
Bilaspur,Locality_424,Chingrajpara
Bilaspur,Locality_425,Lingiyadih
Bilaspur,Locality_426,Sarkanda
Bilaspur,Locality_427,Mangla
Bilaspur,Locality_428,Telipara
Bilaspur,Locality_429,Vyapar Vihar
Bilaspur,Locality_430,Rajkishore Nagar
Bilaspur,Locality_431,Nehru Nagar
Bilaspur,Locality_432,Gaurav Path
Bilaspur,Locality_433,Torwa
Bilaspur,Locality_434,Dayalband
Bilaspur,Locality_435,Link Road
Bilaspur,Locality_436,Jarhabhata
Bilaspur,Locality_437,Koni
Bilaspur,Locality_438,Seepat Road
Bilaspur,Locality_439,Tikrapara
Bilaspur,Locality_440,Mopka
Bilaspur,Locality_441,Vinoba Nagar
Bilaspur,Locality_442,Priyadarshini Nagar
Bilaspur,Locality_443,Shanti Nagar
Bilaspur,Locality_444,Rajendra Nagar
Bilaspur,Locality_445,Civil Lines
Bilaspur,Locality_446,Gol Bazar
Bilaspur,Locality_447,Budhwari Bazar
Bilaspur,Locality_448,Yadunandan Nagar
Bilaspur,Locality_449,Chingrajpara
Bilaspur,Locality_450,Lingiyadih
Bilaspur,Locality_451,Sarkanda
Bilaspur,Locality_452,Mangla
Bilaspur,Locality_453,Telipara
Bilaspur,Locality_454,Vyapar Vihar
Bilaspur,Locality_455,Rajkishore Nagar
Bilaspur,Locality_456,Nehru Nagar
Bilaspur,Locality_457,Gaurav Path
Bilaspur,Locality_458,Torwa
Bilaspur,Locality_459,Dayalband
Bilaspur,Locality_460,Link Road
Bilaspur,Locality_461,Jarhabhata
Bilaspur,Locality_462,Koni
Bilaspur,Locality_463,Seepat Road
Bilaspur,Locality_464,Tikrapara
Bilaspur,Locality_465,Mopka
Bilaspur,Locality_466,Vinoba Nagar
Bilaspur,Locality_467,Priyadarshini Nagar
Bilaspur,Locality_468,Shanti Nagar
Bilaspur,Locality_469,Rajendra Nagar
Bilaspur,Locality_470,Civil Lines
Bilaspur,Locality_471,Gol Bazar
Bilaspur,Locality_472,Budhwari Bazar
Bilaspur,Locality_473,Yadunandan Nagar
Bilaspur,Locality_474,Chingrajpara
Bilaspur,Locality_475,Lingiyadih
Bilaspur,Locality_476,Sarkanda
Bilaspur,Locality_477,Mangla
Bilaspur,Locality_478,Telipara
Bilaspur,Locality_479,Vyapar Vihar
Bilaspur,Locality_480,Rajkishore Nagar
Bilaspur,Locality_481,Nehru Nagar
Bilaspur,Locality_482,Gaurav Path
Bilaspur,Locality_483,Torwa
Bilaspur,Locality_484,Dayalband
Bilaspur,Locality_485,Link Road
Bilaspur,Locality_486,Jarhabhata
Bilaspur,Locality_487,Koni
Bilaspur,Locality_488,Seepat Road
Bilaspur,Locality_489,Tikrapara
Bilaspur,Locality_490,Mopka
Bilaspur,Locality_491,Vinoba Nagar
Bilaspur,Locality_492,Priyadarshini Nagar
Bilaspur,Locality_493,Shanti Nagar
Bilaspur,Locality_494,Rajendra Nagar
Bilaspur,Locality_495,Civil Lines
Bilaspur,Locality_496,Gol Bazar
Bilaspur,Locality_497,Budhwari Bazar
Bilaspur,Locality_498,Yadunandan Nagar
Bilaspur,Locality_499,Chingrajpara
Bilaspur,Locality_500,Lingiyadih
Chennai,Locality_1,Adyar
Chennai,Locality_2,Anna Nagar
Chennai,Locality_3,T Nagar
Chennai,Locality_4,Velachery
Chennai,Locality_5,Besant Nagar
Chennai,Locality_6,Mylapore
Chennai,Locality_7,Nungambakkam
Chennai,Locality_8,Guindy
Chennai,Locality_9,Porur
Chennai,Locality_10,Tambaram
Chennai,Locality_11,Sholinganallur
Chennai,Locality_12,OMR
Chennai,Locality_13,Perungudi
Chennai,Locality_14,Thoraipakkam
Chennai,Locality_15,Pallikaranai
Chennai,Locality_16,Kodambakkam
Chennai,Locality_17,Alwarpet
Chennai,Locality_18,Kilpauk
Chennai,Locality_19,Egmore
Chennai,Locality_20,Royapettah
Chennai,Locality_21,Chromepet
Chennai,Locality_22,Ambattur
Chennai,Locality_23,Mogappair
Chennai,Locality_24,Medavakkam
Chennai,Locality_25,Pallavaram
Chennai,Locality_26,Adyar
Chennai,Locality_27,Anna Nagar
Chennai,Locality_28,T Nagar
Chennai,Locality_29,Velachery
Chennai,Locality_30,Besant Nagar
Chennai,Locality_31,Mylapore
Chennai,Locality_32,Nungambakkam
Chennai,Locality_33,Guindy
Chennai,Locality_34,Porur
Chennai,Locality_35,Tambaram
Chennai,Locality_36,Sholinganallur
Chennai,Locality_37,OMR
Chennai,Locality_38,Perungudi
Chennai,Locality_39,Thoraipakkam
Chennai,Locality_40,Pallikaranai
Chennai,Locality_41,Kodambakkam
Chennai,Locality_42,Alwarpet
Chennai,Locality_43,Kilpauk
Chennai,Locality_44,Egmore
Chennai,Locality_45,Royapettah
Chennai,Locality_46,Chromepet
Chennai,Locality_47,Ambattur
Chennai,Locality_48,Mogappair
Chennai,Locality_49,Medavakkam
Chennai,Locality_50,Pallavaram
Chennai,Locality_51,Adyar
Chennai,Locality_52,Anna Nagar
Chennai,Locality_53,T Nagar
Chennai,Locality_54,Velachery
Chennai,Locality_55,Besant Nagar
Chennai,Locality_56,Mylapore
Chennai,Locality_57,Nungambakkam
Chennai,Locality_58,Guindy
Chennai,Locality_59,Porur
Chennai,Locality_60,Tambaram
Chennai,Locality_61,Sholinganallur
Chennai,Locality_62,OMR
Chennai,Locality_63,Perungudi
Chennai,Locality_64,Thoraipakkam
Chennai,Locality_65,Pallikaranai
Chennai,Locality_66,Kodambakkam
Chennai,Locality_67,Alwarpet
Chennai,Locality_68,Kilpauk
Chennai,Locality_69,Egmore
Chennai,Locality_70,Royapettah
Chennai,Locality_71,Chromepet
Chennai,Locality_72,Ambattur
Chennai,Locality_73,Mogappair
Chennai,Locality_74,Medavakkam
Chennai,Locality_75,Pallavaram
Chennai,Locality_76,Adyar
Chennai,Locality_77,Anna Nagar
Chennai,Locality_78,T Nagar
Chennai,Locality_79,Velachery
Chennai,Locality_80,Besant Nagar
Chennai,Locality_81,Mylapore
Chennai,Locality_82,Nungambakkam
Chennai,Locality_83,Guindy
Chennai,Locality_84,Porur
Chennai,Locality_85,Tambaram
Chennai,Locality_86,Sholinganallur
Chennai,Locality_87,OMR
Chennai,Locality_88,Perungudi
Chennai,Locality_89,Thoraipakkam
Chennai,Locality_90,Pallikaranai
Chennai,Locality_91,Kodambakkam
Chennai,Locality_92,Alwarpet
Chennai,Locality_93,Kilpauk
Chennai,Locality_94,Egmore
Chennai,Locality_95,Royapettah
Chennai,Locality_96,Chromepet
Chennai,Locality_97,Ambattur
Chennai,Locality_98,Mogappair
Chennai,Locality_99,Medavakkam
Chennai,Locality_100,Pallavaram
Chennai,Locality_101,Adyar
Chennai,Locality_102,Anna Nagar
Chennai,Locality_103,T Nagar
Chennai,Locality_104,Velachery
Chennai,Locality_105,Besant Nagar
Chennai,Locality_106,Mylapore
Chennai,Locality_107,Nungambakkam
Chennai,Locality_108,Guindy
Chennai,Locality_109,Porur
Chennai,Locality_110,Tambaram
Chennai,Locality_111,Sholinganallur
Chennai,Locality_112,OMR
Chennai,Locality_113,Perungudi
Chennai,Locality_114,Thoraipakkam
Chennai,Locality_115,Pallikaranai
Chennai,Locality_116,Kodambakkam
Chennai,Locality_117,Alwarpet
Chennai,Locality_118,Kilpauk
Chennai,Locality_119,Egmore
Chennai,Locality_120,Royapettah
Chennai,Locality_121,Chromepet
Chennai,Locality_122,Ambattur
Chennai,Locality_123,Mogappair
Chennai,Locality_124,Medavakkam
Chennai,Locality_125,Pallavaram
Chennai,Locality_126,Adyar
Chennai,Locality_127,Anna Nagar
Chennai,Locality_128,T Nagar
Chennai,Locality_129,Velachery
Chennai,Locality_130,Besant Nagar
Chennai,Locality_131,Mylapore
Chennai,Locality_132,Nungambakkam
Chennai,Locality_133,Guindy
Chennai,Locality_134,Porur
Chennai,Locality_135,Tambaram
Chennai,Locality_136,Sholinganallur
Chennai,Locality_137,OMR
Chennai,Locality_138,Perungudi
Chennai,Locality_139,Thoraipakkam
Chennai,Locality_140,Pallikaranai
Chennai,Locality_141,Kodambakkam
Chennai,Locality_142,Alwarpet
Chennai,Locality_143,Kilpauk
Chennai,Locality_144,Egmore
Chennai,Locality_145,Royapettah
Chennai,Locality_146,Chromepet
Chennai,Locality_147,Ambattur
Chennai,Locality_148,Mogappair
Chennai,Locality_149,Medavakkam
Chennai,Locality_150,Pallavaram
Chennai,Locality_151,Adyar
Chennai,Locality_152,Anna Nagar
Chennai,Locality_153,T Nagar
Chennai,Locality_154,Velachery
Chennai,Locality_155,Besant Nagar
Chennai,Locality_156,Mylapore
Chennai,Locality_157,Nungambakkam
Chennai,Locality_158,Guindy
Chennai,Locality_159,Porur
Chennai,Locality_160,Tambaram
Chennai,Locality_161,Sholinganallur
Chennai,Locality_162,OMR
Chennai,Locality_163,Perungudi
Chennai,Locality_164,Thoraipakkam
Chennai,Locality_165,Pallikaranai
Chennai,Locality_166,Kodambakkam
Chennai,Locality_167,Alwarpet
Chennai,Locality_168,Kilpauk
Chennai,Locality_169,Egmore
Chennai,Locality_170,Royapettah
Chennai,Locality_171,Chromepet
Chennai,Locality_172,Ambattur
Chennai,Locality_173,Mogappair
Chennai,Locality_174,Medavakkam
Chennai,Locality_175,Pallavaram
Chennai,Locality_176,Adyar
Chennai,Locality_177,Anna Nagar
Chennai,Locality_178,T Nagar
Chennai,Locality_179,Velachery
Chennai,Locality_180,Besant Nagar
Chennai,Locality_181,Mylapore
Chennai,Locality_182,Nungambakkam
Chennai,Locality_183,Guindy
Chennai,Locality_184,Porur
Chennai,Locality_185,Tambaram
Chennai,Locality_186,Sholinganallur
Chennai,Locality_187,OMR
Chennai,Locality_188,Perungudi
Chennai,Locality_189,Thoraipakkam
Chennai,Locality_190,Pallikaranai
Chennai,Locality_191,Kodambakkam
Chennai,Locality_192,Alwarpet
Chennai,Locality_193,Kilpauk
Chennai,Locality_194,Egmore
Chennai,Locality_195,Royapettah
Chennai,Locality_196,Chromepet
Chennai,Locality_197,Ambattur
Chennai,Locality_198,Mogappair
Chennai,Locality_199,Medavakkam
Chennai,Locality_200,Pallavaram
Chennai,Locality_201,Adyar
Chennai,Locality_202,Anna Nagar
Chennai,Locality_203,T Nagar
Chennai,Locality_204,Velachery
Chennai,Locality_205,Besant Nagar
Chennai,Locality_206,Mylapore
Chennai,Locality_207,Nungambakkam
Chennai,Locality_208,Guindy
Chennai,Locality_209,Porur
Chennai,Locality_210,Tambaram
Chennai,Locality_211,Sholinganallur
Chennai,Locality_212,OMR
Chennai,Locality_213,Perungudi
Chennai,Locality_214,Thoraipakkam
Chennai,Locality_215,Pallikaranai
Chennai,Locality_216,Kodambakkam
Chennai,Locality_217,Alwarpet
Chennai,Locality_218,Kilpauk
Chennai,Locality_219,Egmore
Chennai,Locality_220,Royapettah
Chennai,Locality_221,Chromepet
Chennai,Locality_222,Ambattur
Chennai,Locality_223,Mogappair
Chennai,Locality_224,Medavakkam
Chennai,Locality_225,Pallavaram
Chennai,Locality_226,Adyar
Chennai,Locality_227,Anna Nagar
Chennai,Locality_228,T Nagar
Chennai,Locality_229,Velachery
Chennai,Locality_230,Besant Nagar
Chennai,Locality_231,Mylapore
Chennai,Locality_232,Nungambakkam
Chennai,Locality_233,Guindy
Chennai,Locality_234,Porur
Chennai,Locality_235,Tambaram
Chennai,Locality_236,Sholinganallur
Chennai,Locality_237,OMR
Chennai,Locality_238,Perungudi
Chennai,Locality_239,Thoraipakkam
Chennai,Locality_240,Pallikaranai
Chennai,Locality_241,Kodambakkam
Chennai,Locality_242,Alwarpet
Chennai,Locality_243,Kilpauk
Chennai,Locality_244,Egmore
Chennai,Locality_245,Royapettah
Chennai,Locality_246,Chromepet
Chennai,Locality_247,Ambattur
Chennai,Locality_248,Mogappair
Chennai,Locality_249,Medavakkam
Chennai,Locality_250,Pallavaram
Chennai,Locality_251,Adyar
Chennai,Locality_252,Anna Nagar
Chennai,Locality_253,T Nagar
Chennai,Locality_254,Velachery
Chennai,Locality_255,Besant Nagar
Chennai,Locality_256,Mylapore
Chennai,Locality_257,Nungambakkam
Chennai,Locality_258,Guindy
Chennai,Locality_259,Porur
Chennai,Locality_260,Tambaram
Chennai,Locality_261,Sholinganallur
Chennai,Locality_262,OMR
Chennai,Locality_263,Perungudi
Chennai,Locality_264,Thoraipakkam
Chennai,Locality_265,Pallikaranai
Chennai,Locality_266,Kodambakkam
Chennai,Locality_267,Alwarpet
Chennai,Locality_268,Kilpauk
Chennai,Locality_269,Egmore
Chennai,Locality_270,Royapettah
Chennai,Locality_271,Chromepet
Chennai,Locality_272,Ambattur
Chennai,Locality_273,Mogappair
Chennai,Locality_274,Medavakkam
Chennai,Locality_275,Pallavaram
Chennai,Locality_276,Adyar
Chennai,Locality_277,Anna Nagar
Chennai,Locality_278,T Nagar
Chennai,Locality_279,Velachery
Chennai,Locality_280,Besant Nagar
Chennai,Locality_281,Mylapore
Chennai,Locality_282,Nungambakkam
Chennai,Locality_283,Guindy
Chennai,Locality_284,Porur
Chennai,Locality_285,Tambaram
Chennai,Locality_286,Sholinganallur
Chennai,Locality_287,OMR
Chennai,Locality_288,Perungudi
Chennai,Locality_289,Thoraipakkam
Chennai,Locality_290,Pallikaranai
Chennai,Locality_291,Kodambakkam
Chennai,Locality_292,Alwarpet
Chennai,Locality_293,Kilpauk
Chennai,Locality_294,Egmore
Chennai,Locality_295,Royapettah
Chennai,Locality_296,Chromepet
Chennai,Locality_297,Ambattur
Chennai,Locality_298,Mogappair
Chennai,Locality_299,Medavakkam
Chennai,Locality_300,Pallavaram
Chennai,Locality_301,Adyar
Chennai,Locality_302,Anna Nagar
Chennai,Locality_303,T Nagar
Chennai,Locality_304,Velachery
Chennai,Locality_305,Besant Nagar
Chennai,Locality_306,Mylapore
Chennai,Locality_307,Nungambakkam
Chennai,Locality_308,Guindy
Chennai,Locality_309,Porur
Chennai,Locality_310,Tambaram
Chennai,Locality_311,Sholinganallur
Chennai,Locality_312,OMR
Chennai,Locality_313,Perungudi
Chennai,Locality_314,Thoraipakkam
Chennai,Locality_315,Pallikaranai
Chennai,Locality_316,Kodambakkam
Chennai,Locality_317,Alwarpet
Chennai,Locality_318,Kilpauk
Chennai,Locality_319,Egmore
Chennai,Locality_320,Royapettah
Chennai,Locality_321,Chromepet
Chennai,Locality_322,Ambattur
Chennai,Locality_323,Mogappair
Chennai,Locality_324,Medavakkam
Chennai,Locality_325,Pallavaram
Chennai,Locality_326,Adyar
Chennai,Locality_327,Anna Nagar
Chennai,Locality_328,T Nagar
Chennai,Locality_329,Velachery
Chennai,Locality_330,Besant Nagar
Chennai,Locality_331,Mylapore
Chennai,Locality_332,Nungambakkam
Chennai,Locality_333,Guindy
Chennai,Locality_334,Porur
Chennai,Locality_335,Tambaram
Chennai,Locality_336,Sholinganallur
Chennai,Locality_337,OMR
Chennai,Locality_338,Perungudi
Chennai,Locality_339,Thoraipakkam
Chennai,Locality_340,Pallikaranai
Chennai,Locality_341,Kodambakkam
Chennai,Locality_342,Alwarpet
Chennai,Locality_343,Kilpauk
Chennai,Locality_344,Egmore
Chennai,Locality_345,Royapettah
Chennai,Locality_346,Chromepet
Chennai,Locality_347,Ambattur
Chennai,Locality_348,Mogappair
Chennai,Locality_349,Medavakkam
Chennai,Locality_350,Pallavaram
Chennai,Locality_351,Adyar
Chennai,Locality_352,Anna Nagar
Chennai,Locality_353,T Nagar
Chennai,Locality_354,Velachery
Chennai,Locality_355,Besant Nagar
Chennai,Locality_356,Mylapore
Chennai,Locality_357,Nungambakkam
Chennai,Locality_358,Guindy
Chennai,Locality_359,Porur
Chennai,Locality_360,Tambaram
Chennai,Locality_361,Sholinganallur
Chennai,Locality_362,OMR
Chennai,Locality_363,Perungudi
Chennai,Locality_364,Thoraipakkam
Chennai,Locality_365,Pallikaranai
Chennai,Locality_366,Kodambakkam
Chennai,Locality_367,Alwarpet
Chennai,Locality_368,Kilpauk
Chennai,Locality_369,Egmore
Chennai,Locality_370,Royapettah
Chennai,Locality_371,Chromepet
Chennai,Locality_372,Ambattur
Chennai,Locality_373,Mogappair
Chennai,Locality_374,Medavakkam
Chennai,Locality_375,Pallavaram
Chennai,Locality_376,Adyar
Chennai,Locality_377,Anna Nagar
Chennai,Locality_378,T Nagar
Chennai,Locality_379,Velachery
Chennai,Locality_380,Besant Nagar
Chennai,Locality_381,Mylapore
Chennai,Locality_382,Nungambakkam
Chennai,Locality_383,Guindy
Chennai,Locality_384,Porur
Chennai,Locality_385,Tambaram
Chennai,Locality_386,Sholinganallur
Chennai,Locality_387,OMR
Chennai,Locality_388,Perungudi
Chennai,Locality_389,Thoraipakkam
Chennai,Locality_390,Pallikaranai
Chennai,Locality_391,Kodambakkam
Chennai,Locality_392,Alwarpet
Chennai,Locality_393,Kilpauk
Chennai,Locality_394,Egmore
Chennai,Locality_395,Royapettah
Chennai,Locality_396,Chromepet
Chennai,Locality_397,Ambattur
Chennai,Locality_398,Mogappair
Chennai,Locality_399,Medavakkam
Chennai,Locality_400,Pallavaram
Chennai,Locality_401,Adyar
Chennai,Locality_402,Anna Nagar
Chennai,Locality_403,T Nagar
Chennai,Locality_404,Velachery
Chennai,Locality_405,Besant Nagar
Chennai,Locality_406,Mylapore
Chennai,Locality_407,Nungambakkam
Chennai,Locality_408,Guindy
Chennai,Locality_409,Porur
Chennai,Locality_410,Tambaram
Chennai,Locality_411,Sholinganallur
Chennai,Locality_412,OMR
Chennai,Locality_413,Perungudi
Chennai,Locality_414,Thoraipakkam
Chennai,Locality_415,Pallikaranai
Chennai,Locality_416,Kodambakkam
Chennai,Locality_417,Alwarpet
Chennai,Locality_418,Kilpauk
Chennai,Locality_419,Egmore
Chennai,Locality_420,Royapettah
Chennai,Locality_421,Chromepet
Chennai,Locality_422,Ambattur
Chennai,Locality_423,Mogappair
Chennai,Locality_424,Medavakkam
Chennai,Locality_425,Pallavaram
Chennai,Locality_426,Adyar
Chennai,Locality_427,Anna Nagar
Chennai,Locality_428,T Nagar
Chennai,Locality_429,Velachery
Chennai,Locality_430,Besant Nagar
Chennai,Locality_431,Mylapore
Chennai,Locality_432,Nungambakkam
Chennai,Locality_433,Guindy
Chennai,Locality_434,Porur
Chennai,Locality_435,Tambaram
Chennai,Locality_436,Sholinganallur
Chennai,Locality_437,OMR
Chennai,Locality_438,Perungudi
Chennai,Locality_439,Thoraipakkam
Chennai,Locality_440,Pallikaranai
Chennai,Locality_441,Kodambakkam
Chennai,Locality_442,Alwarpet
Chennai,Locality_443,Kilpauk
Chennai,Locality_444,Egmore
Chennai,Locality_445,Royapettah
Chennai,Locality_446,Chromepet
Chennai,Locality_447,Ambattur
Chennai,Locality_448,Mogappair
Chennai,Locality_449,Medavakkam
Chennai,Locality_450,Pallavaram
Chennai,Locality_451,Adyar
Chennai,Locality_452,Anna Nagar
Chennai,Locality_453,T Nagar
Chennai,Locality_454,Velachery
Chennai,Locality_455,Besant Nagar
Chennai,Locality_456,Mylapore
Chennai,Locality_457,Nungambakkam
Chennai,Locality_458,Guindy
Chennai,Locality_459,Porur
Chennai,Locality_460,Tambaram
Chennai,Locality_461,Sholinganallur
Chennai,Locality_462,OMR
Chennai,Locality_463,Perungudi
Chennai,Locality_464,Thoraipakkam
Chennai,Locality_465,Pallikaranai
Chennai,Locality_466,Kodambakkam
Chennai,Locality_467,Alwarpet
Chennai,Locality_468,Kilpauk
Chennai,Locality_469,Egmore
Chennai,Locality_470,Royapettah
Chennai,Locality_471,Chromepet
Chennai,Locality_472,Ambattur
Chennai,Locality_473,Mogappair
Chennai,Locality_474,Medavakkam
Chennai,Locality_475,Pallavaram
Chennai,Locality_476,Adyar
Chennai,Locality_477,Anna Nagar
Chennai,Locality_478,T Nagar
Chennai,Locality_479,Velachery
Chennai,Locality_480,Besant Nagar
Chennai,Locality_481,Mylapore
Chennai,Locality_482,Nungambakkam
Chennai,Locality_483,Guindy
Chennai,Locality_484,Porur
Chennai,Locality_485,Tambaram
Chennai,Locality_486,Sholinganallur
Chennai,Locality_487,OMR
Chennai,Locality_488,Perungudi
Chennai,Locality_489,Thoraipakkam
Chennai,Locality_490,Pallikaranai
Chennai,Locality_491,Kodambakkam
Chennai,Locality_492,Alwarpet
Chennai,Locality_493,Kilpauk
Chennai,Locality_494,Egmore
Chennai,Locality_495,Royapettah
Chennai,Locality_496,Chromepet
Chennai,Locality_497,Ambattur
Chennai,Locality_498,Mogappair
Chennai,Locality_499,Medavakkam
Chennai,Locality_500,Pallavaram
Coimbatore,Locality_1,RS Puram
Coimbatore,Locality_2,Gandhipuram
Coimbatore,Locality_3,Saibaba Colony
Coimbatore,Locality_4,Peelamedu
Coimbatore,Locality_5,Singanallur
Coimbatore,Locality_6,Saravanampatti
Coimbatore,Locality_7,Vadavalli
Coimbatore,Locality_8,Race Course
Coimbatore,Locality_9,Kalapatti
Coimbatore,Locality_10,Ganapathy
Coimbatore,Locality_11,Ramanathapuram
Coimbatore,Locality_12,Ukkadam
Coimbatore,Locality_13,Sundarapuram
Coimbatore,Locality_14,Podanur
Coimbatore,Locality_15,Kuniyamuthur
Coimbatore,Locality_16,Tatabad
Coimbatore,Locality_17,Town Hall
Coimbatore,Locality_18,Sivananda Colony
Coimbatore,Locality_19,Nanjundapuram
Coimbatore,Locality_20,Kovaipudur
Coimbatore,Locality_21,Thudiyalur
Coimbatore,Locality_22,Vilankurichi
Coimbatore,Locality_23,Hope College
Coimbatore,Locality_24,Ondipudur
Coimbatore,Locality_25,Avinashi Road
Coimbatore,Locality_26,RS Puram
Coimbatore,Locality_27,Gandhipuram
Coimbatore,Locality_28,Saibaba Colony
Coimbatore,Locality_29,Peelamedu
Coimbatore,Locality_30,Singanallur
Coimbatore,Locality_31,Saravanampatti
Coimbatore,Locality_32,Vadavalli
Coimbatore,Locality_33,Race Course
Coimbatore,Locality_34,Kalapatti
Coimbatore,Locality_35,Ganapathy
Coimbatore,Locality_36,Ramanathapuram
Coimbatore,Locality_37,Ukkadam
Coimbatore,Locality_38,Sundarapuram
Coimbatore,Locality_39,Podanur
Coimbatore,Locality_40,Kuniyamuthur
Coimbatore,Locality_41,Tatabad
Coimbatore,Locality_42,Town Hall
Coimbatore,Locality_43,Sivananda Colony
Coimbatore,Locality_44,Nanjundapuram
Coimbatore,Locality_45,Kovaipudur
Coimbatore,Locality_46,Thudiyalur
Coimbatore,Locality_47,Vilankurichi
Coimbatore,Locality_48,Hope College
Coimbatore,Locality_49,Ondipudur
Coimbatore,Locality_50,Avinashi Road
Coimbatore,Locality_51,RS Puram
Coimbatore,Locality_52,Gandhipuram
Coimbatore,Locality_53,Saibaba Colony
Coimbatore,Locality_54,Peelamedu
Coimbatore,Locality_55,Singanallur
Coimbatore,Locality_56,Saravanampatti
Coimbatore,Locality_57,Vadavalli
Coimbatore,Locality_58,Race Course
Coimbatore,Locality_59,Kalapatti
Coimbatore,Locality_60,Ganapathy
Coimbatore,Locality_61,Ramanathapuram
Coimbatore,Locality_62,Ukkadam
Coimbatore,Locality_63,Sundarapuram
Coimbatore,Locality_64,Podanur
Coimbatore,Locality_65,Kuniyamuthur
Coimbatore,Locality_66,Tatabad
Coimbatore,Locality_67,Town Hall
Coimbatore,Locality_68,Sivananda Colony
Coimbatore,Locality_69,Nanjundapuram
Coimbatore,Locality_70,Kovaipudur
Coimbatore,Locality_71,Thudiyalur
Coimbatore,Locality_72,Vilankurichi
Coimbatore,Locality_73,Hope College
Coimbatore,Locality_74,Ondipudur
Coimbatore,Locality_75,Avinashi Road
Coimbatore,Locality_76,RS Puram
Coimbatore,Locality_77,Gandhipuram
Coimbatore,Locality_78,Saibaba Colony
Coimbatore,Locality_79,Peelamedu
Coimbatore,Locality_80,Singanallur
Coimbatore,Locality_81,Saravanampatti
Coimbatore,Locality_82,Vadavalli
Coimbatore,Locality_83,Race Course
Coimbatore,Locality_84,Kalapatti
Coimbatore,Locality_85,Ganapathy
Coimbatore,Locality_86,Ramanathapuram
Coimbatore,Locality_87,Ukkadam
Coimbatore,Locality_88,Sundarapuram
Coimbatore,Locality_89,Podanur
Coimbatore,Locality_90,Kuniyamuthur
Coimbatore,Locality_91,Tatabad
Coimbatore,Locality_92,Town Hall
Coimbatore,Locality_93,Sivananda Colony
Coimbatore,Locality_94,Nanjundapuram
Coimbatore,Locality_95,Kovaipudur
Coimbatore,Locality_96,Thudiyalur
Coimbatore,Locality_97,Vilankurichi
Coimbatore,Locality_98,Hope College
Coimbatore,Locality_99,Ondipudur
Coimbatore,Locality_100,Avinashi Road
Coimbatore,Locality_101,RS Puram
Coimbatore,Locality_102,Gandhipuram
Coimbatore,Locality_103,Saibaba Colony
Coimbatore,Locality_104,Peelamedu
Coimbatore,Locality_105,Singanallur
Coimbatore,Locality_106,Saravanampatti
Coimbatore,Locality_107,Vadavalli
Coimbatore,Locality_108,Race Course
Coimbatore,Locality_109,Kalapatti
Coimbatore,Locality_110,Ganapathy
Coimbatore,Locality_111,Ramanathapuram
Coimbatore,Locality_112,Ukkadam
Coimbatore,Locality_113,Sundarapuram
Coimbatore,Locality_114,Podanur
Coimbatore,Locality_115,Kuniyamuthur
Coimbatore,Locality_116,Tatabad
Coimbatore,Locality_117,Town Hall
Coimbatore,Locality_118,Sivananda Colony
Coimbatore,Locality_119,Nanjundapuram
Coimbatore,Locality_120,Kovaipudur
Coimbatore,Locality_121,Thudiyalur
Coimbatore,Locality_122,Vilankurichi
Coimbatore,Locality_123,Hope College
Coimbatore,Locality_124,Ondipudur
Coimbatore,Locality_125,Avinashi Road
Coimbatore,Locality_126,RS Puram
Coimbatore,Locality_127,Gandhipuram
Coimbatore,Locality_128,Saibaba Colony
Coimbatore,Locality_129,Peelamedu
Coimbatore,Locality_130,Singanallur
Coimbatore,Locality_131,Saravanampatti
Coimbatore,Locality_132,Vadavalli
Coimbatore,Locality_133,Race Course
Coimbatore,Locality_134,Kalapatti
Coimbatore,Locality_135,Ganapathy
Coimbatore,Locality_136,Ramanathapuram
Coimbatore,Locality_137,Ukkadam
Coimbatore,Locality_138,Sundarapuram
Coimbatore,Locality_139,Podanur
Coimbatore,Locality_140,Kuniyamuthur
Coimbatore,Locality_141,Tatabad
Coimbatore,Locality_142,Town Hall
Coimbatore,Locality_143,Sivananda Colony
Coimbatore,Locality_144,Nanjundapuram
Coimbatore,Locality_145,Kovaipudur
Coimbatore,Locality_146,Thudiyalur
Coimbatore,Locality_147,Vilankurichi
Coimbatore,Locality_148,Hope College
Coimbatore,Locality_149,Ondipudur
Coimbatore,Locality_150,Avinashi Road
Coimbatore,Locality_151,RS Puram
Coimbatore,Locality_152,Gandhipuram
Coimbatore,Locality_153,Saibaba Colony
Coimbatore,Locality_154,Peelamedu
Coimbatore,Locality_155,Singanallur
Coimbatore,Locality_156,Saravanampatti
Coimbatore,Locality_157,Vadavalli
Coimbatore,Locality_158,Race Course
Coimbatore,Locality_159,Kalapatti
Coimbatore,Locality_160,Ganapathy
Coimbatore,Locality_161,Ramanathapuram
Coimbatore,Locality_162,Ukkadam
Coimbatore,Locality_163,Sundarapuram
Coimbatore,Locality_164,Podanur
Coimbatore,Locality_165,Kuniyamuthur
Coimbatore,Locality_166,Tatabad
Coimbatore,Locality_167,Town Hall
Coimbatore,Locality_168,Sivananda Colony
Coimbatore,Locality_169,Nanjundapuram
Coimbatore,Locality_170,Kovaipudur
Coimbatore,Locality_171,Thudiyalur
Coimbatore,Locality_172,Vilankurichi
Coimbatore,Locality_173,Hope College
Coimbatore,Locality_174,Ondipudur
Coimbatore,Locality_175,Avinashi Road
Coimbatore,Locality_176,RS Puram
Coimbatore,Locality_177,Gandhipuram
Coimbatore,Locality_178,Saibaba Colony
Coimbatore,Locality_179,Peelamedu
Coimbatore,Locality_180,Singanallur
Coimbatore,Locality_181,Saravanampatti
Coimbatore,Locality_182,Vadavalli
Coimbatore,Locality_183,Race Course
Coimbatore,Locality_184,Kalapatti
Coimbatore,Locality_185,Ganapathy
Coimbatore,Locality_186,Ramanathapuram
Coimbatore,Locality_187,Ukkadam
Coimbatore,Locality_188,Sundarapuram
Coimbatore,Locality_189,Podanur
Coimbatore,Locality_190,Kuniyamuthur
Coimbatore,Locality_191,Tatabad
Coimbatore,Locality_192,Town Hall
Coimbatore,Locality_193,Sivananda Colony
Coimbatore,Locality_194,Nanjundapuram
Coimbatore,Locality_195,Kovaipudur
Coimbatore,Locality_196,Thudiyalur
Coimbatore,Locality_197,Vilankurichi
Coimbatore,Locality_198,Hope College
Coimbatore,Locality_199,Ondipudur
Coimbatore,Locality_200,Avinashi Road
Coimbatore,Locality_201,RS Puram
Coimbatore,Locality_202,Gandhipuram
Coimbatore,Locality_203,Saibaba Colony
Coimbatore,Locality_204,Peelamedu
Coimbatore,Locality_205,Singanallur
Coimbatore,Locality_206,Saravanampatti
Coimbatore,Locality_207,Vadavalli
Coimbatore,Locality_208,Race Course
Coimbatore,Locality_209,Kalapatti
Coimbatore,Locality_210,Ganapathy
Coimbatore,Locality_211,Ramanathapuram
Coimbatore,Locality_212,Ukkadam
Coimbatore,Locality_213,Sundarapuram
Coimbatore,Locality_214,Podanur
Coimbatore,Locality_215,Kuniyamuthur
Coimbatore,Locality_216,Tatabad
Coimbatore,Locality_217,Town Hall
Coimbatore,Locality_218,Sivananda Colony
Coimbatore,Locality_219,Nanjundapuram
Coimbatore,Locality_220,Kovaipudur
Coimbatore,Locality_221,Thudiyalur
Coimbatore,Locality_222,Vilankurichi
Coimbatore,Locality_223,Hope College
Coimbatore,Locality_224,Ondipudur
Coimbatore,Locality_225,Avinashi Road
Coimbatore,Locality_226,RS Puram
Coimbatore,Locality_227,Gandhipuram
Coimbatore,Locality_228,Saibaba Colony
Coimbatore,Locality_229,Peelamedu
Coimbatore,Locality_230,Singanallur
Coimbatore,Locality_231,Saravanampatti
Coimbatore,Locality_232,Vadavalli
Coimbatore,Locality_233,Race Course
Coimbatore,Locality_234,Kalapatti
Coimbatore,Locality_235,Ganapathy
Coimbatore,Locality_236,Ramanathapuram
Coimbatore,Locality_237,Ukkadam
Coimbatore,Locality_238,Sundarapuram
Coimbatore,Locality_239,Podanur
Coimbatore,Locality_240,Kuniyamuthur
Coimbatore,Locality_241,Tatabad
Coimbatore,Locality_242,Town Hall
Coimbatore,Locality_243,Sivananda Colony
Coimbatore,Locality_244,Nanjundapuram
Coimbatore,Locality_245,Kovaipudur
Coimbatore,Locality_246,Thudiyalur
Coimbatore,Locality_247,Vilankurichi
Coimbatore,Locality_248,Hope College
Coimbatore,Locality_249,Ondipudur
Coimbatore,Locality_250,Avinashi Road
Coimbatore,Locality_251,RS Puram
Coimbatore,Locality_252,Gandhipuram
Coimbatore,Locality_253,Saibaba Colony
Coimbatore,Locality_254,Peelamedu
Coimbatore,Locality_255,Singanallur
Coimbatore,Locality_256,Saravanampatti
Coimbatore,Locality_257,Vadavalli
Coimbatore,Locality_258,Race Course
Coimbatore,Locality_259,Kalapatti
Coimbatore,Locality_260,Ganapathy
Coimbatore,Locality_261,Ramanathapuram
Coimbatore,Locality_262,Ukkadam
Coimbatore,Locality_263,Sundarapuram
Coimbatore,Locality_264,Podanur
Coimbatore,Locality_265,Kuniyamuthur
Coimbatore,Locality_266,Tatabad
Coimbatore,Locality_267,Town Hall
Coimbatore,Locality_268,Sivananda Colony
Coimbatore,Locality_269,Nanjundapuram
Coimbatore,Locality_270,Kovaipudur
Coimbatore,Locality_271,Thudiyalur
Coimbatore,Locality_272,Vilankurichi
Coimbatore,Locality_273,Hope College
Coimbatore,Locality_274,Ondipudur
Coimbatore,Locality_275,Avinashi Road
Coimbatore,Locality_276,RS Puram
Coimbatore,Locality_277,Gandhipuram
Coimbatore,Locality_278,Saibaba Colony
Coimbatore,Locality_279,Peelamedu
Coimbatore,Locality_280,Singanallur
Coimbatore,Locality_281,Saravanampatti
Coimbatore,Locality_282,Vadavalli
Coimbatore,Locality_283,Race Course
Coimbatore,Locality_284,Kalapatti
Coimbatore,Locality_285,Ganapathy
Coimbatore,Locality_286,Ramanathapuram
Coimbatore,Locality_287,Ukkadam
Coimbatore,Locality_288,Sundarapuram
Coimbatore,Locality_289,Podanur
Coimbatore,Locality_290,Kuniyamuthur
Coimbatore,Locality_291,Tatabad
Coimbatore,Locality_292,Town Hall
Coimbatore,Locality_293,Sivananda Colony
Coimbatore,Locality_294,Nanjundapuram
Coimbatore,Locality_295,Kovaipudur
Coimbatore,Locality_296,Thudiyalur
Coimbatore,Locality_297,Vilankurichi
Coimbatore,Locality_298,Hope College
Coimbatore,Locality_299,Ondipudur
Coimbatore,Locality_300,Avinashi Road
Coimbatore,Locality_301,RS Puram
Coimbatore,Locality_302,Gandhipuram
Coimbatore,Locality_303,Saibaba Colony
Coimbatore,Locality_304,Peelamedu
Coimbatore,Locality_305,Singanallur
Coimbatore,Locality_306,Saravanampatti
Coimbatore,Locality_307,Vadavalli
Coimbatore,Locality_308,Race Course
Coimbatore,Locality_309,Kalapatti
Coimbatore,Locality_310,Ganapathy
Coimbatore,Locality_311,Ramanathapuram
Coimbatore,Locality_312,Ukkadam
Coimbatore,Locality_313,Sundarapuram
Coimbatore,Locality_314,Podanur
Coimbatore,Locality_315,Kuniyamuthur
Coimbatore,Locality_316,Tatabad
Coimbatore,Locality_317,Town Hall
Coimbatore,Locality_318,Sivananda Colony
Coimbatore,Locality_319,Nanjundapuram
Coimbatore,Locality_320,Kovaipudur
Coimbatore,Locality_321,Thudiyalur
Coimbatore,Locality_322,Vilankurichi
Coimbatore,Locality_323,Hope College
Coimbatore,Locality_324,Ondipudur
Coimbatore,Locality_325,Avinashi Road
Coimbatore,Locality_326,RS Puram
Coimbatore,Locality_327,Gandhipuram
Coimbatore,Locality_328,Saibaba Colony
Coimbatore,Locality_329,Peelamedu
Coimbatore,Locality_330,Singanallur
Coimbatore,Locality_331,Saravanampatti
Coimbatore,Locality_332,Vadavalli
Coimbatore,Locality_333,Race Course
Coimbatore,Locality_334,Kalapatti
Coimbatore,Locality_335,Ganapathy
Coimbatore,Locality_336,Ramanathapuram
Coimbatore,Locality_337,Ukkadam
Coimbatore,Locality_338,Sundarapuram
Coimbatore,Locality_339,Podanur
Coimbatore,Locality_340,Kuniyamuthur
Coimbatore,Locality_341,Tatabad
Coimbatore,Locality_342,Town Hall
Coimbatore,Locality_343,Sivananda Colony
Coimbatore,Locality_344,Nanjundapuram
Coimbatore,Locality_345,Kovaipudur
Coimbatore,Locality_346,Thudiyalur
Coimbatore,Locality_347,Vilankurichi
Coimbatore,Locality_348,Hope College
Coimbatore,Locality_349,Ondipudur
Coimbatore,Locality_350,Avinashi Road
Coimbatore,Locality_351,RS Puram
Coimbatore,Locality_352,Gandhipuram
Coimbatore,Locality_353,Saibaba Colony
Coimbatore,Locality_354,Peelamedu
Coimbatore,Locality_355,Singanallur
Coimbatore,Locality_356,Saravanampatti
Coimbatore,Locality_357,Vadavalli
Coimbatore,Locality_358,Race Course
Coimbatore,Locality_359,Kalapatti
Coimbatore,Locality_360,Ganapathy
Coimbatore,Locality_361,Ramanathapuram
Coimbatore,Locality_362,Ukkadam
Coimbatore,Locality_363,Sundarapuram
Coimbatore,Locality_364,Podanur
Coimbatore,Locality_365,Kuniyamuthur
Coimbatore,Locality_366,Tatabad
Coimbatore,Locality_367,Town Hall
Coimbatore,Locality_368,Sivananda Colony
Coimbatore,Locality_369,Nanjundapuram
Coimbatore,Locality_370,Kovaipudur
Coimbatore,Locality_371,Thudiyalur
Coimbatore,Locality_372,Vilankurichi
Coimbatore,Locality_373,Hope College
Coimbatore,Locality_374,Ondipudur
Coimbatore,Locality_375,Avinashi Road
Coimbatore,Locality_376,RS Puram
Coimbatore,Locality_377,Gandhipuram
Coimbatore,Locality_378,Saibaba Colony
Coimbatore,Locality_379,Peelamedu
Coimbatore,Locality_380,Singanallur
Coimbatore,Locality_381,Saravanampatti
Coimbatore,Locality_382,Vadavalli
Coimbatore,Locality_383,Race Course
Coimbatore,Locality_384,Kalapatti
Coimbatore,Locality_385,Ganapathy
Coimbatore,Locality_386,Ramanathapuram
Coimbatore,Locality_387,Ukkadam
Coimbatore,Locality_388,Sundarapuram
Coimbatore,Locality_389,Podanur
Coimbatore,Locality_390,Kuniyamuthur
Coimbatore,Locality_391,Tatabad
Coimbatore,Locality_392,Town Hall
Coimbatore,Locality_393,Sivananda Colony
Coimbatore,Locality_394,Nanjundapuram
Coimbatore,Locality_395,Kovaipudur
Coimbatore,Locality_396,Thudiyalur
Coimbatore,Locality_397,Vilankurichi
Coimbatore,Locality_398,Hope College
Coimbatore,Locality_399,Ondipudur
Coimbatore,Locality_400,Avinashi Road
Coimbatore,Locality_401,RS Puram
Coimbatore,Locality_402,Gandhipuram
Coimbatore,Locality_403,Saibaba Colony
Coimbatore,Locality_404,Peelamedu
Coimbatore,Locality_405,Singanallur
Coimbatore,Locality_406,Saravanampatti
Coimbatore,Locality_407,Vadavalli
Coimbatore,Locality_408,Race Course
Coimbatore,Locality_409,Kalapatti
Coimbatore,Locality_410,Ganapathy
Coimbatore,Locality_411,Ramanathapuram
Coimbatore,Locality_412,Ukkadam
Coimbatore,Locality_413,Sundarapuram
Coimbatore,Locality_414,Podanur
Coimbatore,Locality_415,Kuniyamuthur
Coimbatore,Locality_416,Tatabad
Coimbatore,Locality_417,Town Hall
Coimbatore,Locality_418,Sivananda Colony
Coimbatore,Locality_419,Nanjundapuram
Coimbatore,Locality_420,Kovaipudur
Coimbatore,Locality_421,Thudiyalur
Coimbatore,Locality_422,Vilankurichi
Coimbatore,Locality_423,Hope College
Coimbatore,Locality_424,Ondipudur
Coimbatore,Locality_425,Avinashi Road
Coimbatore,Locality_426,RS Puram
Coimbatore,Locality_427,Gandhipuram
Coimbatore,Locality_428,Saibaba Colony
Coimbatore,Locality_429,Peelamedu
Coimbatore,Locality_430,Singanallur
Coimbatore,Locality_431,Saravanampatti
Coimbatore,Locality_432,Vadavalli
Coimbatore,Locality_433,Race Course
Coimbatore,Locality_434,Kalapatti
Coimbatore,Locality_435,Ganapathy
Coimbatore,Locality_436,Ramanathapuram
Coimbatore,Locality_437,Ukkadam
Coimbatore,Locality_438,Sundarapuram
Coimbatore,Locality_439,Podanur
Coimbatore,Locality_440,Kuniyamuthur
Coimbatore,Locality_441,Tatabad
Coimbatore,Locality_442,Town Hall
Coimbatore,Locality_443,Sivananda Colony
Coimbatore,Locality_444,Nanjundapuram
Coimbatore,Locality_445,Kovaipudur
Coimbatore,Locality_446,Thudiyalur
Coimbatore,Locality_447,Vilankurichi
Coimbatore,Locality_448,Hope College
Coimbatore,Locality_449,Ondipudur
Coimbatore,Locality_450,Avinashi Road
Coimbatore,Locality_451,RS Puram
Coimbatore,Locality_452,Gandhipuram
Coimbatore,Locality_453,Saibaba Colony
Coimbatore,Locality_454,Peelamedu
Coimbatore,Locality_455,Singanallur
Coimbatore,Locality_456,Saravanampatti
Coimbatore,Locality_457,Vadavalli
Coimbatore,Locality_458,Race Course
Coimbatore,Locality_459,Kalapatti
Coimbatore,Locality_460,Ganapathy
Coimbatore,Locality_461,Ramanathapuram
Coimbatore,Locality_462,Ukkadam
Coimbatore,Locality_463,Sundarapuram
Coimbatore,Locality_464,Podanur
Coimbatore,Locality_465,Kuniyamuthur
Coimbatore,Locality_466,Tatabad
Coimbatore,Locality_467,Town Hall
Coimbatore,Locality_468,Sivananda Colony
Coimbatore,Locality_469,Nanjundapuram
Coimbatore,Locality_470,Kovaipudur
Coimbatore,Locality_471,Thudiyalur
Coimbatore,Locality_472,Vilankurichi
Coimbatore,Locality_473,Hope College
Coimbatore,Locality_474,Ondipudur
Coimbatore,Locality_475,Avinashi Road
Coimbatore,Locality_476,RS Puram
Coimbatore,Locality_477,Gandhipuram
Coimbatore,Locality_478,Saibaba Colony
Coimbatore,Locality_479,Peelamedu
Coimbatore,Locality_480,Singanallur
Coimbatore,Locality_481,Saravanampatti
Coimbatore,Locality_482,Vadavalli
Coimbatore,Locality_483,Race Course
Coimbatore,Locality_484,Kalapatti
Coimbatore,Locality_485,Ganapathy
Coimbatore,Locality_486,Ramanathapuram
Coimbatore,Locality_487,Ukkadam
Coimbatore,Locality_488,Sundarapuram
Coimbatore,Locality_489,Podanur
Coimbatore,Locality_490,Kuniyamuthur
Coimbatore,Locality_491,Tatabad
Coimbatore,Locality_492,Town Hall
Coimbatore,Locality_493,Sivananda Colony
Coimbatore,Locality_494,Nanjundapuram
Coimbatore,Locality_495,Kovaipudur
Coimbatore,Locality_496,Thudiyalur
Coimbatore,Locality_497,Vilankurichi
Coimbatore,Locality_498,Hope College
Coimbatore,Locality_499,Ondipudur
Coimbatore,Locality_500,Avinashi Road
Cuttack,Locality_1,CDA Sector 6
Cuttack,Locality_2,CDA Sector 7
Cuttack,Locality_3,CDA Sector 9
Cuttack,Locality_4,College Square
Cuttack,Locality_5,Buxi Bazaar
Cuttack,Locality_6,Badambadi
Cuttack,Locality_7,Link Road
Cuttack,Locality_8,Mangalabag
Cuttack,Locality_9,Choudhury Bazar
Cuttack,Locality_10,Tulsipur
Cuttack,Locality_11,Ranihat
Cuttack,Locality_12,Shelter Chhak
Cuttack,Locality_13,Jobra
Cuttack,Locality_14,Kalyan Nagar
Cuttack,Locality_15,Bidanasi
Cuttack,Locality_16,Naya Bazaar
Cuttack,Locality_17,Bajrakabati Road
Cuttack,Locality_18,Dolamundai
Cuttack,Locality_19,Meria Bazar
Cuttack,Locality_20,Nuapada
Cuttack,Locality_21,Markat Nagar
Cuttack,Locality_22,Khan Nagar
Cuttack,Locality_23,Kantapada Road
Cuttack,Locality_24,Jagatpur
Cuttack,Locality_25,Phulnakhara
Cuttack,Locality_26,CDA Sector 6
Cuttack,Locality_27,CDA Sector 7
Cuttack,Locality_28,CDA Sector 9
Cuttack,Locality_29,College Square
Cuttack,Locality_30,Buxi Bazaar
Cuttack,Locality_31,Badambadi
Cuttack,Locality_32,Link Road
Cuttack,Locality_33,Mangalabag
Cuttack,Locality_34,Choudhury Bazar
Cuttack,Locality_35,Tulsipur
Cuttack,Locality_36,Ranihat
Cuttack,Locality_37,Shelter Chhak
Cuttack,Locality_38,Jobra
Cuttack,Locality_39,Kalyan Nagar
Cuttack,Locality_40,Bidanasi
Cuttack,Locality_41,Naya Bazaar
Cuttack,Locality_42,Bajrakabati Road
Cuttack,Locality_43,Dolamundai
Cuttack,Locality_44,Meria Bazar
Cuttack,Locality_45,Nuapada
Cuttack,Locality_46,Markat Nagar
Cuttack,Locality_47,Khan Nagar
Cuttack,Locality_48,Kantapada Road
Cuttack,Locality_49,Jagatpur
Cuttack,Locality_50,Phulnakhara
Cuttack,Locality_51,CDA Sector 6
Cuttack,Locality_52,CDA Sector 7
Cuttack,Locality_53,CDA Sector 9
Cuttack,Locality_54,College Square
Cuttack,Locality_55,Buxi Bazaar
Cuttack,Locality_56,Badambadi
Cuttack,Locality_57,Link Road
Cuttack,Locality_58,Mangalabag
Cuttack,Locality_59,Choudhury Bazar
Cuttack,Locality_60,Tulsipur
Cuttack,Locality_61,Ranihat
Cuttack,Locality_62,Shelter Chhak
Cuttack,Locality_63,Jobra
Cuttack,Locality_64,Kalyan Nagar
Cuttack,Locality_65,Bidanasi
Cuttack,Locality_66,Naya Bazaar
Cuttack,Locality_67,Bajrakabati Road
Cuttack,Locality_68,Dolamundai
Cuttack,Locality_69,Meria Bazar
Cuttack,Locality_70,Nuapada
Cuttack,Locality_71,Markat Nagar
Cuttack,Locality_72,Khan Nagar
Cuttack,Locality_73,Kantapada Road
Cuttack,Locality_74,Jagatpur
Cuttack,Locality_75,Phulnakhara
Cuttack,Locality_76,CDA Sector 6
Cuttack,Locality_77,CDA Sector 7
Cuttack,Locality_78,CDA Sector 9
Cuttack,Locality_79,College Square
Cuttack,Locality_80,Buxi Bazaar
Cuttack,Locality_81,Badambadi
Cuttack,Locality_82,Link Road
Cuttack,Locality_83,Mangalabag
Cuttack,Locality_84,Choudhury Bazar
Cuttack,Locality_85,Tulsipur
Cuttack,Locality_86,Ranihat
Cuttack,Locality_87,Shelter Chhak
Cuttack,Locality_88,Jobra
Cuttack,Locality_89,Kalyan Nagar
Cuttack,Locality_90,Bidanasi
Cuttack,Locality_91,Naya Bazaar
Cuttack,Locality_92,Bajrakabati Road
Cuttack,Locality_93,Dolamundai
Cuttack,Locality_94,Meria Bazar
Cuttack,Locality_95,Nuapada
Cuttack,Locality_96,Markat Nagar
Cuttack,Locality_97,Khan Nagar
Cuttack,Locality_98,Kantapada Road
Cuttack,Locality_99,Jagatpur
Cuttack,Locality_100,Phulnakhara
Cuttack,Locality_101,CDA Sector 6
Cuttack,Locality_102,CDA Sector 7
Cuttack,Locality_103,CDA Sector 9
Cuttack,Locality_104,College Square
Cuttack,Locality_105,Buxi Bazaar
Cuttack,Locality_106,Badambadi
Cuttack,Locality_107,Link Road
Cuttack,Locality_108,Mangalabag
Cuttack,Locality_109,Choudhury Bazar
Cuttack,Locality_110,Tulsipur
Cuttack,Locality_111,Ranihat
Cuttack,Locality_112,Shelter Chhak
Cuttack,Locality_113,Jobra
Cuttack,Locality_114,Kalyan Nagar
Cuttack,Locality_115,Bidanasi
Cuttack,Locality_116,Naya Bazaar
Cuttack,Locality_117,Bajrakabati Road
Cuttack,Locality_118,Dolamundai
Cuttack,Locality_119,Meria Bazar
Cuttack,Locality_120,Nuapada
Cuttack,Locality_121,Markat Nagar
Cuttack,Locality_122,Khan Nagar
Cuttack,Locality_123,Kantapada Road
Cuttack,Locality_124,Jagatpur
Cuttack,Locality_125,Phulnakhara
Cuttack,Locality_126,CDA Sector 6
Cuttack,Locality_127,CDA Sector 7
Cuttack,Locality_128,CDA Sector 9
Cuttack,Locality_129,College Square
Cuttack,Locality_130,Buxi Bazaar
Cuttack,Locality_131,Badambadi
Cuttack,Locality_132,Link Road
Cuttack,Locality_133,Mangalabag
Cuttack,Locality_134,Choudhury Bazar
Cuttack,Locality_135,Tulsipur
Cuttack,Locality_136,Ranihat
Cuttack,Locality_137,Shelter Chhak
Cuttack,Locality_138,Jobra
Cuttack,Locality_139,Kalyan Nagar
Cuttack,Locality_140,Bidanasi
Cuttack,Locality_141,Naya Bazaar
Cuttack,Locality_142,Bajrakabati Road
Cuttack,Locality_143,Dolamundai
Cuttack,Locality_144,Meria Bazar
Cuttack,Locality_145,Nuapada
Cuttack,Locality_146,Markat Nagar
Cuttack,Locality_147,Khan Nagar
Cuttack,Locality_148,Kantapada Road
Cuttack,Locality_149,Jagatpur
Cuttack,Locality_150,Phulnakhara
Cuttack,Locality_151,CDA Sector 6
Cuttack,Locality_152,CDA Sector 7
Cuttack,Locality_153,CDA Sector 9
Cuttack,Locality_154,College Square
Cuttack,Locality_155,Buxi Bazaar
Cuttack,Locality_156,Badambadi
Cuttack,Locality_157,Link Road
Cuttack,Locality_158,Mangalabag
Cuttack,Locality_159,Choudhury Bazar
Cuttack,Locality_160,Tulsipur
Cuttack,Locality_161,Ranihat
Cuttack,Locality_162,Shelter Chhak
Cuttack,Locality_163,Jobra
Cuttack,Locality_164,Kalyan Nagar
Cuttack,Locality_165,Bidanasi
Cuttack,Locality_166,Naya Bazaar
Cuttack,Locality_167,Bajrakabati Road
Cuttack,Locality_168,Dolamundai
Cuttack,Locality_169,Meria Bazar
Cuttack,Locality_170,Nuapada
Cuttack,Locality_171,Markat Nagar
Cuttack,Locality_172,Khan Nagar
Cuttack,Locality_173,Kantapada Road
Cuttack,Locality_174,Jagatpur
Cuttack,Locality_175,Phulnakhara
Cuttack,Locality_176,CDA Sector 6
Cuttack,Locality_177,CDA Sector 7
Cuttack,Locality_178,CDA Sector 9
Cuttack,Locality_179,College Square
Cuttack,Locality_180,Buxi Bazaar
Cuttack,Locality_181,Badambadi
Cuttack,Locality_182,Link Road
Cuttack,Locality_183,Mangalabag
Cuttack,Locality_184,Choudhury Bazar
Cuttack,Locality_185,Tulsipur
Cuttack,Locality_186,Ranihat
Cuttack,Locality_187,Shelter Chhak
Cuttack,Locality_188,Jobra
Cuttack,Locality_189,Kalyan Nagar
Cuttack,Locality_190,Bidanasi
Cuttack,Locality_191,Naya Bazaar
Cuttack,Locality_192,Bajrakabati Road
Cuttack,Locality_193,Dolamundai
Cuttack,Locality_194,Meria Bazar
Cuttack,Locality_195,Nuapada
Cuttack,Locality_196,Markat Nagar
Cuttack,Locality_197,Khan Nagar
Cuttack,Locality_198,Kantapada Road
Cuttack,Locality_199,Jagatpur
Cuttack,Locality_200,Phulnakhara
Cuttack,Locality_201,CDA Sector 6
Cuttack,Locality_202,CDA Sector 7
Cuttack,Locality_203,CDA Sector 9
Cuttack,Locality_204,College Square
Cuttack,Locality_205,Buxi Bazaar
Cuttack,Locality_206,Badambadi
Cuttack,Locality_207,Link Road
Cuttack,Locality_208,Mangalabag
Cuttack,Locality_209,Choudhury Bazar
Cuttack,Locality_210,Tulsipur
Cuttack,Locality_211,Ranihat
Cuttack,Locality_212,Shelter Chhak
Cuttack,Locality_213,Jobra
Cuttack,Locality_214,Kalyan Nagar
Cuttack,Locality_215,Bidanasi
Cuttack,Locality_216,Naya Bazaar
Cuttack,Locality_217,Bajrakabati Road
Cuttack,Locality_218,Dolamundai
Cuttack,Locality_219,Meria Bazar
Cuttack,Locality_220,Nuapada
Cuttack,Locality_221,Markat Nagar
Cuttack,Locality_222,Khan Nagar
Cuttack,Locality_223,Kantapada Road
Cuttack,Locality_224,Jagatpur
Cuttack,Locality_225,Phulnakhara
Cuttack,Locality_226,CDA Sector 6
Cuttack,Locality_227,CDA Sector 7
Cuttack,Locality_228,CDA Sector 9
Cuttack,Locality_229,College Square
Cuttack,Locality_230,Buxi Bazaar
Cuttack,Locality_231,Badambadi
Cuttack,Locality_232,Link Road
Cuttack,Locality_233,Mangalabag
Cuttack,Locality_234,Choudhury Bazar
Cuttack,Locality_235,Tulsipur
Cuttack,Locality_236,Ranihat
Cuttack,Locality_237,Shelter Chhak
Cuttack,Locality_238,Jobra
Cuttack,Locality_239,Kalyan Nagar
Cuttack,Locality_240,Bidanasi
Cuttack,Locality_241,Naya Bazaar
Cuttack,Locality_242,Bajrakabati Road
Cuttack,Locality_243,Dolamundai
Cuttack,Locality_244,Meria Bazar
Cuttack,Locality_245,Nuapada
Cuttack,Locality_246,Markat Nagar
Cuttack,Locality_247,Khan Nagar
Cuttack,Locality_248,Kantapada Road
Cuttack,Locality_249,Jagatpur
Cuttack,Locality_250,Phulnakhara
Cuttack,Locality_251,CDA Sector 6
Cuttack,Locality_252,CDA Sector 7
Cuttack,Locality_253,CDA Sector 9
Cuttack,Locality_254,College Square
Cuttack,Locality_255,Buxi Bazaar
Cuttack,Locality_256,Badambadi
Cuttack,Locality_257,Link Road
Cuttack,Locality_258,Mangalabag
Cuttack,Locality_259,Choudhury Bazar
Cuttack,Locality_260,Tulsipur
Cuttack,Locality_261,Ranihat
Cuttack,Locality_262,Shelter Chhak
Cuttack,Locality_263,Jobra
Cuttack,Locality_264,Kalyan Nagar
Cuttack,Locality_265,Bidanasi
Cuttack,Locality_266,Naya Bazaar
Cuttack,Locality_267,Bajrakabati Road
Cuttack,Locality_268,Dolamundai
Cuttack,Locality_269,Meria Bazar
Cuttack,Locality_270,Nuapada
Cuttack,Locality_271,Markat Nagar
Cuttack,Locality_272,Khan Nagar
Cuttack,Locality_273,Kantapada Road
Cuttack,Locality_274,Jagatpur
Cuttack,Locality_275,Phulnakhara
Cuttack,Locality_276,CDA Sector 6
Cuttack,Locality_277,CDA Sector 7
Cuttack,Locality_278,CDA Sector 9
Cuttack,Locality_279,College Square
Cuttack,Locality_280,Buxi Bazaar
Cuttack,Locality_281,Badambadi
Cuttack,Locality_282,Link Road
Cuttack,Locality_283,Mangalabag
Cuttack,Locality_284,Choudhury Bazar
Cuttack,Locality_285,Tulsipur
Cuttack,Locality_286,Ranihat
Cuttack,Locality_287,Shelter Chhak
Cuttack,Locality_288,Jobra
Cuttack,Locality_289,Kalyan Nagar
Cuttack,Locality_290,Bidanasi
Cuttack,Locality_291,Naya Bazaar
Cuttack,Locality_292,Bajrakabati Road
Cuttack,Locality_293,Dolamundai
Cuttack,Locality_294,Meria Bazar
Cuttack,Locality_295,Nuapada
Cuttack,Locality_296,Markat Nagar
Cuttack,Locality_297,Khan Nagar
Cuttack,Locality_298,Kantapada Road
Cuttack,Locality_299,Jagatpur
Cuttack,Locality_300,Phulnakhara
Cuttack,Locality_301,CDA Sector 6
Cuttack,Locality_302,CDA Sector 7
Cuttack,Locality_303,CDA Sector 9
Cuttack,Locality_304,College Square
Cuttack,Locality_305,Buxi Bazaar
Cuttack,Locality_306,Badambadi
Cuttack,Locality_307,Link Road
Cuttack,Locality_308,Mangalabag
Cuttack,Locality_309,Choudhury Bazar
Cuttack,Locality_310,Tulsipur
Cuttack,Locality_311,Ranihat
Cuttack,Locality_312,Shelter Chhak
Cuttack,Locality_313,Jobra
Cuttack,Locality_314,Kalyan Nagar
Cuttack,Locality_315,Bidanasi
Cuttack,Locality_316,Naya Bazaar
Cuttack,Locality_317,Bajrakabati Road
Cuttack,Locality_318,Dolamundai
Cuttack,Locality_319,Meria Bazar
Cuttack,Locality_320,Nuapada
Cuttack,Locality_321,Markat Nagar
Cuttack,Locality_322,Khan Nagar
Cuttack,Locality_323,Kantapada Road
Cuttack,Locality_324,Jagatpur
Cuttack,Locality_325,Phulnakhara
Cuttack,Locality_326,CDA Sector 6
Cuttack,Locality_327,CDA Sector 7
Cuttack,Locality_328,CDA Sector 9
Cuttack,Locality_329,College Square
Cuttack,Locality_330,Buxi Bazaar
Cuttack,Locality_331,Badambadi
Cuttack,Locality_332,Link Road
Cuttack,Locality_333,Mangalabag
Cuttack,Locality_334,Choudhury Bazar
Cuttack,Locality_335,Tulsipur
Cuttack,Locality_336,Ranihat
Cuttack,Locality_337,Shelter Chhak
Cuttack,Locality_338,Jobra
Cuttack,Locality_339,Kalyan Nagar
Cuttack,Locality_340,Bidanasi
Cuttack,Locality_341,Naya Bazaar
Cuttack,Locality_342,Bajrakabati Road
Cuttack,Locality_343,Dolamundai
Cuttack,Locality_344,Meria Bazar
Cuttack,Locality_345,Nuapada
Cuttack,Locality_346,Markat Nagar
Cuttack,Locality_347,Khan Nagar
Cuttack,Locality_348,Kantapada Road
Cuttack,Locality_349,Jagatpur
Cuttack,Locality_350,Phulnakhara
Cuttack,Locality_351,CDA Sector 6
Cuttack,Locality_352,CDA Sector 7
Cuttack,Locality_353,CDA Sector 9
Cuttack,Locality_354,College Square
Cuttack,Locality_355,Buxi Bazaar
Cuttack,Locality_356,Badambadi
Cuttack,Locality_357,Link Road
Cuttack,Locality_358,Mangalabag
Cuttack,Locality_359,Choudhury Bazar
Cuttack,Locality_360,Tulsipur
Cuttack,Locality_361,Ranihat
Cuttack,Locality_362,Shelter Chhak
Cuttack,Locality_363,Jobra
Cuttack,Locality_364,Kalyan Nagar
Cuttack,Locality_365,Bidanasi
Cuttack,Locality_366,Naya Bazaar
Cuttack,Locality_367,Bajrakabati Road
Cuttack,Locality_368,Dolamundai
Cuttack,Locality_369,Meria Bazar
Cuttack,Locality_370,Nuapada
Cuttack,Locality_371,Markat Nagar
Cuttack,Locality_372,Khan Nagar
Cuttack,Locality_373,Kantapada Road
Cuttack,Locality_374,Jagatpur
Cuttack,Locality_375,Phulnakhara
Cuttack,Locality_376,CDA Sector 6
Cuttack,Locality_377,CDA Sector 7
Cuttack,Locality_378,CDA Sector 9
Cuttack,Locality_379,College Square
Cuttack,Locality_380,Buxi Bazaar
Cuttack,Locality_381,Badambadi
Cuttack,Locality_382,Link Road
Cuttack,Locality_383,Mangalabag
Cuttack,Locality_384,Choudhury Bazar
Cuttack,Locality_385,Tulsipur
Cuttack,Locality_386,Ranihat
Cuttack,Locality_387,Shelter Chhak
Cuttack,Locality_388,Jobra
Cuttack,Locality_389,Kalyan Nagar
Cuttack,Locality_390,Bidanasi
Cuttack,Locality_391,Naya Bazaar
Cuttack,Locality_392,Bajrakabati Road
Cuttack,Locality_393,Dolamundai
Cuttack,Locality_394,Meria Bazar
Cuttack,Locality_395,Nuapada
Cuttack,Locality_396,Markat Nagar
Cuttack,Locality_397,Khan Nagar
Cuttack,Locality_398,Kantapada Road
Cuttack,Locality_399,Jagatpur
Cuttack,Locality_400,Phulnakhara
Cuttack,Locality_401,CDA Sector 6
Cuttack,Locality_402,CDA Sector 7
Cuttack,Locality_403,CDA Sector 9
Cuttack,Locality_404,College Square
Cuttack,Locality_405,Buxi Bazaar
Cuttack,Locality_406,Badambadi
Cuttack,Locality_407,Link Road
Cuttack,Locality_408,Mangalabag
Cuttack,Locality_409,Choudhury Bazar
Cuttack,Locality_410,Tulsipur
Cuttack,Locality_411,Ranihat
Cuttack,Locality_412,Shelter Chhak
Cuttack,Locality_413,Jobra
Cuttack,Locality_414,Kalyan Nagar
Cuttack,Locality_415,Bidanasi
Cuttack,Locality_416,Naya Bazaar
Cuttack,Locality_417,Bajrakabati Road
Cuttack,Locality_418,Dolamundai
Cuttack,Locality_419,Meria Bazar
Cuttack,Locality_420,Nuapada
Cuttack,Locality_421,Markat Nagar
Cuttack,Locality_422,Khan Nagar
Cuttack,Locality_423,Kantapada Road
Cuttack,Locality_424,Jagatpur
Cuttack,Locality_425,Phulnakhara
Cuttack,Locality_426,CDA Sector 6
Cuttack,Locality_427,CDA Sector 7
Cuttack,Locality_428,CDA Sector 9
Cuttack,Locality_429,College Square
Cuttack,Locality_430,Buxi Bazaar
Cuttack,Locality_431,Badambadi
Cuttack,Locality_432,Link Road
Cuttack,Locality_433,Mangalabag
Cuttack,Locality_434,Choudhury Bazar
Cuttack,Locality_435,Tulsipur
Cuttack,Locality_436,Ranihat
Cuttack,Locality_437,Shelter Chhak
Cuttack,Locality_438,Jobra
Cuttack,Locality_439,Kalyan Nagar
Cuttack,Locality_440,Bidanasi
Cuttack,Locality_441,Naya Bazaar
Cuttack,Locality_442,Bajrakabati Road
Cuttack,Locality_443,Dolamundai
Cuttack,Locality_444,Meria Bazar
Cuttack,Locality_445,Nuapada
Cuttack,Locality_446,Markat Nagar
Cuttack,Locality_447,Khan Nagar
Cuttack,Locality_448,Kantapada Road
Cuttack,Locality_449,Jagatpur
Cuttack,Locality_450,Phulnakhara
Cuttack,Locality_451,CDA Sector 6
Cuttack,Locality_452,CDA Sector 7
Cuttack,Locality_453,CDA Sector 9
Cuttack,Locality_454,College Square
Cuttack,Locality_455,Buxi Bazaar
Cuttack,Locality_456,Badambadi
Cuttack,Locality_457,Link Road
Cuttack,Locality_458,Mangalabag
Cuttack,Locality_459,Choudhury Bazar
Cuttack,Locality_460,Tulsipur
Cuttack,Locality_461,Ranihat
Cuttack,Locality_462,Shelter Chhak
Cuttack,Locality_463,Jobra
Cuttack,Locality_464,Kalyan Nagar
Cuttack,Locality_465,Bidanasi
Cuttack,Locality_466,Naya Bazaar
Cuttack,Locality_467,Bajrakabati Road
Cuttack,Locality_468,Dolamundai
Cuttack,Locality_469,Meria Bazar
Cuttack,Locality_470,Nuapada
Cuttack,Locality_471,Markat Nagar
Cuttack,Locality_472,Khan Nagar
Cuttack,Locality_473,Kantapada Road
Cuttack,Locality_474,Jagatpur
Cuttack,Locality_475,Phulnakhara
Cuttack,Locality_476,CDA Sector 6
Cuttack,Locality_477,CDA Sector 7
Cuttack,Locality_478,CDA Sector 9
Cuttack,Locality_479,College Square
Cuttack,Locality_480,Buxi Bazaar
Cuttack,Locality_481,Badambadi
Cuttack,Locality_482,Link Road
Cuttack,Locality_483,Mangalabag
Cuttack,Locality_484,Choudhury Bazar
Cuttack,Locality_485,Tulsipur
Cuttack,Locality_486,Ranihat
Cuttack,Locality_487,Shelter Chhak
Cuttack,Locality_488,Jobra
Cuttack,Locality_489,Kalyan Nagar
Cuttack,Locality_490,Bidanasi
Cuttack,Locality_491,Naya Bazaar
Cuttack,Locality_492,Bajrakabati Road
Cuttack,Locality_493,Dolamundai
Cuttack,Locality_494,Meria Bazar
Cuttack,Locality_495,Nuapada
Cuttack,Locality_496,Markat Nagar
Cuttack,Locality_497,Khan Nagar
Cuttack,Locality_498,Kantapada Road
Cuttack,Locality_499,Jagatpur
Cuttack,Locality_500,Phulnakhara
Dehradun,Locality_1,Rajpur Road
Dehradun,Locality_2,Sahastradhara Road
Dehradun,Locality_3,Jakhan
Dehradun,Locality_4,Vasant Vihar
Dehradun,Locality_5,Clement Town
Dehradun,Locality_6,Ballupur
Dehradun,Locality_7,Nehru Colony
Dehradun,Locality_8,Dalanwala
Dehradun,Locality_9,Race Course
Dehradun,Locality_10,Patel Nagar
Dehradun,Locality_11,Prem Nagar
Dehradun,Locality_12,Raipur
Dehradun,Locality_13,Malsi
Dehradun,Locality_14,Dharampur
Dehradun,Locality_15,Kaulagarh
Dehradun,Locality_16,Subhash Nagar
Dehradun,Locality_17,Chakrata Road
Dehradun,Locality_18,Turner Road
Dehradun,Locality_19,ISBT
Dehradun,Locality_20,Vijay Park
Dehradun,Locality_21,Defence Colony
Dehradun,Locality_22,Karanpur
Dehradun,Locality_23,Kishanpur
Dehradun,Locality_24,Jogiwala
Dehradun,Locality_25,Laxman Chowk
Dehradun,Locality_26,Rajpur Road
Dehradun,Locality_27,Sahastradhara Road
Dehradun,Locality_28,Jakhan
Dehradun,Locality_29,Vasant Vihar
Dehradun,Locality_30,Clement Town
Dehradun,Locality_31,Ballupur
Dehradun,Locality_32,Nehru Colony
Dehradun,Locality_33,Dalanwala
Dehradun,Locality_34,Race Course
Dehradun,Locality_35,Patel Nagar
Dehradun,Locality_36,Prem Nagar
Dehradun,Locality_37,Raipur
Dehradun,Locality_38,Malsi
Dehradun,Locality_39,Dharampur
Dehradun,Locality_40,Kaulagarh
Dehradun,Locality_41,Subhash Nagar
Dehradun,Locality_42,Chakrata Road
Dehradun,Locality_43,Turner Road
Dehradun,Locality_44,ISBT
Dehradun,Locality_45,Vijay Park
Dehradun,Locality_46,Defence Colony
Dehradun,Locality_47,Karanpur
Dehradun,Locality_48,Kishanpur
Dehradun,Locality_49,Jogiwala
Dehradun,Locality_50,Laxman Chowk
Dehradun,Locality_51,Rajpur Road
Dehradun,Locality_52,Sahastradhara Road
Dehradun,Locality_53,Jakhan
Dehradun,Locality_54,Vasant Vihar
Dehradun,Locality_55,Clement Town
Dehradun,Locality_56,Ballupur
Dehradun,Locality_57,Nehru Colony
Dehradun,Locality_58,Dalanwala
Dehradun,Locality_59,Race Course
Dehradun,Locality_60,Patel Nagar
Dehradun,Locality_61,Prem Nagar
Dehradun,Locality_62,Raipur
Dehradun,Locality_63,Malsi
Dehradun,Locality_64,Dharampur
Dehradun,Locality_65,Kaulagarh
Dehradun,Locality_66,Subhash Nagar
Dehradun,Locality_67,Chakrata Road
Dehradun,Locality_68,Turner Road
Dehradun,Locality_69,ISBT
Dehradun,Locality_70,Vijay Park
Dehradun,Locality_71,Defence Colony
Dehradun,Locality_72,Karanpur
Dehradun,Locality_73,Kishanpur
Dehradun,Locality_74,Jogiwala
Dehradun,Locality_75,Laxman Chowk
Dehradun,Locality_76,Rajpur Road
Dehradun,Locality_77,Sahastradhara Road
Dehradun,Locality_78,Jakhan
Dehradun,Locality_79,Vasant Vihar
Dehradun,Locality_80,Clement Town
Dehradun,Locality_81,Ballupur
Dehradun,Locality_82,Nehru Colony
Dehradun,Locality_83,Dalanwala
Dehradun,Locality_84,Race Course
Dehradun,Locality_85,Patel Nagar
Dehradun,Locality_86,Prem Nagar
Dehradun,Locality_87,Raipur
Dehradun,Locality_88,Malsi
Dehradun,Locality_89,Dharampur
Dehradun,Locality_90,Kaulagarh
Dehradun,Locality_91,Subhash Nagar
Dehradun,Locality_92,Chakrata Road
Dehradun,Locality_93,Turner Road
Dehradun,Locality_94,ISBT
Dehradun,Locality_95,Vijay Park
Dehradun,Locality_96,Defence Colony
Dehradun,Locality_97,Karanpur
Dehradun,Locality_98,Kishanpur
Dehradun,Locality_99,Jogiwala
Dehradun,Locality_100,Laxman Chowk
Dehradun,Locality_101,Rajpur Road
Dehradun,Locality_102,Sahastradhara Road
Dehradun,Locality_103,Jakhan
Dehradun,Locality_104,Vasant Vihar
Dehradun,Locality_105,Clement Town
Dehradun,Locality_106,Ballupur
Dehradun,Locality_107,Nehru Colony
Dehradun,Locality_108,Dalanwala
Dehradun,Locality_109,Race Course
Dehradun,Locality_110,Patel Nagar
Dehradun,Locality_111,Prem Nagar
Dehradun,Locality_112,Raipur
Dehradun,Locality_113,Malsi
Dehradun,Locality_114,Dharampur
Dehradun,Locality_115,Kaulagarh
Dehradun,Locality_116,Subhash Nagar
Dehradun,Locality_117,Chakrata Road
Dehradun,Locality_118,Turner Road
Dehradun,Locality_119,ISBT
Dehradun,Locality_120,Vijay Park
Dehradun,Locality_121,Defence Colony
Dehradun,Locality_122,Karanpur
Dehradun,Locality_123,Kishanpur
Dehradun,Locality_124,Jogiwala
Dehradun,Locality_125,Laxman Chowk
Dehradun,Locality_126,Rajpur Road
Dehradun,Locality_127,Sahastradhara Road
Dehradun,Locality_128,Jakhan
Dehradun,Locality_129,Vasant Vihar
Dehradun,Locality_130,Clement Town
Dehradun,Locality_131,Ballupur
Dehradun,Locality_132,Nehru Colony
Dehradun,Locality_133,Dalanwala
Dehradun,Locality_134,Race Course
Dehradun,Locality_135,Patel Nagar
Dehradun,Locality_136,Prem Nagar
Dehradun,Locality_137,Raipur
Dehradun,Locality_138,Malsi
Dehradun,Locality_139,Dharampur
Dehradun,Locality_140,Kaulagarh
Dehradun,Locality_141,Subhash Nagar
Dehradun,Locality_142,Chakrata Road
Dehradun,Locality_143,Turner Road
Dehradun,Locality_144,ISBT
Dehradun,Locality_145,Vijay Park
Dehradun,Locality_146,Defence Colony
Dehradun,Locality_147,Karanpur
Dehradun,Locality_148,Kishanpur
Dehradun,Locality_149,Jogiwala
Dehradun,Locality_150,Laxman Chowk
Dehradun,Locality_151,Rajpur Road
Dehradun,Locality_152,Sahastradhara Road
Dehradun,Locality_153,Jakhan
Dehradun,Locality_154,Vasant Vihar
Dehradun,Locality_155,Clement Town
Dehradun,Locality_156,Ballupur
Dehradun,Locality_157,Nehru Colony
Dehradun,Locality_158,Dalanwala
Dehradun,Locality_159,Race Course
Dehradun,Locality_160,Patel Nagar
Dehradun,Locality_161,Prem Nagar
Dehradun,Locality_162,Raipur
Dehradun,Locality_163,Malsi
Dehradun,Locality_164,Dharampur
Dehradun,Locality_165,Kaulagarh
Dehradun,Locality_166,Subhash Nagar
Dehradun,Locality_167,Chakrata Road
Dehradun,Locality_168,Turner Road
Dehradun,Locality_169,ISBT
Dehradun,Locality_170,Vijay Park
Dehradun,Locality_171,Defence Colony
Dehradun,Locality_172,Karanpur
Dehradun,Locality_173,Kishanpur
Dehradun,Locality_174,Jogiwala
Dehradun,Locality_175,Laxman Chowk
Dehradun,Locality_176,Rajpur Road
Dehradun,Locality_177,Sahastradhara Road
Dehradun,Locality_178,Jakhan
Dehradun,Locality_179,Vasant Vihar
Dehradun,Locality_180,Clement Town
Dehradun,Locality_181,Ballupur
Dehradun,Locality_182,Nehru Colony
Dehradun,Locality_183,Dalanwala
Dehradun,Locality_184,Race Course
Dehradun,Locality_185,Patel Nagar
Dehradun,Locality_186,Prem Nagar
Dehradun,Locality_187,Raipur
Dehradun,Locality_188,Malsi
Dehradun,Locality_189,Dharampur
Dehradun,Locality_190,Kaulagarh
Dehradun,Locality_191,Subhash Nagar
Dehradun,Locality_192,Chakrata Road
Dehradun,Locality_193,Turner Road
Dehradun,Locality_194,ISBT
Dehradun,Locality_195,Vijay Park
Dehradun,Locality_196,Defence Colony
Dehradun,Locality_197,Karanpur
Dehradun,Locality_198,Kishanpur
Dehradun,Locality_199,Jogiwala
Dehradun,Locality_200,Laxman Chowk
Dehradun,Locality_201,Rajpur Road
Dehradun,Locality_202,Sahastradhara Road
Dehradun,Locality_203,Jakhan
Dehradun,Locality_204,Vasant Vihar
Dehradun,Locality_205,Clement Town
Dehradun,Locality_206,Ballupur
Dehradun,Locality_207,Nehru Colony
Dehradun,Locality_208,Dalanwala
Dehradun,Locality_209,Race Course
Dehradun,Locality_210,Patel Nagar
Dehradun,Locality_211,Prem Nagar
Dehradun,Locality_212,Raipur
Dehradun,Locality_213,Malsi
Dehradun,Locality_214,Dharampur
Dehradun,Locality_215,Kaulagarh
Dehradun,Locality_216,Subhash Nagar
Dehradun,Locality_217,Chakrata Road
Dehradun,Locality_218,Turner Road
Dehradun,Locality_219,ISBT
Dehradun,Locality_220,Vijay Park
Dehradun,Locality_221,Defence Colony
Dehradun,Locality_222,Karanpur
Dehradun,Locality_223,Kishanpur
Dehradun,Locality_224,Jogiwala
Dehradun,Locality_225,Laxman Chowk
Dehradun,Locality_226,Rajpur Road
Dehradun,Locality_227,Sahastradhara Road
Dehradun,Locality_228,Jakhan
Dehradun,Locality_229,Vasant Vihar
Dehradun,Locality_230,Clement Town
Dehradun,Locality_231,Ballupur
Dehradun,Locality_232,Nehru Colony
Dehradun,Locality_233,Dalanwala
Dehradun,Locality_234,Race Course
Dehradun,Locality_235,Patel Nagar
Dehradun,Locality_236,Prem Nagar
Dehradun,Locality_237,Raipur
Dehradun,Locality_238,Malsi
Dehradun,Locality_239,Dharampur
Dehradun,Locality_240,Kaulagarh
Dehradun,Locality_241,Subhash Nagar
Dehradun,Locality_242,Chakrata Road
Dehradun,Locality_243,Turner Road
Dehradun,Locality_244,ISBT
Dehradun,Locality_245,Vijay Park
Dehradun,Locality_246,Defence Colony
Dehradun,Locality_247,Karanpur
Dehradun,Locality_248,Kishanpur
Dehradun,Locality_249,Jogiwala
Dehradun,Locality_250,Laxman Chowk
Dehradun,Locality_251,Rajpur Road
Dehradun,Locality_252,Sahastradhara Road
Dehradun,Locality_253,Jakhan
Dehradun,Locality_254,Vasant Vihar
Dehradun,Locality_255,Clement Town
Dehradun,Locality_256,Ballupur
Dehradun,Locality_257,Nehru Colony
Dehradun,Locality_258,Dalanwala
Dehradun,Locality_259,Race Course
Dehradun,Locality_260,Patel Nagar
Dehradun,Locality_261,Prem Nagar
Dehradun,Locality_262,Raipur
Dehradun,Locality_263,Malsi
Dehradun,Locality_264,Dharampur
Dehradun,Locality_265,Kaulagarh
Dehradun,Locality_266,Subhash Nagar
Dehradun,Locality_267,Chakrata Road
Dehradun,Locality_268,Turner Road
Dehradun,Locality_269,ISBT
Dehradun,Locality_270,Vijay Park
Dehradun,Locality_271,Defence Colony
Dehradun,Locality_272,Karanpur
Dehradun,Locality_273,Kishanpur
Dehradun,Locality_274,Jogiwala
Dehradun,Locality_275,Laxman Chowk
Dehradun,Locality_276,Rajpur Road
Dehradun,Locality_277,Sahastradhara Road
Dehradun,Locality_278,Jakhan
Dehradun,Locality_279,Vasant Vihar
Dehradun,Locality_280,Clement Town
Dehradun,Locality_281,Ballupur
Dehradun,Locality_282,Nehru Colony
Dehradun,Locality_283,Dalanwala
Dehradun,Locality_284,Race Course
Dehradun,Locality_285,Patel Nagar
Dehradun,Locality_286,Prem Nagar
Dehradun,Locality_287,Raipur
Dehradun,Locality_288,Malsi
Dehradun,Locality_289,Dharampur
Dehradun,Locality_290,Kaulagarh
Dehradun,Locality_291,Subhash Nagar
Dehradun,Locality_292,Chakrata Road
Dehradun,Locality_293,Turner Road
Dehradun,Locality_294,ISBT
Dehradun,Locality_295,Vijay Park
Dehradun,Locality_296,Defence Colony
Dehradun,Locality_297,Karanpur
Dehradun,Locality_298,Kishanpur
Dehradun,Locality_299,Jogiwala
Dehradun,Locality_300,Laxman Chowk
Dehradun,Locality_301,Rajpur Road
Dehradun,Locality_302,Sahastradhara Road
Dehradun,Locality_303,Jakhan
Dehradun,Locality_304,Vasant Vihar
Dehradun,Locality_305,Clement Town
Dehradun,Locality_306,Ballupur
Dehradun,Locality_307,Nehru Colony
Dehradun,Locality_308,Dalanwala
Dehradun,Locality_309,Race Course
Dehradun,Locality_310,Patel Nagar
Dehradun,Locality_311,Prem Nagar
Dehradun,Locality_312,Raipur
Dehradun,Locality_313,Malsi
Dehradun,Locality_314,Dharampur
Dehradun,Locality_315,Kaulagarh
Dehradun,Locality_316,Subhash Nagar
Dehradun,Locality_317,Chakrata Road
Dehradun,Locality_318,Turner Road
Dehradun,Locality_319,ISBT
Dehradun,Locality_320,Vijay Park
Dehradun,Locality_321,Defence Colony
Dehradun,Locality_322,Karanpur
Dehradun,Locality_323,Kishanpur
Dehradun,Locality_324,Jogiwala
Dehradun,Locality_325,Laxman Chowk
Dehradun,Locality_326,Rajpur Road
Dehradun,Locality_327,Sahastradhara Road
Dehradun,Locality_328,Jakhan
Dehradun,Locality_329,Vasant Vihar
Dehradun,Locality_330,Clement Town
Dehradun,Locality_331,Ballupur
Dehradun,Locality_332,Nehru Colony
Dehradun,Locality_333,Dalanwala
Dehradun,Locality_334,Race Course
Dehradun,Locality_335,Patel Nagar
Dehradun,Locality_336,Prem Nagar
Dehradun,Locality_337,Raipur
Dehradun,Locality_338,Malsi
Dehradun,Locality_339,Dharampur
Dehradun,Locality_340,Kaulagarh
Dehradun,Locality_341,Subhash Nagar
Dehradun,Locality_342,Chakrata Road
Dehradun,Locality_343,Turner Road
Dehradun,Locality_344,ISBT
Dehradun,Locality_345,Vijay Park
Dehradun,Locality_346,Defence Colony
Dehradun,Locality_347,Karanpur
Dehradun,Locality_348,Kishanpur
Dehradun,Locality_349,Jogiwala
Dehradun,Locality_350,Laxman Chowk
Dehradun,Locality_351,Rajpur Road
Dehradun,Locality_352,Sahastradhara Road
Dehradun,Locality_353,Jakhan
Dehradun,Locality_354,Vasant Vihar
Dehradun,Locality_355,Clement Town
Dehradun,Locality_356,Ballupur
Dehradun,Locality_357,Nehru Colony
Dehradun,Locality_358,Dalanwala
Dehradun,Locality_359,Race Course
Dehradun,Locality_360,Patel Nagar
Dehradun,Locality_361,Prem Nagar
Dehradun,Locality_362,Raipur
Dehradun,Locality_363,Malsi
Dehradun,Locality_364,Dharampur
Dehradun,Locality_365,Kaulagarh
Dehradun,Locality_366,Subhash Nagar
Dehradun,Locality_367,Chakrata Road
Dehradun,Locality_368,Turner Road
Dehradun,Locality_369,ISBT
Dehradun,Locality_370,Vijay Park
Dehradun,Locality_371,Defence Colony
Dehradun,Locality_372,Karanpur
Dehradun,Locality_373,Kishanpur
Dehradun,Locality_374,Jogiwala
Dehradun,Locality_375,Laxman Chowk
Dehradun,Locality_376,Rajpur Road
Dehradun,Locality_377,Sahastradhara Road
Dehradun,Locality_378,Jakhan
Dehradun,Locality_379,Vasant Vihar
Dehradun,Locality_380,Clement Town
Dehradun,Locality_381,Ballupur
Dehradun,Locality_382,Nehru Colony
Dehradun,Locality_383,Dalanwala
Dehradun,Locality_384,Race Course
Dehradun,Locality_385,Patel Nagar
Dehradun,Locality_386,Prem Nagar
Dehradun,Locality_387,Raipur
Dehradun,Locality_388,Malsi
Dehradun,Locality_389,Dharampur
Dehradun,Locality_390,Kaulagarh
Dehradun,Locality_391,Subhash Nagar
Dehradun,Locality_392,Chakrata Road
Dehradun,Locality_393,Turner Road
Dehradun,Locality_394,ISBT
Dehradun,Locality_395,Vijay Park
Dehradun,Locality_396,Defence Colony
Dehradun,Locality_397,Karanpur
Dehradun,Locality_398,Kishanpur
Dehradun,Locality_399,Jogiwala
Dehradun,Locality_400,Laxman Chowk
Dehradun,Locality_401,Rajpur Road
Dehradun,Locality_402,Sahastradhara Road
Dehradun,Locality_403,Jakhan
Dehradun,Locality_404,Vasant Vihar
Dehradun,Locality_405,Clement Town
Dehradun,Locality_406,Ballupur
Dehradun,Locality_407,Nehru Colony
Dehradun,Locality_408,Dalanwala
Dehradun,Locality_409,Race Course
Dehradun,Locality_410,Patel Nagar
Dehradun,Locality_411,Prem Nagar
Dehradun,Locality_412,Raipur
Dehradun,Locality_413,Malsi
Dehradun,Locality_414,Dharampur
Dehradun,Locality_415,Kaulagarh
Dehradun,Locality_416,Subhash Nagar
Dehradun,Locality_417,Chakrata Road
Dehradun,Locality_418,Turner Road
Dehradun,Locality_419,ISBT
Dehradun,Locality_420,Vijay Park
Dehradun,Locality_421,Defence Colony
Dehradun,Locality_422,Karanpur
Dehradun,Locality_423,Kishanpur
Dehradun,Locality_424,Jogiwala
Dehradun,Locality_425,Laxman Chowk
Dehradun,Locality_426,Rajpur Road
Dehradun,Locality_427,Sahastradhara Road
Dehradun,Locality_428,Jakhan
Dehradun,Locality_429,Vasant Vihar
Dehradun,Locality_430,Clement Town
Dehradun,Locality_431,Ballupur
Dehradun,Locality_432,Nehru Colony
Dehradun,Locality_433,Dalanwala
Dehradun,Locality_434,Race Course
Dehradun,Locality_435,Patel Nagar
Dehradun,Locality_436,Prem Nagar
Dehradun,Locality_437,Raipur
Dehradun,Locality_438,Malsi
Dehradun,Locality_439,Dharampur
Dehradun,Locality_440,Kaulagarh
Dehradun,Locality_441,Subhash Nagar
Dehradun,Locality_442,Chakrata Road
Dehradun,Locality_443,Turner Road
Dehradun,Locality_444,ISBT
Dehradun,Locality_445,Vijay Park
Dehradun,Locality_446,Defence Colony
Dehradun,Locality_447,Karanpur
Dehradun,Locality_448,Kishanpur
Dehradun,Locality_449,Jogiwala
Dehradun,Locality_450,Laxman Chowk
Dehradun,Locality_451,Rajpur Road
Dehradun,Locality_452,Sahastradhara Road
Dehradun,Locality_453,Jakhan
Dehradun,Locality_454,Vasant Vihar
Dehradun,Locality_455,Clement Town
Dehradun,Locality_456,Ballupur
Dehradun,Locality_457,Nehru Colony
Dehradun,Locality_458,Dalanwala
Dehradun,Locality_459,Race Course
Dehradun,Locality_460,Patel Nagar
Dehradun,Locality_461,Prem Nagar
Dehradun,Locality_462,Raipur
Dehradun,Locality_463,Malsi
Dehradun,Locality_464,Dharampur
Dehradun,Locality_465,Kaulagarh
Dehradun,Locality_466,Subhash Nagar
Dehradun,Locality_467,Chakrata Road
Dehradun,Locality_468,Turner Road
Dehradun,Locality_469,ISBT
Dehradun,Locality_470,Vijay Park
Dehradun,Locality_471,Defence Colony
Dehradun,Locality_472,Karanpur
Dehradun,Locality_473,Kishanpur
Dehradun,Locality_474,Jogiwala
Dehradun,Locality_475,Laxman Chowk
Dehradun,Locality_476,Rajpur Road
Dehradun,Locality_477,Sahastradhara Road
Dehradun,Locality_478,Jakhan
Dehradun,Locality_479,Vasant Vihar
Dehradun,Locality_480,Clement Town
Dehradun,Locality_481,Ballupur
Dehradun,Locality_482,Nehru Colony
Dehradun,Locality_483,Dalanwala
Dehradun,Locality_484,Race Course
Dehradun,Locality_485,Patel Nagar
Dehradun,Locality_486,Prem Nagar
Dehradun,Locality_487,Raipur
Dehradun,Locality_488,Malsi
Dehradun,Locality_489,Dharampur
Dehradun,Locality_490,Kaulagarh
Dehradun,Locality_491,Subhash Nagar
Dehradun,Locality_492,Chakrata Road
Dehradun,Locality_493,Turner Road
Dehradun,Locality_494,ISBT
Dehradun,Locality_495,Vijay Park
Dehradun,Locality_496,Defence Colony
Dehradun,Locality_497,Karanpur
Dehradun,Locality_498,Kishanpur
Dehradun,Locality_499,Jogiwala
Dehradun,Locality_500,Laxman Chowk
Durgapur,Locality_1,City Centre
Durgapur,Locality_2,Benachity
Durgapur,Locality_3,Bidhannagar
Durgapur,Locality_4,A-Zone
Durgapur,Locality_5,B-Zone
Durgapur,Locality_6,C-Zone
Durgapur,Locality_7,D-Zone
Durgapur,Locality_8,E-Zone
Durgapur,Locality_9,F-Zone
Durgapur,Locality_10,Muchipara
Durgapur,Locality_11,Fuljhore
Durgapur,Locality_12,Sagarbhanga
Durgapur,Locality_13,Nachan Road
Durgapur,Locality_14,Ambuja
Durgapur,Locality_15,Shankarpur
Durgapur,Locality_16,Andal Road
Durgapur,Locality_17,Steel Township
Durgapur,Locality_18,MAMC Township
Durgapur,Locality_19,Durgapur Bazar
Durgapur,Locality_20,Station Bazar
Durgapur,Locality_21,Sepco Township
Durgapur,Locality_22,Kanksa
Durgapur,Locality_23,Arrah
Durgapur,Locality_24,Kok Oven
Durgapur,Locality_25,Industrial Area
Durgapur,Locality_26,City Centre
Durgapur,Locality_27,Benachity
Durgapur,Locality_28,Bidhannagar
Durgapur,Locality_29,A-Zone
Durgapur,Locality_30,B-Zone
Durgapur,Locality_31,C-Zone
Durgapur,Locality_32,D-Zone
Durgapur,Locality_33,E-Zone
Durgapur,Locality_34,F-Zone
Durgapur,Locality_35,Muchipara
Durgapur,Locality_36,Fuljhore
Durgapur,Locality_37,Sagarbhanga
Durgapur,Locality_38,Nachan Road
Durgapur,Locality_39,Ambuja
Durgapur,Locality_40,Shankarpur
Durgapur,Locality_41,Andal Road
Durgapur,Locality_42,Steel Township
Durgapur,Locality_43,MAMC Township
Durgapur,Locality_44,Durgapur Bazar
Durgapur,Locality_45,Station Bazar
Durgapur,Locality_46,Sepco Township
Durgapur,Locality_47,Kanksa
Durgapur,Locality_48,Arrah
Durgapur,Locality_49,Kok Oven
Durgapur,Locality_50,Industrial Area
Durgapur,Locality_51,City Centre
Durgapur,Locality_52,Benachity
Durgapur,Locality_53,Bidhannagar
Durgapur,Locality_54,A-Zone
Durgapur,Locality_55,B-Zone
Durgapur,Locality_56,C-Zone
Durgapur,Locality_57,D-Zone
Durgapur,Locality_58,E-Zone
Durgapur,Locality_59,F-Zone
Durgapur,Locality_60,Muchipara
Durgapur,Locality_61,Fuljhore
Durgapur,Locality_62,Sagarbhanga
Durgapur,Locality_63,Nachan Road
Durgapur,Locality_64,Ambuja
Durgapur,Locality_65,Shankarpur
Durgapur,Locality_66,Andal Road
Durgapur,Locality_67,Steel Township
Durgapur,Locality_68,MAMC Township
Durgapur,Locality_69,Durgapur Bazar
Durgapur,Locality_70,Station Bazar
Durgapur,Locality_71,Sepco Township
Durgapur,Locality_72,Kanksa
Durgapur,Locality_73,Arrah
Durgapur,Locality_74,Kok Oven
Durgapur,Locality_75,Industrial Area
Durgapur,Locality_76,City Centre
Durgapur,Locality_77,Benachity
Durgapur,Locality_78,Bidhannagar
Durgapur,Locality_79,A-Zone
Durgapur,Locality_80,B-Zone
Durgapur,Locality_81,C-Zone
Durgapur,Locality_82,D-Zone
Durgapur,Locality_83,E-Zone
Durgapur,Locality_84,F-Zone
Durgapur,Locality_85,Muchipara
Durgapur,Locality_86,Fuljhore
Durgapur,Locality_87,Sagarbhanga
Durgapur,Locality_88,Nachan Road
Durgapur,Locality_89,Ambuja
Durgapur,Locality_90,Shankarpur
Durgapur,Locality_91,Andal Road
Durgapur,Locality_92,Steel Township
Durgapur,Locality_93,MAMC Township
Durgapur,Locality_94,Durgapur Bazar
Durgapur,Locality_95,Station Bazar
Durgapur,Locality_96,Sepco Township
Durgapur,Locality_97,Kanksa
Durgapur,Locality_98,Arrah
Durgapur,Locality_99,Kok Oven
Durgapur,Locality_100,Industrial Area
Durgapur,Locality_101,City Centre
Durgapur,Locality_102,Benachity
Durgapur,Locality_103,Bidhannagar
Durgapur,Locality_104,A-Zone
Durgapur,Locality_105,B-Zone
Durgapur,Locality_106,C-Zone
Durgapur,Locality_107,D-Zone
Durgapur,Locality_108,E-Zone
Durgapur,Locality_109,F-Zone
Durgapur,Locality_110,Muchipara
Durgapur,Locality_111,Fuljhore
Durgapur,Locality_112,Sagarbhanga
Durgapur,Locality_113,Nachan Road
Durgapur,Locality_114,Ambuja
Durgapur,Locality_115,Shankarpur
Durgapur,Locality_116,Andal Road
Durgapur,Locality_117,Steel Township
Durgapur,Locality_118,MAMC Township
Durgapur,Locality_119,Durgapur Bazar
Durgapur,Locality_120,Station Bazar
Durgapur,Locality_121,Sepco Township
Durgapur,Locality_122,Kanksa
Durgapur,Locality_123,Arrah
Durgapur,Locality_124,Kok Oven
Durgapur,Locality_125,Industrial Area
Durgapur,Locality_126,City Centre
Durgapur,Locality_127,Benachity
Durgapur,Locality_128,Bidhannagar
Durgapur,Locality_129,A-Zone
Durgapur,Locality_130,B-Zone
Durgapur,Locality_131,C-Zone
Durgapur,Locality_132,D-Zone
Durgapur,Locality_133,E-Zone
Durgapur,Locality_134,F-Zone
Durgapur,Locality_135,Muchipara
Durgapur,Locality_136,Fuljhore
Durgapur,Locality_137,Sagarbhanga
Durgapur,Locality_138,Nachan Road
Durgapur,Locality_139,Ambuja
Durgapur,Locality_140,Shankarpur
Durgapur,Locality_141,Andal Road
Durgapur,Locality_142,Steel Township
Durgapur,Locality_143,MAMC Township
Durgapur,Locality_144,Durgapur Bazar
Durgapur,Locality_145,Station Bazar
Durgapur,Locality_146,Sepco Township
Durgapur,Locality_147,Kanksa
Durgapur,Locality_148,Arrah
Durgapur,Locality_149,Kok Oven
Durgapur,Locality_150,Industrial Area
Durgapur,Locality_151,City Centre
Durgapur,Locality_152,Benachity
Durgapur,Locality_153,Bidhannagar
Durgapur,Locality_154,A-Zone
Durgapur,Locality_155,B-Zone
Durgapur,Locality_156,C-Zone
Durgapur,Locality_157,D-Zone
Durgapur,Locality_158,E-Zone
Durgapur,Locality_159,F-Zone
Durgapur,Locality_160,Muchipara
Durgapur,Locality_161,Fuljhore
Durgapur,Locality_162,Sagarbhanga
Durgapur,Locality_163,Nachan Road
Durgapur,Locality_164,Ambuja
Durgapur,Locality_165,Shankarpur
Durgapur,Locality_166,Andal Road
Durgapur,Locality_167,Steel Township
Durgapur,Locality_168,MAMC Township
Durgapur,Locality_169,Durgapur Bazar
Durgapur,Locality_170,Station Bazar
Durgapur,Locality_171,Sepco Township
Durgapur,Locality_172,Kanksa
Durgapur,Locality_173,Arrah
Durgapur,Locality_174,Kok Oven
Durgapur,Locality_175,Industrial Area
Durgapur,Locality_176,City Centre
Durgapur,Locality_177,Benachity
Durgapur,Locality_178,Bidhannagar
Durgapur,Locality_179,A-Zone
Durgapur,Locality_180,B-Zone
Durgapur,Locality_181,C-Zone
Durgapur,Locality_182,D-Zone
Durgapur,Locality_183,E-Zone
Durgapur,Locality_184,F-Zone
Durgapur,Locality_185,Muchipara
Durgapur,Locality_186,Fuljhore
Durgapur,Locality_187,Sagarbhanga
Durgapur,Locality_188,Nachan Road
Durgapur,Locality_189,Ambuja
Durgapur,Locality_190,Shankarpur
Durgapur,Locality_191,Andal Road
Durgapur,Locality_192,Steel Township
Durgapur,Locality_193,MAMC Township
Durgapur,Locality_194,Durgapur Bazar
Durgapur,Locality_195,Station Bazar
Durgapur,Locality_196,Sepco Township
Durgapur,Locality_197,Kanksa
Durgapur,Locality_198,Arrah
Durgapur,Locality_199,Kok Oven
Durgapur,Locality_200,Industrial Area
Durgapur,Locality_201,City Centre
Durgapur,Locality_202,Benachity
Durgapur,Locality_203,Bidhannagar
Durgapur,Locality_204,A-Zone
Durgapur,Locality_205,B-Zone
Durgapur,Locality_206,C-Zone
Durgapur,Locality_207,D-Zone
Durgapur,Locality_208,E-Zone
Durgapur,Locality_209,F-Zone
Durgapur,Locality_210,Muchipara
Durgapur,Locality_211,Fuljhore
Durgapur,Locality_212,Sagarbhanga
Durgapur,Locality_213,Nachan Road
Durgapur,Locality_214,Ambuja
Durgapur,Locality_215,Shankarpur
Durgapur,Locality_216,Andal Road
Durgapur,Locality_217,Steel Township
Durgapur,Locality_218,MAMC Township
Durgapur,Locality_219,Durgapur Bazar
Durgapur,Locality_220,Station Bazar
Durgapur,Locality_221,Sepco Township
Durgapur,Locality_222,Kanksa
Durgapur,Locality_223,Arrah
Durgapur,Locality_224,Kok Oven
Durgapur,Locality_225,Industrial Area
Durgapur,Locality_226,City Centre
Durgapur,Locality_227,Benachity
Durgapur,Locality_228,Bidhannagar
Durgapur,Locality_229,A-Zone
Durgapur,Locality_230,B-Zone
Durgapur,Locality_231,C-Zone
Durgapur,Locality_232,D-Zone
Durgapur,Locality_233,E-Zone
Durgapur,Locality_234,F-Zone
Durgapur,Locality_235,Muchipara
Durgapur,Locality_236,Fuljhore
Durgapur,Locality_237,Sagarbhanga
Durgapur,Locality_238,Nachan Road
Durgapur,Locality_239,Ambuja
Durgapur,Locality_240,Shankarpur
Durgapur,Locality_241,Andal Road
Durgapur,Locality_242,Steel Township
Durgapur,Locality_243,MAMC Township
Durgapur,Locality_244,Durgapur Bazar
Durgapur,Locality_245,Station Bazar
Durgapur,Locality_246,Sepco Township
Durgapur,Locality_247,Kanksa
Durgapur,Locality_248,Arrah
Durgapur,Locality_249,Kok Oven
Durgapur,Locality_250,Industrial Area
Durgapur,Locality_251,City Centre
Durgapur,Locality_252,Benachity
Durgapur,Locality_253,Bidhannagar
Durgapur,Locality_254,A-Zone
Durgapur,Locality_255,B-Zone
Durgapur,Locality_256,C-Zone
Durgapur,Locality_257,D-Zone
Durgapur,Locality_258,E-Zone
Durgapur,Locality_259,F-Zone
Durgapur,Locality_260,Muchipara
Durgapur,Locality_261,Fuljhore
Durgapur,Locality_262,Sagarbhanga
Durgapur,Locality_263,Nachan Road
Durgapur,Locality_264,Ambuja
Durgapur,Locality_265,Shankarpur
Durgapur,Locality_266,Andal Road
Durgapur,Locality_267,Steel Township
Durgapur,Locality_268,MAMC Township
Durgapur,Locality_269,Durgapur Bazar
Durgapur,Locality_270,Station Bazar
Durgapur,Locality_271,Sepco Township
Durgapur,Locality_272,Kanksa
Durgapur,Locality_273,Arrah
Durgapur,Locality_274,Kok Oven
Durgapur,Locality_275,Industrial Area
Durgapur,Locality_276,City Centre
Durgapur,Locality_277,Benachity
Durgapur,Locality_278,Bidhannagar
Durgapur,Locality_279,A-Zone
Durgapur,Locality_280,B-Zone
Durgapur,Locality_281,C-Zone
Durgapur,Locality_282,D-Zone
Durgapur,Locality_283,E-Zone
Durgapur,Locality_284,F-Zone
Durgapur,Locality_285,Muchipara
Durgapur,Locality_286,Fuljhore
Durgapur,Locality_287,Sagarbhanga
Durgapur,Locality_288,Nachan Road
Durgapur,Locality_289,Ambuja
Durgapur,Locality_290,Shankarpur
Durgapur,Locality_291,Andal Road
Durgapur,Locality_292,Steel Township
Durgapur,Locality_293,MAMC Township
Durgapur,Locality_294,Durgapur Bazar
Durgapur,Locality_295,Station Bazar
Durgapur,Locality_296,Sepco Township
Durgapur,Locality_297,Kanksa
Durgapur,Locality_298,Arrah
Durgapur,Locality_299,Kok Oven
Durgapur,Locality_300,Industrial Area
Durgapur,Locality_301,City Centre
Durgapur,Locality_302,Benachity
Durgapur,Locality_303,Bidhannagar
Durgapur,Locality_304,A-Zone
Durgapur,Locality_305,B-Zone
Durgapur,Locality_306,C-Zone
Durgapur,Locality_307,D-Zone
Durgapur,Locality_308,E-Zone
Durgapur,Locality_309,F-Zone
Durgapur,Locality_310,Muchipara
Durgapur,Locality_311,Fuljhore
Durgapur,Locality_312,Sagarbhanga
Durgapur,Locality_313,Nachan Road
Durgapur,Locality_314,Ambuja
Durgapur,Locality_315,Shankarpur
Durgapur,Locality_316,Andal Road
Durgapur,Locality_317,Steel Township
Durgapur,Locality_318,MAMC Township
Durgapur,Locality_319,Durgapur Bazar
Durgapur,Locality_320,Station Bazar
Durgapur,Locality_321,Sepco Township
Durgapur,Locality_322,Kanksa
Durgapur,Locality_323,Arrah
Durgapur,Locality_324,Kok Oven
Durgapur,Locality_325,Industrial Area
Durgapur,Locality_326,City Centre
Durgapur,Locality_327,Benachity
Durgapur,Locality_328,Bidhannagar
Durgapur,Locality_329,A-Zone
Durgapur,Locality_330,B-Zone
Durgapur,Locality_331,C-Zone
Durgapur,Locality_332,D-Zone
Durgapur,Locality_333,E-Zone
Durgapur,Locality_334,F-Zone
Durgapur,Locality_335,Muchipara
Durgapur,Locality_336,Fuljhore
Durgapur,Locality_337,Sagarbhanga
Durgapur,Locality_338,Nachan Road
Durgapur,Locality_339,Ambuja
Durgapur,Locality_340,Shankarpur
Durgapur,Locality_341,Andal Road
Durgapur,Locality_342,Steel Township
Durgapur,Locality_343,MAMC Township
Durgapur,Locality_344,Durgapur Bazar
Durgapur,Locality_345,Station Bazar
Durgapur,Locality_346,Sepco Township
Durgapur,Locality_347,Kanksa
Durgapur,Locality_348,Arrah
Durgapur,Locality_349,Kok Oven
Durgapur,Locality_350,Industrial Area
Durgapur,Locality_351,City Centre
Durgapur,Locality_352,Benachity
Durgapur,Locality_353,Bidhannagar
Durgapur,Locality_354,A-Zone
Durgapur,Locality_355,B-Zone
Durgapur,Locality_356,C-Zone
Durgapur,Locality_357,D-Zone
Durgapur,Locality_358,E-Zone
Durgapur,Locality_359,F-Zone
Durgapur,Locality_360,Muchipara
Durgapur,Locality_361,Fuljhore
Durgapur,Locality_362,Sagarbhanga
Durgapur,Locality_363,Nachan Road
Durgapur,Locality_364,Ambuja
Durgapur,Locality_365,Shankarpur
Durgapur,Locality_366,Andal Road
Durgapur,Locality_367,Steel Township
Durgapur,Locality_368,MAMC Township
Durgapur,Locality_369,Durgapur Bazar
Durgapur,Locality_370,Station Bazar
Durgapur,Locality_371,Sepco Township
Durgapur,Locality_372,Kanksa
Durgapur,Locality_373,Arrah
Durgapur,Locality_374,Kok Oven
Durgapur,Locality_375,Industrial Area
Durgapur,Locality_376,City Centre
Durgapur,Locality_377,Benachity
Durgapur,Locality_378,Bidhannagar
Durgapur,Locality_379,A-Zone
Durgapur,Locality_380,B-Zone
Durgapur,Locality_381,C-Zone
Durgapur,Locality_382,D-Zone
Durgapur,Locality_383,E-Zone
Durgapur,Locality_384,F-Zone
Durgapur,Locality_385,Muchipara
Durgapur,Locality_386,Fuljhore
Durgapur,Locality_387,Sagarbhanga
Durgapur,Locality_388,Nachan Road
Durgapur,Locality_389,Ambuja
Durgapur,Locality_390,Shankarpur
Durgapur,Locality_391,Andal Road
Durgapur,Locality_392,Steel Township
Durgapur,Locality_393,MAMC Township
Durgapur,Locality_394,Durgapur Bazar
Durgapur,Locality_395,Station Bazar
Durgapur,Locality_396,Sepco Township
Durgapur,Locality_397,Kanksa
Durgapur,Locality_398,Arrah
Durgapur,Locality_399,Kok Oven
Durgapur,Locality_400,Industrial Area
Durgapur,Locality_401,City Centre
Durgapur,Locality_402,Benachity
Durgapur,Locality_403,Bidhannagar
Durgapur,Locality_404,A-Zone
Durgapur,Locality_405,B-Zone
Durgapur,Locality_406,C-Zone
Durgapur,Locality_407,D-Zone
Durgapur,Locality_408,E-Zone
Durgapur,Locality_409,F-Zone
Durgapur,Locality_410,Muchipara
Durgapur,Locality_411,Fuljhore
Durgapur,Locality_412,Sagarbhanga
Durgapur,Locality_413,Nachan Road
Durgapur,Locality_414,Ambuja
Durgapur,Locality_415,Shankarpur
Durgapur,Locality_416,Andal Road
Durgapur,Locality_417,Steel Township
Durgapur,Locality_418,MAMC Township
Durgapur,Locality_419,Durgapur Bazar
Durgapur,Locality_420,Station Bazar
Durgapur,Locality_421,Sepco Township
Durgapur,Locality_422,Kanksa
Durgapur,Locality_423,Arrah
Durgapur,Locality_424,Kok Oven
Durgapur,Locality_425,Industrial Area
Durgapur,Locality_426,City Centre
Durgapur,Locality_427,Benachity
Durgapur,Locality_428,Bidhannagar
Durgapur,Locality_429,A-Zone
Durgapur,Locality_430,B-Zone
Durgapur,Locality_431,C-Zone
Durgapur,Locality_432,D-Zone
Durgapur,Locality_433,E-Zone
Durgapur,Locality_434,F-Zone
Durgapur,Locality_435,Muchipara
Durgapur,Locality_436,Fuljhore
Durgapur,Locality_437,Sagarbhanga
Durgapur,Locality_438,Nachan Road
Durgapur,Locality_439,Ambuja
Durgapur,Locality_440,Shankarpur
Durgapur,Locality_441,Andal Road
Durgapur,Locality_442,Steel Township
Durgapur,Locality_443,MAMC Township
Durgapur,Locality_444,Durgapur Bazar
Durgapur,Locality_445,Station Bazar
Durgapur,Locality_446,Sepco Township
Durgapur,Locality_447,Kanksa
Durgapur,Locality_448,Arrah
Durgapur,Locality_449,Kok Oven
Durgapur,Locality_450,Industrial Area
Durgapur,Locality_451,City Centre
Durgapur,Locality_452,Benachity
Durgapur,Locality_453,Bidhannagar
Durgapur,Locality_454,A-Zone
Durgapur,Locality_455,B-Zone
Durgapur,Locality_456,C-Zone
Durgapur,Locality_457,D-Zone
Durgapur,Locality_458,E-Zone
Durgapur,Locality_459,F-Zone
Durgapur,Locality_460,Muchipara
Durgapur,Locality_461,Fuljhore
Durgapur,Locality_462,Sagarbhanga
Durgapur,Locality_463,Nachan Road
Durgapur,Locality_464,Ambuja
Durgapur,Locality_465,Shankarpur
Durgapur,Locality_466,Andal Road
Durgapur,Locality_467,Steel Township
Durgapur,Locality_468,MAMC Township
Durgapur,Locality_469,Durgapur Bazar
Durgapur,Locality_470,Station Bazar
Durgapur,Locality_471,Sepco Township
Durgapur,Locality_472,Kanksa
Durgapur,Locality_473,Arrah
Durgapur,Locality_474,Kok Oven
Durgapur,Locality_475,Industrial Area
Durgapur,Locality_476,City Centre
Durgapur,Locality_477,Benachity
Durgapur,Locality_478,Bidhannagar
Durgapur,Locality_479,A-Zone
Durgapur,Locality_480,B-Zone
Durgapur,Locality_481,C-Zone
Durgapur,Locality_482,D-Zone
Durgapur,Locality_483,E-Zone
Durgapur,Locality_484,F-Zone
Durgapur,Locality_485,Muchipara
Durgapur,Locality_486,Fuljhore
Durgapur,Locality_487,Sagarbhanga
Durgapur,Locality_488,Nachan Road
Durgapur,Locality_489,Ambuja
Durgapur,Locality_490,Shankarpur
Durgapur,Locality_491,Andal Road
Durgapur,Locality_492,Steel Township
Durgapur,Locality_493,MAMC Township
Durgapur,Locality_494,Durgapur Bazar
Durgapur,Locality_495,Station Bazar
Durgapur,Locality_496,Sepco Township
Durgapur,Locality_497,Kanksa
Durgapur,Locality_498,Arrah
Durgapur,Locality_499,Kok Oven
Durgapur,Locality_500,Industrial Area
Dwarka,Locality_1,Dwarka Sector 1
Dwarka,Locality_2,Dwarka Sector 2
Dwarka,Locality_3,Dwarka Sector 3
Dwarka,Locality_4,Dwarka Sector 4
Dwarka,Locality_5,Dwarka Sector 5
Dwarka,Locality_6,Dwarka Sector 6
Dwarka,Locality_7,Dwarka Sector 7
Dwarka,Locality_8,Dwarka Sector 8
Dwarka,Locality_9,Dwarka Sector 9
Dwarka,Locality_10,Dwarka Sector 10
Dwarka,Locality_11,Dwarka Sector 11
Dwarka,Locality_12,Dwarka Sector 12
Dwarka,Locality_13,Dwarka Sector 13
Dwarka,Locality_14,Dwarka Sector 14
Dwarka,Locality_15,Dwarka Sector 17
Dwarka,Locality_16,Dwarka Sector 18
Dwarka,Locality_17,Dwarka Sector 19
Dwarka,Locality_18,Dwarka Sector 20
Dwarka,Locality_19,Dwarka Sector 21
Dwarka,Locality_20,Dwarka Sector 22
Dwarka,Locality_21,Dwarka Sector 23
Dwarka,Locality_22,Dwarka Sector 24
Dwarka,Locality_23,Dwarka Sector 25
Dwarka,Locality_24,Palam Vihar
Dwarka,Locality_25,Mahavir Enclave
Dwarka,Locality_26,Dwarka Sector 1
Dwarka,Locality_27,Dwarka Sector 2
Dwarka,Locality_28,Dwarka Sector 3
Dwarka,Locality_29,Dwarka Sector 4
Dwarka,Locality_30,Dwarka Sector 5
Dwarka,Locality_31,Dwarka Sector 6
Dwarka,Locality_32,Dwarka Sector 7
Dwarka,Locality_33,Dwarka Sector 8
Dwarka,Locality_34,Dwarka Sector 9
Dwarka,Locality_35,Dwarka Sector 10
Dwarka,Locality_36,Dwarka Sector 11
Dwarka,Locality_37,Dwarka Sector 12
Dwarka,Locality_38,Dwarka Sector 13
Dwarka,Locality_39,Dwarka Sector 14
Dwarka,Locality_40,Dwarka Sector 17
Dwarka,Locality_41,Dwarka Sector 18
Dwarka,Locality_42,Dwarka Sector 19
Dwarka,Locality_43,Dwarka Sector 20
Dwarka,Locality_44,Dwarka Sector 21
Dwarka,Locality_45,Dwarka Sector 22
Dwarka,Locality_46,Dwarka Sector 23
Dwarka,Locality_47,Dwarka Sector 24
Dwarka,Locality_48,Dwarka Sector 25
Dwarka,Locality_49,Palam Vihar
Dwarka,Locality_50,Mahavir Enclave
Dwarka,Locality_51,Dwarka Sector 1
Dwarka,Locality_52,Dwarka Sector 2
Dwarka,Locality_53,Dwarka Sector 3
Dwarka,Locality_54,Dwarka Sector 4
Dwarka,Locality_55,Dwarka Sector 5
Dwarka,Locality_56,Dwarka Sector 6
Dwarka,Locality_57,Dwarka Sector 7
Dwarka,Locality_58,Dwarka Sector 8
Dwarka,Locality_59,Dwarka Sector 9
Dwarka,Locality_60,Dwarka Sector 10
Dwarka,Locality_61,Dwarka Sector 11
Dwarka,Locality_62,Dwarka Sector 12
Dwarka,Locality_63,Dwarka Sector 13
Dwarka,Locality_64,Dwarka Sector 14
Dwarka,Locality_65,Dwarka Sector 17
Dwarka,Locality_66,Dwarka Sector 18
Dwarka,Locality_67,Dwarka Sector 19
Dwarka,Locality_68,Dwarka Sector 20
Dwarka,Locality_69,Dwarka Sector 21
Dwarka,Locality_70,Dwarka Sector 22
Dwarka,Locality_71,Dwarka Sector 23
Dwarka,Locality_72,Dwarka Sector 24
Dwarka,Locality_73,Dwarka Sector 25
Dwarka,Locality_74,Palam Vihar
Dwarka,Locality_75,Mahavir Enclave
Dwarka,Locality_76,Dwarka Sector 1
Dwarka,Locality_77,Dwarka Sector 2
Dwarka,Locality_78,Dwarka Sector 3
Dwarka,Locality_79,Dwarka Sector 4
Dwarka,Locality_80,Dwarka Sector 5
Dwarka,Locality_81,Dwarka Sector 6
Dwarka,Locality_82,Dwarka Sector 7
Dwarka,Locality_83,Dwarka Sector 8
Dwarka,Locality_84,Dwarka Sector 9
Dwarka,Locality_85,Dwarka Sector 10
Dwarka,Locality_86,Dwarka Sector 11
Dwarka,Locality_87,Dwarka Sector 12
Dwarka,Locality_88,Dwarka Sector 13
Dwarka,Locality_89,Dwarka Sector 14
Dwarka,Locality_90,Dwarka Sector 17
Dwarka,Locality_91,Dwarka Sector 18
Dwarka,Locality_92,Dwarka Sector 19
Dwarka,Locality_93,Dwarka Sector 20
Dwarka,Locality_94,Dwarka Sector 21
Dwarka,Locality_95,Dwarka Sector 22
Dwarka,Locality_96,Dwarka Sector 23
Dwarka,Locality_97,Dwarka Sector 24
Dwarka,Locality_98,Dwarka Sector 25
Dwarka,Locality_99,Palam Vihar
Dwarka,Locality_100,Mahavir Enclave
Dwarka,Locality_101,Dwarka Sector 1
Dwarka,Locality_102,Dwarka Sector 2
Dwarka,Locality_103,Dwarka Sector 3
Dwarka,Locality_104,Dwarka Sector 4
Dwarka,Locality_105,Dwarka Sector 5
Dwarka,Locality_106,Dwarka Sector 6
Dwarka,Locality_107,Dwarka Sector 7
Dwarka,Locality_108,Dwarka Sector 8
Dwarka,Locality_109,Dwarka Sector 9
Dwarka,Locality_110,Dwarka Sector 10
Dwarka,Locality_111,Dwarka Sector 11
Dwarka,Locality_112,Dwarka Sector 12
Dwarka,Locality_113,Dwarka Sector 13
Dwarka,Locality_114,Dwarka Sector 14
Dwarka,Locality_115,Dwarka Sector 17
Dwarka,Locality_116,Dwarka Sector 18
Dwarka,Locality_117,Dwarka Sector 19
Dwarka,Locality_118,Dwarka Sector 20
Dwarka,Locality_119,Dwarka Sector 21
Dwarka,Locality_120,Dwarka Sector 22
Dwarka,Locality_121,Dwarka Sector 23
Dwarka,Locality_122,Dwarka Sector 24
Dwarka,Locality_123,Dwarka Sector 25
Dwarka,Locality_124,Palam Vihar
Dwarka,Locality_125,Mahavir Enclave
Dwarka,Locality_126,Dwarka Sector 1
Dwarka,Locality_127,Dwarka Sector 2
Dwarka,Locality_128,Dwarka Sector 3
Dwarka,Locality_129,Dwarka Sector 4
Dwarka,Locality_130,Dwarka Sector 5
Dwarka,Locality_131,Dwarka Sector 6
Dwarka,Locality_132,Dwarka Sector 7
Dwarka,Locality_133,Dwarka Sector 8
Dwarka,Locality_134,Dwarka Sector 9
Dwarka,Locality_135,Dwarka Sector 10
Dwarka,Locality_136,Dwarka Sector 11
Dwarka,Locality_137,Dwarka Sector 12
Dwarka,Locality_138,Dwarka Sector 13
Dwarka,Locality_139,Dwarka Sector 14
Dwarka,Locality_140,Dwarka Sector 17
Dwarka,Locality_141,Dwarka Sector 18
Dwarka,Locality_142,Dwarka Sector 19
Dwarka,Locality_143,Dwarka Sector 20
Dwarka,Locality_144,Dwarka Sector 21
Dwarka,Locality_145,Dwarka Sector 22
Dwarka,Locality_146,Dwarka Sector 23
Dwarka,Locality_147,Dwarka Sector 24
Dwarka,Locality_148,Dwarka Sector 25
Dwarka,Locality_149,Palam Vihar
Dwarka,Locality_150,Mahavir Enclave
Dwarka,Locality_151,Dwarka Sector 1
Dwarka,Locality_152,Dwarka Sector 2
Dwarka,Locality_153,Dwarka Sector 3
Dwarka,Locality_154,Dwarka Sector 4
Dwarka,Locality_155,Dwarka Sector 5
Dwarka,Locality_156,Dwarka Sector 6
Dwarka,Locality_157,Dwarka Sector 7
Dwarka,Locality_158,Dwarka Sector 8
Dwarka,Locality_159,Dwarka Sector 9
Dwarka,Locality_160,Dwarka Sector 10
Dwarka,Locality_161,Dwarka Sector 11
Dwarka,Locality_162,Dwarka Sector 12
Dwarka,Locality_163,Dwarka Sector 13
Dwarka,Locality_164,Dwarka Sector 14
Dwarka,Locality_165,Dwarka Sector 17
Dwarka,Locality_166,Dwarka Sector 18
Dwarka,Locality_167,Dwarka Sector 19
Dwarka,Locality_168,Dwarka Sector 20
Dwarka,Locality_169,Dwarka Sector 21
Dwarka,Locality_170,Dwarka Sector 22
Dwarka,Locality_171,Dwarka Sector 23
Dwarka,Locality_172,Dwarka Sector 24
Dwarka,Locality_173,Dwarka Sector 25
Dwarka,Locality_174,Palam Vihar
Dwarka,Locality_175,Mahavir Enclave
Dwarka,Locality_176,Dwarka Sector 1
Dwarka,Locality_177,Dwarka Sector 2
Dwarka,Locality_178,Dwarka Sector 3
Dwarka,Locality_179,Dwarka Sector 4
Dwarka,Locality_180,Dwarka Sector 5
Dwarka,Locality_181,Dwarka Sector 6
Dwarka,Locality_182,Dwarka Sector 7
Dwarka,Locality_183,Dwarka Sector 8
Dwarka,Locality_184,Dwarka Sector 9
Dwarka,Locality_185,Dwarka Sector 10
Dwarka,Locality_186,Dwarka Sector 11
Dwarka,Locality_187,Dwarka Sector 12
Dwarka,Locality_188,Dwarka Sector 13
Dwarka,Locality_189,Dwarka Sector 14
Dwarka,Locality_190,Dwarka Sector 17
Dwarka,Locality_191,Dwarka Sector 18
Dwarka,Locality_192,Dwarka Sector 19
Dwarka,Locality_193,Dwarka Sector 20
Dwarka,Locality_194,Dwarka Sector 21
Dwarka,Locality_195,Dwarka Sector 22
Dwarka,Locality_196,Dwarka Sector 23
Dwarka,Locality_197,Dwarka Sector 24
Dwarka,Locality_198,Dwarka Sector 25
Dwarka,Locality_199,Palam Vihar
Dwarka,Locality_200,Mahavir Enclave
Dwarka,Locality_201,Dwarka Sector 1
Dwarka,Locality_202,Dwarka Sector 2
Dwarka,Locality_203,Dwarka Sector 3
Dwarka,Locality_204,Dwarka Sector 4
Dwarka,Locality_205,Dwarka Sector 5
Dwarka,Locality_206,Dwarka Sector 6
Dwarka,Locality_207,Dwarka Sector 7
Dwarka,Locality_208,Dwarka Sector 8
Dwarka,Locality_209,Dwarka Sector 9
Dwarka,Locality_210,Dwarka Sector 10
Dwarka,Locality_211,Dwarka Sector 11
Dwarka,Locality_212,Dwarka Sector 12
Dwarka,Locality_213,Dwarka Sector 13
Dwarka,Locality_214,Dwarka Sector 14
Dwarka,Locality_215,Dwarka Sector 17
Dwarka,Locality_216,Dwarka Sector 18
Dwarka,Locality_217,Dwarka Sector 19
Dwarka,Locality_218,Dwarka Sector 20
Dwarka,Locality_219,Dwarka Sector 21
Dwarka,Locality_220,Dwarka Sector 22
Dwarka,Locality_221,Dwarka Sector 23
Dwarka,Locality_222,Dwarka Sector 24
Dwarka,Locality_223,Dwarka Sector 25
Dwarka,Locality_224,Palam Vihar
Dwarka,Locality_225,Mahavir Enclave
Dwarka,Locality_226,Dwarka Sector 1
Dwarka,Locality_227,Dwarka Sector 2
Dwarka,Locality_228,Dwarka Sector 3
Dwarka,Locality_229,Dwarka Sector 4
Dwarka,Locality_230,Dwarka Sector 5
Dwarka,Locality_231,Dwarka Sector 6
Dwarka,Locality_232,Dwarka Sector 7
Dwarka,Locality_233,Dwarka Sector 8
Dwarka,Locality_234,Dwarka Sector 9
Dwarka,Locality_235,Dwarka Sector 10
Dwarka,Locality_236,Dwarka Sector 11
Dwarka,Locality_237,Dwarka Sector 12
Dwarka,Locality_238,Dwarka Sector 13
Dwarka,Locality_239,Dwarka Sector 14
Dwarka,Locality_240,Dwarka Sector 17
Dwarka,Locality_241,Dwarka Sector 18
Dwarka,Locality_242,Dwarka Sector 19
Dwarka,Locality_243,Dwarka Sector 20
Dwarka,Locality_244,Dwarka Sector 21
Dwarka,Locality_245,Dwarka Sector 22
Dwarka,Locality_246,Dwarka Sector 23
Dwarka,Locality_247,Dwarka Sector 24
Dwarka,Locality_248,Dwarka Sector 25
Dwarka,Locality_249,Palam Vihar
Dwarka,Locality_250,Mahavir Enclave
Dwarka,Locality_251,Dwarka Sector 1
Dwarka,Locality_252,Dwarka Sector 2
Dwarka,Locality_253,Dwarka Sector 3
Dwarka,Locality_254,Dwarka Sector 4
Dwarka,Locality_255,Dwarka Sector 5
Dwarka,Locality_256,Dwarka Sector 6
Dwarka,Locality_257,Dwarka Sector 7
Dwarka,Locality_258,Dwarka Sector 8
Dwarka,Locality_259,Dwarka Sector 9
Dwarka,Locality_260,Dwarka Sector 10
Dwarka,Locality_261,Dwarka Sector 11
Dwarka,Locality_262,Dwarka Sector 12
Dwarka,Locality_263,Dwarka Sector 13
Dwarka,Locality_264,Dwarka Sector 14
Dwarka,Locality_265,Dwarka Sector 17
Dwarka,Locality_266,Dwarka Sector 18
Dwarka,Locality_267,Dwarka Sector 19
Dwarka,Locality_268,Dwarka Sector 20
Dwarka,Locality_269,Dwarka Sector 21
Dwarka,Locality_270,Dwarka Sector 22
Dwarka,Locality_271,Dwarka Sector 23
Dwarka,Locality_272,Dwarka Sector 24
Dwarka,Locality_273,Dwarka Sector 25
Dwarka,Locality_274,Palam Vihar
Dwarka,Locality_275,Mahavir Enclave
Dwarka,Locality_276,Dwarka Sector 1
Dwarka,Locality_277,Dwarka Sector 2
Dwarka,Locality_278,Dwarka Sector 3
Dwarka,Locality_279,Dwarka Sector 4
Dwarka,Locality_280,Dwarka Sector 5
Dwarka,Locality_281,Dwarka Sector 6
Dwarka,Locality_282,Dwarka Sector 7
Dwarka,Locality_283,Dwarka Sector 8
Dwarka,Locality_284,Dwarka Sector 9
Dwarka,Locality_285,Dwarka Sector 10
Dwarka,Locality_286,Dwarka Sector 11
Dwarka,Locality_287,Dwarka Sector 12
Dwarka,Locality_288,Dwarka Sector 13
Dwarka,Locality_289,Dwarka Sector 14
Dwarka,Locality_290,Dwarka Sector 17
Dwarka,Locality_291,Dwarka Sector 18
Dwarka,Locality_292,Dwarka Sector 19
Dwarka,Locality_293,Dwarka Sector 20
Dwarka,Locality_294,Dwarka Sector 21
Dwarka,Locality_295,Dwarka Sector 22
Dwarka,Locality_296,Dwarka Sector 23
Dwarka,Locality_297,Dwarka Sector 24
Dwarka,Locality_298,Dwarka Sector 25
Dwarka,Locality_299,Palam Vihar
Dwarka,Locality_300,Mahavir Enclave
Dwarka,Locality_301,Dwarka Sector 1
Dwarka,Locality_302,Dwarka Sector 2
Dwarka,Locality_303,Dwarka Sector 3
Dwarka,Locality_304,Dwarka Sector 4
Dwarka,Locality_305,Dwarka Sector 5
Dwarka,Locality_306,Dwarka Sector 6
Dwarka,Locality_307,Dwarka Sector 7
Dwarka,Locality_308,Dwarka Sector 8
Dwarka,Locality_309,Dwarka Sector 9
Dwarka,Locality_310,Dwarka Sector 10
Dwarka,Locality_311,Dwarka Sector 11
Dwarka,Locality_312,Dwarka Sector 12
Dwarka,Locality_313,Dwarka Sector 13
Dwarka,Locality_314,Dwarka Sector 14
Dwarka,Locality_315,Dwarka Sector 17
Dwarka,Locality_316,Dwarka Sector 18
Dwarka,Locality_317,Dwarka Sector 19
Dwarka,Locality_318,Dwarka Sector 20
Dwarka,Locality_319,Dwarka Sector 21
Dwarka,Locality_320,Dwarka Sector 22
Dwarka,Locality_321,Dwarka Sector 23
Dwarka,Locality_322,Dwarka Sector 24
Dwarka,Locality_323,Dwarka Sector 25
Dwarka,Locality_324,Palam Vihar
Dwarka,Locality_325,Mahavir Enclave
Dwarka,Locality_326,Dwarka Sector 1
Dwarka,Locality_327,Dwarka Sector 2
Dwarka,Locality_328,Dwarka Sector 3
Dwarka,Locality_329,Dwarka Sector 4
Dwarka,Locality_330,Dwarka Sector 5
Dwarka,Locality_331,Dwarka Sector 6
Dwarka,Locality_332,Dwarka Sector 7
Dwarka,Locality_333,Dwarka Sector 8
Dwarka,Locality_334,Dwarka Sector 9
Dwarka,Locality_335,Dwarka Sector 10
Dwarka,Locality_336,Dwarka Sector 11
Dwarka,Locality_337,Dwarka Sector 12
Dwarka,Locality_338,Dwarka Sector 13
Dwarka,Locality_339,Dwarka Sector 14
Dwarka,Locality_340,Dwarka Sector 17
Dwarka,Locality_341,Dwarka Sector 18
Dwarka,Locality_342,Dwarka Sector 19
Dwarka,Locality_343,Dwarka Sector 20
Dwarka,Locality_344,Dwarka Sector 21
Dwarka,Locality_345,Dwarka Sector 22
Dwarka,Locality_346,Dwarka Sector 23
Dwarka,Locality_347,Dwarka Sector 24
Dwarka,Locality_348,Dwarka Sector 25
Dwarka,Locality_349,Palam Vihar
Dwarka,Locality_350,Mahavir Enclave
Dwarka,Locality_351,Dwarka Sector 1
Dwarka,Locality_352,Dwarka Sector 2
Dwarka,Locality_353,Dwarka Sector 3
Dwarka,Locality_354,Dwarka Sector 4
Dwarka,Locality_355,Dwarka Sector 5
Dwarka,Locality_356,Dwarka Sector 6
Dwarka,Locality_357,Dwarka Sector 7
Dwarka,Locality_358,Dwarka Sector 8
Dwarka,Locality_359,Dwarka Sector 9
Dwarka,Locality_360,Dwarka Sector 10
Dwarka,Locality_361,Dwarka Sector 11
Dwarka,Locality_362,Dwarka Sector 12
Dwarka,Locality_363,Dwarka Sector 13
Dwarka,Locality_364,Dwarka Sector 14
Dwarka,Locality_365,Dwarka Sector 17
Dwarka,Locality_366,Dwarka Sector 18
Dwarka,Locality_367,Dwarka Sector 19
Dwarka,Locality_368,Dwarka Sector 20
Dwarka,Locality_369,Dwarka Sector 21
Dwarka,Locality_370,Dwarka Sector 22
Dwarka,Locality_371,Dwarka Sector 23
Dwarka,Locality_372,Dwarka Sector 24
Dwarka,Locality_373,Dwarka Sector 25
Dwarka,Locality_374,Palam Vihar
Dwarka,Locality_375,Mahavir Enclave
Dwarka,Locality_376,Dwarka Sector 1
Dwarka,Locality_377,Dwarka Sector 2
Dwarka,Locality_378,Dwarka Sector 3
Dwarka,Locality_379,Dwarka Sector 4
Dwarka,Locality_380,Dwarka Sector 5
Dwarka,Locality_381,Dwarka Sector 6
Dwarka,Locality_382,Dwarka Sector 7
Dwarka,Locality_383,Dwarka Sector 8
Dwarka,Locality_384,Dwarka Sector 9
Dwarka,Locality_385,Dwarka Sector 10
Dwarka,Locality_386,Dwarka Sector 11
Dwarka,Locality_387,Dwarka Sector 12
Dwarka,Locality_388,Dwarka Sector 13
Dwarka,Locality_389,Dwarka Sector 14
Dwarka,Locality_390,Dwarka Sector 17
Dwarka,Locality_391,Dwarka Sector 18
Dwarka,Locality_392,Dwarka Sector 19
Dwarka,Locality_393,Dwarka Sector 20
Dwarka,Locality_394,Dwarka Sector 21
Dwarka,Locality_395,Dwarka Sector 22
Dwarka,Locality_396,Dwarka Sector 23
Dwarka,Locality_397,Dwarka Sector 24
Dwarka,Locality_398,Dwarka Sector 25
Dwarka,Locality_399,Palam Vihar
Dwarka,Locality_400,Mahavir Enclave
Dwarka,Locality_401,Dwarka Sector 1
Dwarka,Locality_402,Dwarka Sector 2
Dwarka,Locality_403,Dwarka Sector 3
Dwarka,Locality_404,Dwarka Sector 4
Dwarka,Locality_405,Dwarka Sector 5
Dwarka,Locality_406,Dwarka Sector 6
Dwarka,Locality_407,Dwarka Sector 7
Dwarka,Locality_408,Dwarka Sector 8
Dwarka,Locality_409,Dwarka Sector 9
Dwarka,Locality_410,Dwarka Sector 10
Dwarka,Locality_411,Dwarka Sector 11
Dwarka,Locality_412,Dwarka Sector 12
Dwarka,Locality_413,Dwarka Sector 13
Dwarka,Locality_414,Dwarka Sector 14
Dwarka,Locality_415,Dwarka Sector 17
Dwarka,Locality_416,Dwarka Sector 18
Dwarka,Locality_417,Dwarka Sector 19
Dwarka,Locality_418,Dwarka Sector 20
Dwarka,Locality_419,Dwarka Sector 21
Dwarka,Locality_420,Dwarka Sector 22
Dwarka,Locality_421,Dwarka Sector 23
Dwarka,Locality_422,Dwarka Sector 24
Dwarka,Locality_423,Dwarka Sector 25
Dwarka,Locality_424,Palam Vihar
Dwarka,Locality_425,Mahavir Enclave
Dwarka,Locality_426,Dwarka Sector 1
Dwarka,Locality_427,Dwarka Sector 2
Dwarka,Locality_428,Dwarka Sector 3
Dwarka,Locality_429,Dwarka Sector 4
Dwarka,Locality_430,Dwarka Sector 5
Dwarka,Locality_431,Dwarka Sector 6
Dwarka,Locality_432,Dwarka Sector 7
Dwarka,Locality_433,Dwarka Sector 8
Dwarka,Locality_434,Dwarka Sector 9
Dwarka,Locality_435,Dwarka Sector 10
Dwarka,Locality_436,Dwarka Sector 11
Dwarka,Locality_437,Dwarka Sector 12
Dwarka,Locality_438,Dwarka Sector 13
Dwarka,Locality_439,Dwarka Sector 14
Dwarka,Locality_440,Dwarka Sector 17
Dwarka,Locality_441,Dwarka Sector 18
Dwarka,Locality_442,Dwarka Sector 19
Dwarka,Locality_443,Dwarka Sector 20
Dwarka,Locality_444,Dwarka Sector 21
Dwarka,Locality_445,Dwarka Sector 22
Dwarka,Locality_446,Dwarka Sector 23
Dwarka,Locality_447,Dwarka Sector 24
Dwarka,Locality_448,Dwarka Sector 25
Dwarka,Locality_449,Palam Vihar
Dwarka,Locality_450,Mahavir Enclave
Dwarka,Locality_451,Dwarka Sector 1
Dwarka,Locality_452,Dwarka Sector 2
Dwarka,Locality_453,Dwarka Sector 3
Dwarka,Locality_454,Dwarka Sector 4
Dwarka,Locality_455,Dwarka Sector 5
Dwarka,Locality_456,Dwarka Sector 6
Dwarka,Locality_457,Dwarka Sector 7
Dwarka,Locality_458,Dwarka Sector 8
Dwarka,Locality_459,Dwarka Sector 9
Dwarka,Locality_460,Dwarka Sector 10
Dwarka,Locality_461,Dwarka Sector 11
Dwarka,Locality_462,Dwarka Sector 12
Dwarka,Locality_463,Dwarka Sector 13
Dwarka,Locality_464,Dwarka Sector 14
Dwarka,Locality_465,Dwarka Sector 17
Dwarka,Locality_466,Dwarka Sector 18
Dwarka,Locality_467,Dwarka Sector 19
Dwarka,Locality_468,Dwarka Sector 20
Dwarka,Locality_469,Dwarka Sector 21
Dwarka,Locality_470,Dwarka Sector 22
Dwarka,Locality_471,Dwarka Sector 23
Dwarka,Locality_472,Dwarka Sector 24
Dwarka,Locality_473,Dwarka Sector 25
Dwarka,Locality_474,Palam Vihar
Dwarka,Locality_475,Mahavir Enclave
Dwarka,Locality_476,Dwarka Sector 1
Dwarka,Locality_477,Dwarka Sector 2
Dwarka,Locality_478,Dwarka Sector 3
Dwarka,Locality_479,Dwarka Sector 4
Dwarka,Locality_480,Dwarka Sector 5
Dwarka,Locality_481,Dwarka Sector 6
Dwarka,Locality_482,Dwarka Sector 7
Dwarka,Locality_483,Dwarka Sector 8
Dwarka,Locality_484,Dwarka Sector 9
Dwarka,Locality_485,Dwarka Sector 10
Dwarka,Locality_486,Dwarka Sector 11
Dwarka,Locality_487,Dwarka Sector 12
Dwarka,Locality_488,Dwarka Sector 13
Dwarka,Locality_489,Dwarka Sector 14
Dwarka,Locality_490,Dwarka Sector 17
Dwarka,Locality_491,Dwarka Sector 18
Dwarka,Locality_492,Dwarka Sector 19
Dwarka,Locality_493,Dwarka Sector 20
Dwarka,Locality_494,Dwarka Sector 21
Dwarka,Locality_495,Dwarka Sector 22
Dwarka,Locality_496,Dwarka Sector 23
Dwarka,Locality_497,Dwarka Sector 24
Dwarka,Locality_498,Dwarka Sector 25
Dwarka,Locality_499,Palam Vihar
Dwarka,Locality_500,Mahavir Enclave
Faridabad,Locality_1,Sector 15
Faridabad,Locality_2,Sector 16
Faridabad,Locality_3,Sector 17
Faridabad,Locality_4,Sector 18
Faridabad,Locality_5,Sector 19
Faridabad,Locality_6,Sector 21A
Faridabad,Locality_7,Sector 21C
Faridabad,Locality_8,Sector 28
Faridabad,Locality_9,Sector 29
Faridabad,Locality_10,Sector 30
Faridabad,Locality_11,Sector 31
Faridabad,Locality_12,Sector 37
Faridabad,Locality_13,Sector 46
Faridabad,Locality_14,Sector 49
Faridabad,Locality_15,Sector 50
Faridabad,Locality_16,Sector 75
Faridabad,Locality_17,NIT Faridabad
Faridabad,Locality_18,Old Faridabad
Faridabad,Locality_19,Ballabhgarh
Faridabad,Locality_20,Greenfields Colony
Faridabad,Locality_21,Ashoka Enclave
Faridabad,Locality_22,Charmwood Village
Faridabad,Locality_23,Surajkund
Faridabad,Locality_24,Neharpar
Faridabad,Locality_25,Greater Faridabad
Faridabad,Locality_26,Sector 15
Faridabad,Locality_27,Sector 16
Faridabad,Locality_28,Sector 17
Faridabad,Locality_29,Sector 18
Faridabad,Locality_30,Sector 19
Faridabad,Locality_31,Sector 21A
Faridabad,Locality_32,Sector 21C
Faridabad,Locality_33,Sector 28
Faridabad,Locality_34,Sector 29
Faridabad,Locality_35,Sector 30
Faridabad,Locality_36,Sector 31
Faridabad,Locality_37,Sector 37
Faridabad,Locality_38,Sector 46
Faridabad,Locality_39,Sector 49
Faridabad,Locality_40,Sector 50
Faridabad,Locality_41,Sector 75
Faridabad,Locality_42,NIT Faridabad
Faridabad,Locality_43,Old Faridabad
Faridabad,Locality_44,Ballabhgarh
Faridabad,Locality_45,Greenfields Colony
Faridabad,Locality_46,Ashoka Enclave
Faridabad,Locality_47,Charmwood Village
Faridabad,Locality_48,Surajkund
Faridabad,Locality_49,Neharpar
Faridabad,Locality_50,Greater Faridabad
Faridabad,Locality_51,Sector 15
Faridabad,Locality_52,Sector 16
Faridabad,Locality_53,Sector 17
Faridabad,Locality_54,Sector 18
Faridabad,Locality_55,Sector 19
Faridabad,Locality_56,Sector 21A
Faridabad,Locality_57,Sector 21C
Faridabad,Locality_58,Sector 28
Faridabad,Locality_59,Sector 29
Faridabad,Locality_60,Sector 30
Faridabad,Locality_61,Sector 31
Faridabad,Locality_62,Sector 37
Faridabad,Locality_63,Sector 46
Faridabad,Locality_64,Sector 49
Faridabad,Locality_65,Sector 50
Faridabad,Locality_66,Sector 75
Faridabad,Locality_67,NIT Faridabad
Faridabad,Locality_68,Old Faridabad
Faridabad,Locality_69,Ballabhgarh
Faridabad,Locality_70,Greenfields Colony
Faridabad,Locality_71,Ashoka Enclave
Faridabad,Locality_72,Charmwood Village
Faridabad,Locality_73,Surajkund
Faridabad,Locality_74,Neharpar
Faridabad,Locality_75,Greater Faridabad
Faridabad,Locality_76,Sector 15
Faridabad,Locality_77,Sector 16
Faridabad,Locality_78,Sector 17
Faridabad,Locality_79,Sector 18
Faridabad,Locality_80,Sector 19
Faridabad,Locality_81,Sector 21A
Faridabad,Locality_82,Sector 21C
Faridabad,Locality_83,Sector 28
Faridabad,Locality_84,Sector 29
Faridabad,Locality_85,Sector 30
Faridabad,Locality_86,Sector 31
Faridabad,Locality_87,Sector 37
Faridabad,Locality_88,Sector 46
Faridabad,Locality_89,Sector 49
Faridabad,Locality_90,Sector 50
Faridabad,Locality_91,Sector 75
Faridabad,Locality_92,NIT Faridabad
Faridabad,Locality_93,Old Faridabad
Faridabad,Locality_94,Ballabhgarh
Faridabad,Locality_95,Greenfields Colony
Faridabad,Locality_96,Ashoka Enclave
Faridabad,Locality_97,Charmwood Village
Faridabad,Locality_98,Surajkund
Faridabad,Locality_99,Neharpar
Faridabad,Locality_100,Greater Faridabad
Faridabad,Locality_101,Sector 15
Faridabad,Locality_102,Sector 16
Faridabad,Locality_103,Sector 17
Faridabad,Locality_104,Sector 18
Faridabad,Locality_105,Sector 19
Faridabad,Locality_106,Sector 21A
Faridabad,Locality_107,Sector 21C
Faridabad,Locality_108,Sector 28
Faridabad,Locality_109,Sector 29
Faridabad,Locality_110,Sector 30
Faridabad,Locality_111,Sector 31
Faridabad,Locality_112,Sector 37
Faridabad,Locality_113,Sector 46
Faridabad,Locality_114,Sector 49
Faridabad,Locality_115,Sector 50
Faridabad,Locality_116,Sector 75
Faridabad,Locality_117,NIT Faridabad
Faridabad,Locality_118,Old Faridabad
Faridabad,Locality_119,Ballabhgarh
Faridabad,Locality_120,Greenfields Colony
Faridabad,Locality_121,Ashoka Enclave
Faridabad,Locality_122,Charmwood Village
Faridabad,Locality_123,Surajkund
Faridabad,Locality_124,Neharpar
Faridabad,Locality_125,Greater Faridabad
Faridabad,Locality_126,Sector 15
Faridabad,Locality_127,Sector 16
Faridabad,Locality_128,Sector 17
Faridabad,Locality_129,Sector 18
Faridabad,Locality_130,Sector 19
Faridabad,Locality_131,Sector 21A
Faridabad,Locality_132,Sector 21C
Faridabad,Locality_133,Sector 28
Faridabad,Locality_134,Sector 29
Faridabad,Locality_135,Sector 30
Faridabad,Locality_136,Sector 31
Faridabad,Locality_137,Sector 37
Faridabad,Locality_138,Sector 46
Faridabad,Locality_139,Sector 49
Faridabad,Locality_140,Sector 50
Faridabad,Locality_141,Sector 75
Faridabad,Locality_142,NIT Faridabad
Faridabad,Locality_143,Old Faridabad
Faridabad,Locality_144,Ballabhgarh
Faridabad,Locality_145,Greenfields Colony
Faridabad,Locality_146,Ashoka Enclave
Faridabad,Locality_147,Charmwood Village
Faridabad,Locality_148,Surajkund
Faridabad,Locality_149,Neharpar
Faridabad,Locality_150,Greater Faridabad
Faridabad,Locality_151,Sector 15
Faridabad,Locality_152,Sector 16
Faridabad,Locality_153,Sector 17
Faridabad,Locality_154,Sector 18
Faridabad,Locality_155,Sector 19
Faridabad,Locality_156,Sector 21A
Faridabad,Locality_157,Sector 21C
Faridabad,Locality_158,Sector 28
Faridabad,Locality_159,Sector 29
Faridabad,Locality_160,Sector 30
Faridabad,Locality_161,Sector 31
Faridabad,Locality_162,Sector 37
Faridabad,Locality_163,Sector 46
Faridabad,Locality_164,Sector 49
Faridabad,Locality_165,Sector 50
Faridabad,Locality_166,Sector 75
Faridabad,Locality_167,NIT Faridabad
Faridabad,Locality_168,Old Faridabad
Faridabad,Locality_169,Ballabhgarh
Faridabad,Locality_170,Greenfields Colony
Faridabad,Locality_171,Ashoka Enclave
Faridabad,Locality_172,Charmwood Village
Faridabad,Locality_173,Surajkund
Faridabad,Locality_174,Neharpar
Faridabad,Locality_175,Greater Faridabad
Faridabad,Locality_176,Sector 15
Faridabad,Locality_177,Sector 16
Faridabad,Locality_178,Sector 17
Faridabad,Locality_179,Sector 18
Faridabad,Locality_180,Sector 19
Faridabad,Locality_181,Sector 21A
Faridabad,Locality_182,Sector 21C
Faridabad,Locality_183,Sector 28
Faridabad,Locality_184,Sector 29
Faridabad,Locality_185,Sector 30
Faridabad,Locality_186,Sector 31
Faridabad,Locality_187,Sector 37
Faridabad,Locality_188,Sector 46
Faridabad,Locality_189,Sector 49
Faridabad,Locality_190,Sector 50
Faridabad,Locality_191,Sector 75
Faridabad,Locality_192,NIT Faridabad
Faridabad,Locality_193,Old Faridabad
Faridabad,Locality_194,Ballabhgarh
Faridabad,Locality_195,Greenfields Colony
Faridabad,Locality_196,Ashoka Enclave
Faridabad,Locality_197,Charmwood Village
Faridabad,Locality_198,Surajkund
Faridabad,Locality_199,Neharpar
Faridabad,Locality_200,Greater Faridabad
Faridabad,Locality_201,Sector 15
Faridabad,Locality_202,Sector 16
Faridabad,Locality_203,Sector 17
Faridabad,Locality_204,Sector 18
Faridabad,Locality_205,Sector 19
Faridabad,Locality_206,Sector 21A
Faridabad,Locality_207,Sector 21C
Faridabad,Locality_208,Sector 28
Faridabad,Locality_209,Sector 29
Faridabad,Locality_210,Sector 30
Faridabad,Locality_211,Sector 31
Faridabad,Locality_212,Sector 37
Faridabad,Locality_213,Sector 46
Faridabad,Locality_214,Sector 49
Faridabad,Locality_215,Sector 50
Faridabad,Locality_216,Sector 75
Faridabad,Locality_217,NIT Faridabad
Faridabad,Locality_218,Old Faridabad
Faridabad,Locality_219,Ballabhgarh
Faridabad,Locality_220,Greenfields Colony
Faridabad,Locality_221,Ashoka Enclave
Faridabad,Locality_222,Charmwood Village
Faridabad,Locality_223,Surajkund
Faridabad,Locality_224,Neharpar
Faridabad,Locality_225,Greater Faridabad
Faridabad,Locality_226,Sector 15
Faridabad,Locality_227,Sector 16
Faridabad,Locality_228,Sector 17
Faridabad,Locality_229,Sector 18
Faridabad,Locality_230,Sector 19
Faridabad,Locality_231,Sector 21A
Faridabad,Locality_232,Sector 21C
Faridabad,Locality_233,Sector 28
Faridabad,Locality_234,Sector 29
Faridabad,Locality_235,Sector 30
Faridabad,Locality_236,Sector 31
Faridabad,Locality_237,Sector 37
Faridabad,Locality_238,Sector 46
Faridabad,Locality_239,Sector 49
Faridabad,Locality_240,Sector 50
Faridabad,Locality_241,Sector 75
Faridabad,Locality_242,NIT Faridabad
Faridabad,Locality_243,Old Faridabad
Faridabad,Locality_244,Ballabhgarh
Faridabad,Locality_245,Greenfields Colony
Faridabad,Locality_246,Ashoka Enclave
Faridabad,Locality_247,Charmwood Village
Faridabad,Locality_248,Surajkund
Faridabad,Locality_249,Neharpar
Faridabad,Locality_250,Greater Faridabad
Faridabad,Locality_251,Sector 15
Faridabad,Locality_252,Sector 16
Faridabad,Locality_253,Sector 17
Faridabad,Locality_254,Sector 18
Faridabad,Locality_255,Sector 19
Faridabad,Locality_256,Sector 21A
Faridabad,Locality_257,Sector 21C
Faridabad,Locality_258,Sector 28
Faridabad,Locality_259,Sector 29
Faridabad,Locality_260,Sector 30
Faridabad,Locality_261,Sector 31
Faridabad,Locality_262,Sector 37
Faridabad,Locality_263,Sector 46
Faridabad,Locality_264,Sector 49
Faridabad,Locality_265,Sector 50
Faridabad,Locality_266,Sector 75
Faridabad,Locality_267,NIT Faridabad
Faridabad,Locality_268,Old Faridabad
Faridabad,Locality_269,Ballabhgarh
Faridabad,Locality_270,Greenfields Colony
Faridabad,Locality_271,Ashoka Enclave
Faridabad,Locality_272,Charmwood Village
Faridabad,Locality_273,Surajkund
Faridabad,Locality_274,Neharpar
Faridabad,Locality_275,Greater Faridabad
Faridabad,Locality_276,Sector 15
Faridabad,Locality_277,Sector 16
Faridabad,Locality_278,Sector 17
Faridabad,Locality_279,Sector 18
Faridabad,Locality_280,Sector 19
Faridabad,Locality_281,Sector 21A
Faridabad,Locality_282,Sector 21C
Faridabad,Locality_283,Sector 28
Faridabad,Locality_284,Sector 29
Faridabad,Locality_285,Sector 30
Faridabad,Locality_286,Sector 31
Faridabad,Locality_287,Sector 37
Faridabad,Locality_288,Sector 46
Faridabad,Locality_289,Sector 49
Faridabad,Locality_290,Sector 50
Faridabad,Locality_291,Sector 75
Faridabad,Locality_292,NIT Faridabad
Faridabad,Locality_293,Old Faridabad
Faridabad,Locality_294,Ballabhgarh
Faridabad,Locality_295,Greenfields Colony
Faridabad,Locality_296,Ashoka Enclave
Faridabad,Locality_297,Charmwood Village
Faridabad,Locality_298,Surajkund
Faridabad,Locality_299,Neharpar
Faridabad,Locality_300,Greater Faridabad
Faridabad,Locality_301,Sector 15
Faridabad,Locality_302,Sector 16
Faridabad,Locality_303,Sector 17
Faridabad,Locality_304,Sector 18
Faridabad,Locality_305,Sector 19
Faridabad,Locality_306,Sector 21A
Faridabad,Locality_307,Sector 21C
Faridabad,Locality_308,Sector 28
Faridabad,Locality_309,Sector 29
Faridabad,Locality_310,Sector 30
Faridabad,Locality_311,Sector 31
Faridabad,Locality_312,Sector 37
Faridabad,Locality_313,Sector 46
Faridabad,Locality_314,Sector 49
Faridabad,Locality_315,Sector 50
Faridabad,Locality_316,Sector 75
Faridabad,Locality_317,NIT Faridabad
Faridabad,Locality_318,Old Faridabad
Faridabad,Locality_319,Ballabhgarh
Faridabad,Locality_320,Greenfields Colony
Faridabad,Locality_321,Ashoka Enclave
Faridabad,Locality_322,Charmwood Village
Faridabad,Locality_323,Surajkund
Faridabad,Locality_324,Neharpar
Faridabad,Locality_325,Greater Faridabad
Faridabad,Locality_326,Sector 15
Faridabad,Locality_327,Sector 16
Faridabad,Locality_328,Sector 17
Faridabad,Locality_329,Sector 18
Faridabad,Locality_330,Sector 19
Faridabad,Locality_331,Sector 21A
Faridabad,Locality_332,Sector 21C
Faridabad,Locality_333,Sector 28
Faridabad,Locality_334,Sector 29
Faridabad,Locality_335,Sector 30
Faridabad,Locality_336,Sector 31
Faridabad,Locality_337,Sector 37
Faridabad,Locality_338,Sector 46
Faridabad,Locality_339,Sector 49
Faridabad,Locality_340,Sector 50
Faridabad,Locality_341,Sector 75
Faridabad,Locality_342,NIT Faridabad
Faridabad,Locality_343,Old Faridabad
Faridabad,Locality_344,Ballabhgarh
Faridabad,Locality_345,Greenfields Colony
Faridabad,Locality_346,Ashoka Enclave
Faridabad,Locality_347,Charmwood Village
Faridabad,Locality_348,Surajkund
Faridabad,Locality_349,Neharpar
Faridabad,Locality_350,Greater Faridabad
Faridabad,Locality_351,Sector 15
Faridabad,Locality_352,Sector 16
Faridabad,Locality_353,Sector 17
Faridabad,Locality_354,Sector 18
Faridabad,Locality_355,Sector 19
Faridabad,Locality_356,Sector 21A
Faridabad,Locality_357,Sector 21C
Faridabad,Locality_358,Sector 28
Faridabad,Locality_359,Sector 29
Faridabad,Locality_360,Sector 30
Faridabad,Locality_361,Sector 31
Faridabad,Locality_362,Sector 37
Faridabad,Locality_363,Sector 46
Faridabad,Locality_364,Sector 49
Faridabad,Locality_365,Sector 50
Faridabad,Locality_366,Sector 75
Faridabad,Locality_367,NIT Faridabad
Faridabad,Locality_368,Old Faridabad
Faridabad,Locality_369,Ballabhgarh
Faridabad,Locality_370,Greenfields Colony
Faridabad,Locality_371,Ashoka Enclave
Faridabad,Locality_372,Charmwood Village
Faridabad,Locality_373,Surajkund
Faridabad,Locality_374,Neharpar
Faridabad,Locality_375,Greater Faridabad
Faridabad,Locality_376,Sector 15
Faridabad,Locality_377,Sector 16
Faridabad,Locality_378,Sector 17
Faridabad,Locality_379,Sector 18
Faridabad,Locality_380,Sector 19
Faridabad,Locality_381,Sector 21A
Faridabad,Locality_382,Sector 21C
Faridabad,Locality_383,Sector 28
Faridabad,Locality_384,Sector 29
Faridabad,Locality_385,Sector 30
Faridabad,Locality_386,Sector 31
Faridabad,Locality_387,Sector 37
Faridabad,Locality_388,Sector 46
Faridabad,Locality_389,Sector 49
Faridabad,Locality_390,Sector 50
Faridabad,Locality_391,Sector 75
Faridabad,Locality_392,NIT Faridabad
Faridabad,Locality_393,Old Faridabad
Faridabad,Locality_394,Ballabhgarh
Faridabad,Locality_395,Greenfields Colony
Faridabad,Locality_396,Ashoka Enclave
Faridabad,Locality_397,Charmwood Village
Faridabad,Locality_398,Surajkund
Faridabad,Locality_399,Neharpar
Faridabad,Locality_400,Greater Faridabad
Faridabad,Locality_401,Sector 15
Faridabad,Locality_402,Sector 16
Faridabad,Locality_403,Sector 17
Faridabad,Locality_404,Sector 18
Faridabad,Locality_405,Sector 19
Faridabad,Locality_406,Sector 21A
Faridabad,Locality_407,Sector 21C
Faridabad,Locality_408,Sector 28
Faridabad,Locality_409,Sector 29
Faridabad,Locality_410,Sector 30
Faridabad,Locality_411,Sector 31
Faridabad,Locality_412,Sector 37
Faridabad,Locality_413,Sector 46
Faridabad,Locality_414,Sector 49
Faridabad,Locality_415,Sector 50
Faridabad,Locality_416,Sector 75
Faridabad,Locality_417,NIT Faridabad
Faridabad,Locality_418,Old Faridabad
Faridabad,Locality_419,Ballabhgarh
Faridabad,Locality_420,Greenfields Colony
Faridabad,Locality_421,Ashoka Enclave
Faridabad,Locality_422,Charmwood Village
Faridabad,Locality_423,Surajkund
Faridabad,Locality_424,Neharpar
Faridabad,Locality_425,Greater Faridabad
Faridabad,Locality_426,Sector 15
Faridabad,Locality_427,Sector 16
Faridabad,Locality_428,Sector 17
Faridabad,Locality_429,Sector 18
Faridabad,Locality_430,Sector 19
Faridabad,Locality_431,Sector 21A
Faridabad,Locality_432,Sector 21C
Faridabad,Locality_433,Sector 28
Faridabad,Locality_434,Sector 29
Faridabad,Locality_435,Sector 30
Faridabad,Locality_436,Sector 31
Faridabad,Locality_437,Sector 37
Faridabad,Locality_438,Sector 46
Faridabad,Locality_439,Sector 49
Faridabad,Locality_440,Sector 50
Faridabad,Locality_441,Sector 75
Faridabad,Locality_442,NIT Faridabad
Faridabad,Locality_443,Old Faridabad
Faridabad,Locality_444,Ballabhgarh
Faridabad,Locality_445,Greenfields Colony
Faridabad,Locality_446,Ashoka Enclave
Faridabad,Locality_447,Charmwood Village
Faridabad,Locality_448,Surajkund
Faridabad,Locality_449,Neharpar
Faridabad,Locality_450,Greater Faridabad
Faridabad,Locality_451,Sector 15
Faridabad,Locality_452,Sector 16
Faridabad,Locality_453,Sector 17
Faridabad,Locality_454,Sector 18
Faridabad,Locality_455,Sector 19
Faridabad,Locality_456,Sector 21A
Faridabad,Locality_457,Sector 21C
Faridabad,Locality_458,Sector 28
Faridabad,Locality_459,Sector 29
Faridabad,Locality_460,Sector 30
Faridabad,Locality_461,Sector 31
Faridabad,Locality_462,Sector 37
Faridabad,Locality_463,Sector 46
Faridabad,Locality_464,Sector 49
Faridabad,Locality_465,Sector 50
Faridabad,Locality_466,Sector 75
Faridabad,Locality_467,NIT Faridabad
Faridabad,Locality_468,Old Faridabad
Faridabad,Locality_469,Ballabhgarh
Faridabad,Locality_470,Greenfields Colony
Faridabad,Locality_471,Ashoka Enclave
Faridabad,Locality_472,Charmwood Village
Faridabad,Locality_473,Surajkund
Faridabad,Locality_474,Neharpar
Faridabad,Locality_475,Greater Faridabad
Faridabad,Locality_476,Sector 15
Faridabad,Locality_477,Sector 16
Faridabad,Locality_478,Sector 17
Faridabad,Locality_479,Sector 18
Faridabad,Locality_480,Sector 19
Faridabad,Locality_481,Sector 21A
Faridabad,Locality_482,Sector 21C
Faridabad,Locality_483,Sector 28
Faridabad,Locality_484,Sector 29
Faridabad,Locality_485,Sector 30
Faridabad,Locality_486,Sector 31
Faridabad,Locality_487,Sector 37
Faridabad,Locality_488,Sector 46
Faridabad,Locality_489,Sector 49
Faridabad,Locality_490,Sector 50
Faridabad,Locality_491,Sector 75
Faridabad,Locality_492,NIT Faridabad
Faridabad,Locality_493,Old Faridabad
Faridabad,Locality_494,Ballabhgarh
Faridabad,Locality_495,Greenfields Colony
Faridabad,Locality_496,Ashoka Enclave
Faridabad,Locality_497,Charmwood Village
Faridabad,Locality_498,Surajkund
Faridabad,Locality_499,Neharpar
Faridabad,Locality_500,Greater Faridabad
Gaya,Locality_1,Civil Lines
Gaya,Locality_2,Bodh Gaya
Gaya,Locality_3,AP Colony
Gaya,Locality_4,Gandhi Maidan
Gaya,Locality_5,Kareem Ganj
Gaya,Locality_6,Manpur
Gaya,Locality_7,Delha
Gaya,Locality_8,Tekari Road
Gaya,Locality_9,Station Road
Gaya,Locality_10,Ramna
Gaya,Locality_11,Chand Chaura
Gaya,Locality_12,Swarajpuri Road
Gaya,Locality_13,GB Road
Gaya,Locality_14,Katari Hill Road
Gaya,Locality_15,Magadh Colony
Gaya,Locality_16,Mufassil
Gaya,Locality_17,Paharpur
Gaya,Locality_18,Khurja
Gaya,Locality_19,Lakshman Sahay Lane
Gaya,Locality_20,Asha Singh More
Gaya,Locality_21,Bodhgaya Road
Gaya,Locality_22,Gewalbigha
Gaya,Locality_23,Kachahari Road
Gaya,Locality_24,White House Compound
Gaya,Locality_25,Ramsagar
Gaya,Locality_26,Civil Lines
Gaya,Locality_27,Bodh Gaya
Gaya,Locality_28,AP Colony
Gaya,Locality_29,Gandhi Maidan
Gaya,Locality_30,Kareem Ganj
Gaya,Locality_31,Manpur
Gaya,Locality_32,Delha
Gaya,Locality_33,Tekari Road
Gaya,Locality_34,Station Road
Gaya,Locality_35,Ramna
Gaya,Locality_36,Chand Chaura
Gaya,Locality_37,Swarajpuri Road
Gaya,Locality_38,GB Road
Gaya,Locality_39,Katari Hill Road
Gaya,Locality_40,Magadh Colony
Gaya,Locality_41,Mufassil
Gaya,Locality_42,Paharpur
Gaya,Locality_43,Khurja
Gaya,Locality_44,Lakshman Sahay Lane
Gaya,Locality_45,Asha Singh More
Gaya,Locality_46,Bodhgaya Road
Gaya,Locality_47,Gewalbigha
Gaya,Locality_48,Kachahari Road
Gaya,Locality_49,White House Compound
Gaya,Locality_50,Ramsagar
Gaya,Locality_51,Civil Lines
Gaya,Locality_52,Bodh Gaya
Gaya,Locality_53,AP Colony
Gaya,Locality_54,Gandhi Maidan
Gaya,Locality_55,Kareem Ganj
Gaya,Locality_56,Manpur
Gaya,Locality_57,Delha
Gaya,Locality_58,Tekari Road
Gaya,Locality_59,Station Road
Gaya,Locality_60,Ramna
Gaya,Locality_61,Chand Chaura
Gaya,Locality_62,Swarajpuri Road
Gaya,Locality_63,GB Road
Gaya,Locality_64,Katari Hill Road
Gaya,Locality_65,Magadh Colony
Gaya,Locality_66,Mufassil
Gaya,Locality_67,Paharpur
Gaya,Locality_68,Khurja
Gaya,Locality_69,Lakshman Sahay Lane
Gaya,Locality_70,Asha Singh More
Gaya,Locality_71,Bodhgaya Road
Gaya,Locality_72,Gewalbigha
Gaya,Locality_73,Kachahari Road
Gaya,Locality_74,White House Compound
Gaya,Locality_75,Ramsagar
Gaya,Locality_76,Civil Lines
Gaya,Locality_77,Bodh Gaya
Gaya,Locality_78,AP Colony
Gaya,Locality_79,Gandhi Maidan
Gaya,Locality_80,Kareem Ganj
Gaya,Locality_81,Manpur
Gaya,Locality_82,Delha
Gaya,Locality_83,Tekari Road
Gaya,Locality_84,Station Road
Gaya,Locality_85,Ramna
Gaya,Locality_86,Chand Chaura
Gaya,Locality_87,Swarajpuri Road
Gaya,Locality_88,GB Road
Gaya,Locality_89,Katari Hill Road
Gaya,Locality_90,Magadh Colony
Gaya,Locality_91,Mufassil
Gaya,Locality_92,Paharpur
Gaya,Locality_93,Khurja
Gaya,Locality_94,Lakshman Sahay Lane
Gaya,Locality_95,Asha Singh More
Gaya,Locality_96,Bodhgaya Road
Gaya,Locality_97,Gewalbigha
Gaya,Locality_98,Kachahari Road
Gaya,Locality_99,White House Compound
Gaya,Locality_100,Ramsagar
Gaya,Locality_101,Civil Lines
Gaya,Locality_102,Bodh Gaya
Gaya,Locality_103,AP Colony
Gaya,Locality_104,Gandhi Maidan
Gaya,Locality_105,Kareem Ganj
Gaya,Locality_106,Manpur
Gaya,Locality_107,Delha
Gaya,Locality_108,Tekari Road
Gaya,Locality_109,Station Road
Gaya,Locality_110,Ramna
Gaya,Locality_111,Chand Chaura
Gaya,Locality_112,Swarajpuri Road
Gaya,Locality_113,GB Road
Gaya,Locality_114,Katari Hill Road
Gaya,Locality_115,Magadh Colony
Gaya,Locality_116,Mufassil
Gaya,Locality_117,Paharpur
Gaya,Locality_118,Khurja
Gaya,Locality_119,Lakshman Sahay Lane
Gaya,Locality_120,Asha Singh More
Gaya,Locality_121,Bodhgaya Road
Gaya,Locality_122,Gewalbigha
Gaya,Locality_123,Kachahari Road
Gaya,Locality_124,White House Compound
Gaya,Locality_125,Ramsagar
Gaya,Locality_126,Civil Lines
Gaya,Locality_127,Bodh Gaya
Gaya,Locality_128,AP Colony
Gaya,Locality_129,Gandhi Maidan
Gaya,Locality_130,Kareem Ganj
Gaya,Locality_131,Manpur
Gaya,Locality_132,Delha
Gaya,Locality_133,Tekari Road
Gaya,Locality_134,Station Road
Gaya,Locality_135,Ramna
Gaya,Locality_136,Chand Chaura
Gaya,Locality_137,Swarajpuri Road
Gaya,Locality_138,GB Road
Gaya,Locality_139,Katari Hill Road
Gaya,Locality_140,Magadh Colony
Gaya,Locality_141,Mufassil
Gaya,Locality_142,Paharpur
Gaya,Locality_143,Khurja
Gaya,Locality_144,Lakshman Sahay Lane
Gaya,Locality_145,Asha Singh More
Gaya,Locality_146,Bodhgaya Road
Gaya,Locality_147,Gewalbigha
Gaya,Locality_148,Kachahari Road
Gaya,Locality_149,White House Compound
Gaya,Locality_150,Ramsagar
Gaya,Locality_151,Civil Lines
Gaya,Locality_152,Bodh Gaya
Gaya,Locality_153,AP Colony
Gaya,Locality_154,Gandhi Maidan
Gaya,Locality_155,Kareem Ganj
Gaya,Locality_156,Manpur
Gaya,Locality_157,Delha
Gaya,Locality_158,Tekari Road
Gaya,Locality_159,Station Road
Gaya,Locality_160,Ramna
Gaya,Locality_161,Chand Chaura
Gaya,Locality_162,Swarajpuri Road
Gaya,Locality_163,GB Road
Gaya,Locality_164,Katari Hill Road
Gaya,Locality_165,Magadh Colony
Gaya,Locality_166,Mufassil
Gaya,Locality_167,Paharpur
Gaya,Locality_168,Khurja
Gaya,Locality_169,Lakshman Sahay Lane
Gaya,Locality_170,Asha Singh More
Gaya,Locality_171,Bodhgaya Road
Gaya,Locality_172,Gewalbigha
Gaya,Locality_173,Kachahari Road
Gaya,Locality_174,White House Compound
Gaya,Locality_175,Ramsagar
Gaya,Locality_176,Civil Lines
Gaya,Locality_177,Bodh Gaya
Gaya,Locality_178,AP Colony
Gaya,Locality_179,Gandhi Maidan
Gaya,Locality_180,Kareem Ganj
Gaya,Locality_181,Manpur
Gaya,Locality_182,Delha
Gaya,Locality_183,Tekari Road
Gaya,Locality_184,Station Road
Gaya,Locality_185,Ramna
Gaya,Locality_186,Chand Chaura
Gaya,Locality_187,Swarajpuri Road
Gaya,Locality_188,GB Road
Gaya,Locality_189,Katari Hill Road
Gaya,Locality_190,Magadh Colony
Gaya,Locality_191,Mufassil
Gaya,Locality_192,Paharpur
Gaya,Locality_193,Khurja
Gaya,Locality_194,Lakshman Sahay Lane
Gaya,Locality_195,Asha Singh More
Gaya,Locality_196,Bodhgaya Road
Gaya,Locality_197,Gewalbigha
Gaya,Locality_198,Kachahari Road
Gaya,Locality_199,White House Compound
Gaya,Locality_200,Ramsagar
Gaya,Locality_201,Civil Lines
Gaya,Locality_202,Bodh Gaya
Gaya,Locality_203,AP Colony
Gaya,Locality_204,Gandhi Maidan
Gaya,Locality_205,Kareem Ganj
Gaya,Locality_206,Manpur
Gaya,Locality_207,Delha
Gaya,Locality_208,Tekari Road
Gaya,Locality_209,Station Road
Gaya,Locality_210,Ramna
Gaya,Locality_211,Chand Chaura
Gaya,Locality_212,Swarajpuri Road
Gaya,Locality_213,GB Road
Gaya,Locality_214,Katari Hill Road
Gaya,Locality_215,Magadh Colony
Gaya,Locality_216,Mufassil
Gaya,Locality_217,Paharpur
Gaya,Locality_218,Khurja
Gaya,Locality_219,Lakshman Sahay Lane
Gaya,Locality_220,Asha Singh More
Gaya,Locality_221,Bodhgaya Road
Gaya,Locality_222,Gewalbigha
Gaya,Locality_223,Kachahari Road
Gaya,Locality_224,White House Compound
Gaya,Locality_225,Ramsagar
Gaya,Locality_226,Civil Lines
Gaya,Locality_227,Bodh Gaya
Gaya,Locality_228,AP Colony
Gaya,Locality_229,Gandhi Maidan
Gaya,Locality_230,Kareem Ganj
Gaya,Locality_231,Manpur
Gaya,Locality_232,Delha
Gaya,Locality_233,Tekari Road
Gaya,Locality_234,Station Road
Gaya,Locality_235,Ramna
Gaya,Locality_236,Chand Chaura
Gaya,Locality_237,Swarajpuri Road
Gaya,Locality_238,GB Road
Gaya,Locality_239,Katari Hill Road
Gaya,Locality_240,Magadh Colony
Gaya,Locality_241,Mufassil
Gaya,Locality_242,Paharpur
Gaya,Locality_243,Khurja
Gaya,Locality_244,Lakshman Sahay Lane
Gaya,Locality_245,Asha Singh More
Gaya,Locality_246,Bodhgaya Road
Gaya,Locality_247,Gewalbigha
Gaya,Locality_248,Kachahari Road
Gaya,Locality_249,White House Compound
Gaya,Locality_250,Ramsagar
Gaya,Locality_251,Civil Lines
Gaya,Locality_252,Bodh Gaya
Gaya,Locality_253,AP Colony
Gaya,Locality_254,Gandhi Maidan
Gaya,Locality_255,Kareem Ganj
Gaya,Locality_256,Manpur
Gaya,Locality_257,Delha
Gaya,Locality_258,Tekari Road
Gaya,Locality_259,Station Road
Gaya,Locality_260,Ramna
Gaya,Locality_261,Chand Chaura
Gaya,Locality_262,Swarajpuri Road
Gaya,Locality_263,GB Road
Gaya,Locality_264,Katari Hill Road
Gaya,Locality_265,Magadh Colony
Gaya,Locality_266,Mufassil
Gaya,Locality_267,Paharpur
Gaya,Locality_268,Khurja
Gaya,Locality_269,Lakshman Sahay Lane
Gaya,Locality_270,Asha Singh More
Gaya,Locality_271,Bodhgaya Road
Gaya,Locality_272,Gewalbigha
Gaya,Locality_273,Kachahari Road
Gaya,Locality_274,White House Compound
Gaya,Locality_275,Ramsagar
Gaya,Locality_276,Civil Lines
Gaya,Locality_277,Bodh Gaya
Gaya,Locality_278,AP Colony
Gaya,Locality_279,Gandhi Maidan
Gaya,Locality_280,Kareem Ganj
Gaya,Locality_281,Manpur
Gaya,Locality_282,Delha
Gaya,Locality_283,Tekari Road
Gaya,Locality_284,Station Road
Gaya,Locality_285,Ramna
Gaya,Locality_286,Chand Chaura
Gaya,Locality_287,Swarajpuri Road
Gaya,Locality_288,GB Road
Gaya,Locality_289,Katari Hill Road
Gaya,Locality_290,Magadh Colony
Gaya,Locality_291,Mufassil
Gaya,Locality_292,Paharpur
Gaya,Locality_293,Khurja
Gaya,Locality_294,Lakshman Sahay Lane
Gaya,Locality_295,Asha Singh More
Gaya,Locality_296,Bodhgaya Road
Gaya,Locality_297,Gewalbigha
Gaya,Locality_298,Kachahari Road
Gaya,Locality_299,White House Compound
Gaya,Locality_300,Ramsagar
Gaya,Locality_301,Civil Lines
Gaya,Locality_302,Bodh Gaya
Gaya,Locality_303,AP Colony
Gaya,Locality_304,Gandhi Maidan
Gaya,Locality_305,Kareem Ganj
Gaya,Locality_306,Manpur
Gaya,Locality_307,Delha
Gaya,Locality_308,Tekari Road
Gaya,Locality_309,Station Road
Gaya,Locality_310,Ramna
Gaya,Locality_311,Chand Chaura
Gaya,Locality_312,Swarajpuri Road
Gaya,Locality_313,GB Road
Gaya,Locality_314,Katari Hill Road
Gaya,Locality_315,Magadh Colony
Gaya,Locality_316,Mufassil
Gaya,Locality_317,Paharpur
Gaya,Locality_318,Khurja
Gaya,Locality_319,Lakshman Sahay Lane
Gaya,Locality_320,Asha Singh More
Gaya,Locality_321,Bodhgaya Road
Gaya,Locality_322,Gewalbigha
Gaya,Locality_323,Kachahari Road
Gaya,Locality_324,White House Compound
Gaya,Locality_325,Ramsagar
Gaya,Locality_326,Civil Lines
Gaya,Locality_327,Bodh Gaya
Gaya,Locality_328,AP Colony
Gaya,Locality_329,Gandhi Maidan
Gaya,Locality_330,Kareem Ganj
Gaya,Locality_331,Manpur
Gaya,Locality_332,Delha
Gaya,Locality_333,Tekari Road
Gaya,Locality_334,Station Road
Gaya,Locality_335,Ramna
Gaya,Locality_336,Chand Chaura
Gaya,Locality_337,Swarajpuri Road
Gaya,Locality_338,GB Road
Gaya,Locality_339,Katari Hill Road
Gaya,Locality_340,Magadh Colony
Gaya,Locality_341,Mufassil
Gaya,Locality_342,Paharpur
Gaya,Locality_343,Khurja
Gaya,Locality_344,Lakshman Sahay Lane
Gaya,Locality_345,Asha Singh More
Gaya,Locality_346,Bodhgaya Road
Gaya,Locality_347,Gewalbigha
Gaya,Locality_348,Kachahari Road
Gaya,Locality_349,White House Compound
Gaya,Locality_350,Ramsagar
Gaya,Locality_351,Civil Lines
Gaya,Locality_352,Bodh Gaya
Gaya,Locality_353,AP Colony
Gaya,Locality_354,Gandhi Maidan
Gaya,Locality_355,Kareem Ganj
Gaya,Locality_356,Manpur
Gaya,Locality_357,Delha
Gaya,Locality_358,Tekari Road
Gaya,Locality_359,Station Road
Gaya,Locality_360,Ramna
Gaya,Locality_361,Chand Chaura
Gaya,Locality_362,Swarajpuri Road
Gaya,Locality_363,GB Road
Gaya,Locality_364,Katari Hill Road
Gaya,Locality_365,Magadh Colony
Gaya,Locality_366,Mufassil
Gaya,Locality_367,Paharpur
Gaya,Locality_368,Khurja
Gaya,Locality_369,Lakshman Sahay Lane
Gaya,Locality_370,Asha Singh More
Gaya,Locality_371,Bodhgaya Road
Gaya,Locality_372,Gewalbigha
Gaya,Locality_373,Kachahari Road
Gaya,Locality_374,White House Compound
Gaya,Locality_375,Ramsagar
Gaya,Locality_376,Civil Lines
Gaya,Locality_377,Bodh Gaya
Gaya,Locality_378,AP Colony
Gaya,Locality_379,Gandhi Maidan
Gaya,Locality_380,Kareem Ganj
Gaya,Locality_381,Manpur
Gaya,Locality_382,Delha
Gaya,Locality_383,Tekari Road
Gaya,Locality_384,Station Road
Gaya,Locality_385,Ramna
Gaya,Locality_386,Chand Chaura
Gaya,Locality_387,Swarajpuri Road
Gaya,Locality_388,GB Road
Gaya,Locality_389,Katari Hill Road
Gaya,Locality_390,Magadh Colony
Gaya,Locality_391,Mufassil
Gaya,Locality_392,Paharpur
Gaya,Locality_393,Khurja
Gaya,Locality_394,Lakshman Sahay Lane
Gaya,Locality_395,Asha Singh More
Gaya,Locality_396,Bodhgaya Road
Gaya,Locality_397,Gewalbigha
Gaya,Locality_398,Kachahari Road
Gaya,Locality_399,White House Compound
Gaya,Locality_400,Ramsagar
Gaya,Locality_401,Civil Lines
Gaya,Locality_402,Bodh Gaya
Gaya,Locality_403,AP Colony
Gaya,Locality_404,Gandhi Maidan
Gaya,Locality_405,Kareem Ganj
Gaya,Locality_406,Manpur
Gaya,Locality_407,Delha
Gaya,Locality_408,Tekari Road
Gaya,Locality_409,Station Road
Gaya,Locality_410,Ramna
Gaya,Locality_411,Chand Chaura
Gaya,Locality_412,Swarajpuri Road
Gaya,Locality_413,GB Road
Gaya,Locality_414,Katari Hill Road
Gaya,Locality_415,Magadh Colony
Gaya,Locality_416,Mufassil
Gaya,Locality_417,Paharpur
Gaya,Locality_418,Khurja
Gaya,Locality_419,Lakshman Sahay Lane
Gaya,Locality_420,Asha Singh More
Gaya,Locality_421,Bodhgaya Road
Gaya,Locality_422,Gewalbigha
Gaya,Locality_423,Kachahari Road
Gaya,Locality_424,White House Compound
Gaya,Locality_425,Ramsagar
Gaya,Locality_426,Civil Lines
Gaya,Locality_427,Bodh Gaya
Gaya,Locality_428,AP Colony
Gaya,Locality_429,Gandhi Maidan
Gaya,Locality_430,Kareem Ganj
Gaya,Locality_431,Manpur
Gaya,Locality_432,Delha
Gaya,Locality_433,Tekari Road
Gaya,Locality_434,Station Road
Gaya,Locality_435,Ramna
Gaya,Locality_436,Chand Chaura
Gaya,Locality_437,Swarajpuri Road
Gaya,Locality_438,GB Road
Gaya,Locality_439,Katari Hill Road
Gaya,Locality_440,Magadh Colony
Gaya,Locality_441,Mufassil
Gaya,Locality_442,Paharpur
Gaya,Locality_443,Khurja
Gaya,Locality_444,Lakshman Sahay Lane
Gaya,Locality_445,Asha Singh More
Gaya,Locality_446,Bodhgaya Road
Gaya,Locality_447,Gewalbigha
Gaya,Locality_448,Kachahari Road
Gaya,Locality_449,White House Compound
Gaya,Locality_450,Ramsagar
Gaya,Locality_451,Civil Lines
Gaya,Locality_452,Bodh Gaya
Gaya,Locality_453,AP Colony
Gaya,Locality_454,Gandhi Maidan
Gaya,Locality_455,Kareem Ganj
Gaya,Locality_456,Manpur
Gaya,Locality_457,Delha
Gaya,Locality_458,Tekari Road
Gaya,Locality_459,Station Road
Gaya,Locality_460,Ramna
Gaya,Locality_461,Chand Chaura
Gaya,Locality_462,Swarajpuri Road
Gaya,Locality_463,GB Road
Gaya,Locality_464,Katari Hill Road
Gaya,Locality_465,Magadh Colony
Gaya,Locality_466,Mufassil
Gaya,Locality_467,Paharpur
Gaya,Locality_468,Khurja
Gaya,Locality_469,Lakshman Sahay Lane
Gaya,Locality_470,Asha Singh More
Gaya,Locality_471,Bodhgaya Road
Gaya,Locality_472,Gewalbigha
Gaya,Locality_473,Kachahari Road
Gaya,Locality_474,White House Compound
Gaya,Locality_475,Ramsagar
Gaya,Locality_476,Civil Lines
Gaya,Locality_477,Bodh Gaya
Gaya,Locality_478,AP Colony
Gaya,Locality_479,Gandhi Maidan
Gaya,Locality_480,Kareem Ganj
Gaya,Locality_481,Manpur
Gaya,Locality_482,Delha
Gaya,Locality_483,Tekari Road
Gaya,Locality_484,Station Road
Gaya,Locality_485,Ramna
Gaya,Locality_486,Chand Chaura
Gaya,Locality_487,Swarajpuri Road
Gaya,Locality_488,GB Road
Gaya,Locality_489,Katari Hill Road
Gaya,Locality_490,Magadh Colony
Gaya,Locality_491,Mufassil
Gaya,Locality_492,Paharpur
Gaya,Locality_493,Khurja
Gaya,Locality_494,Lakshman Sahay Lane
Gaya,Locality_495,Asha Singh More
Gaya,Locality_496,Bodhgaya Road
Gaya,Locality_497,Gewalbigha
Gaya,Locality_498,Kachahari Road
Gaya,Locality_499,White House Compound
Gaya,Locality_500,Ramsagar
Gurgaon,Locality_1,DLF Phase 1
Gurgaon,Locality_2,DLF Phase 2
Gurgaon,Locality_3,DLF Phase 3
Gurgaon,Locality_4,DLF Phase 4
Gurgaon,Locality_5,DLF Phase 5
Gurgaon,Locality_6,Golf Course Road
Gurgaon,Locality_7,Golf Course Extension Road
Gurgaon,Locality_8,Sohna Road
Gurgaon,Locality_9,MG Road
Gurgaon,Locality_10,Sushant Lok
Gurgaon,Locality_11,Sector 14
Gurgaon,Locality_12,Sector 15
Gurgaon,Locality_13,Sector 17
Gurgaon,Locality_14,Sector 29
Gurgaon,Locality_15,Sector 31
Gurgaon,Locality_16,Sector 40
Gurgaon,Locality_17,Sector 42
Gurgaon,Locality_18,Sector 43
Gurgaon,Locality_19,Sector 45
Gurgaon,Locality_20,Sector 49
Gurgaon,Locality_21,Sector 50
Gurgaon,Locality_22,Sector 56
Gurgaon,Locality_23,Sector 57
Gurgaon,Locality_24,Palam Vihar
Gurgaon,Locality_25,New Gurgaon
Gurgaon,Locality_26,DLF Phase 1
Gurgaon,Locality_27,DLF Phase 2
Gurgaon,Locality_28,DLF Phase 3
Gurgaon,Locality_29,DLF Phase 4
Gurgaon,Locality_30,DLF Phase 5
Gurgaon,Locality_31,Golf Course Road
Gurgaon,Locality_32,Golf Course Extension Road
Gurgaon,Locality_33,Sohna Road
Gurgaon,Locality_34,MG Road
Gurgaon,Locality_35,Sushant Lok
Gurgaon,Locality_36,Sector 14
Gurgaon,Locality_37,Sector 15
Gurgaon,Locality_38,Sector 17
Gurgaon,Locality_39,Sector 29
Gurgaon,Locality_40,Sector 31
Gurgaon,Locality_41,Sector 40
Gurgaon,Locality_42,Sector 42
Gurgaon,Locality_43,Sector 43
Gurgaon,Locality_44,Sector 45
Gurgaon,Locality_45,Sector 49
Gurgaon,Locality_46,Sector 50
Gurgaon,Locality_47,Sector 56
Gurgaon,Locality_48,Sector 57
Gurgaon,Locality_49,Palam Vihar
Gurgaon,Locality_50,New Gurgaon
Gurgaon,Locality_51,DLF Phase 1
Gurgaon,Locality_52,DLF Phase 2
Gurgaon,Locality_53,DLF Phase 3
Gurgaon,Locality_54,DLF Phase 4
Gurgaon,Locality_55,DLF Phase 5
Gurgaon,Locality_56,Golf Course Road
Gurgaon,Locality_57,Golf Course Extension Road
Gurgaon,Locality_58,Sohna Road
Gurgaon,Locality_59,MG Road
Gurgaon,Locality_60,Sushant Lok
Gurgaon,Locality_61,Sector 14
Gurgaon,Locality_62,Sector 15
Gurgaon,Locality_63,Sector 17
Gurgaon,Locality_64,Sector 29
Gurgaon,Locality_65,Sector 31
Gurgaon,Locality_66,Sector 40
Gurgaon,Locality_67,Sector 42
Gurgaon,Locality_68,Sector 43
Gurgaon,Locality_69,Sector 45
Gurgaon,Locality_70,Sector 49
Gurgaon,Locality_71,Sector 50
Gurgaon,Locality_72,Sector 56
Gurgaon,Locality_73,Sector 57
Gurgaon,Locality_74,Palam Vihar
Gurgaon,Locality_75,New Gurgaon
Gurgaon,Locality_76,DLF Phase 1
Gurgaon,Locality_77,DLF Phase 2
Gurgaon,Locality_78,DLF Phase 3
Gurgaon,Locality_79,DLF Phase 4
Gurgaon,Locality_80,DLF Phase 5
Gurgaon,Locality_81,Golf Course Road
Gurgaon,Locality_82,Golf Course Extension Road
Gurgaon,Locality_83,Sohna Road
Gurgaon,Locality_84,MG Road
Gurgaon,Locality_85,Sushant Lok
Gurgaon,Locality_86,Sector 14
Gurgaon,Locality_87,Sector 15
Gurgaon,Locality_88,Sector 17
Gurgaon,Locality_89,Sector 29
Gurgaon,Locality_90,Sector 31
Gurgaon,Locality_91,Sector 40
Gurgaon,Locality_92,Sector 42
Gurgaon,Locality_93,Sector 43
Gurgaon,Locality_94,Sector 45
Gurgaon,Locality_95,Sector 49
Gurgaon,Locality_96,Sector 50
Gurgaon,Locality_97,Sector 56
Gurgaon,Locality_98,Sector 57
Gurgaon,Locality_99,Palam Vihar
Gurgaon,Locality_100,New Gurgaon
Gurgaon,Locality_101,DLF Phase 1
Gurgaon,Locality_102,DLF Phase 2
Gurgaon,Locality_103,DLF Phase 3
Gurgaon,Locality_104,DLF Phase 4
Gurgaon,Locality_105,DLF Phase 5
Gurgaon,Locality_106,Golf Course Road
Gurgaon,Locality_107,Golf Course Extension Road
Gurgaon,Locality_108,Sohna Road
Gurgaon,Locality_109,MG Road
Gurgaon,Locality_110,Sushant Lok
Gurgaon,Locality_111,Sector 14
Gurgaon,Locality_112,Sector 15
Gurgaon,Locality_113,Sector 17
Gurgaon,Locality_114,Sector 29
Gurgaon,Locality_115,Sector 31
Gurgaon,Locality_116,Sector 40
Gurgaon,Locality_117,Sector 42
Gurgaon,Locality_118,Sector 43
Gurgaon,Locality_119,Sector 45
Gurgaon,Locality_120,Sector 49
Gurgaon,Locality_121,Sector 50
Gurgaon,Locality_122,Sector 56
Gurgaon,Locality_123,Sector 57
Gurgaon,Locality_124,Palam Vihar
Gurgaon,Locality_125,New Gurgaon
Gurgaon,Locality_126,DLF Phase 1
Gurgaon,Locality_127,DLF Phase 2
Gurgaon,Locality_128,DLF Phase 3
Gurgaon,Locality_129,DLF Phase 4
Gurgaon,Locality_130,DLF Phase 5
Gurgaon,Locality_131,Golf Course Road
Gurgaon,Locality_132,Golf Course Extension Road
Gurgaon,Locality_133,Sohna Road
Gurgaon,Locality_134,MG Road
Gurgaon,Locality_135,Sushant Lok
Gurgaon,Locality_136,Sector 14
Gurgaon,Locality_137,Sector 15
Gurgaon,Locality_138,Sector 17
Gurgaon,Locality_139,Sector 29
Gurgaon,Locality_140,Sector 31
Gurgaon,Locality_141,Sector 40
Gurgaon,Locality_142,Sector 42
Gurgaon,Locality_143,Sector 43
Gurgaon,Locality_144,Sector 45
Gurgaon,Locality_145,Sector 49
Gurgaon,Locality_146,Sector 50
Gurgaon,Locality_147,Sector 56
Gurgaon,Locality_148,Sector 57
Gurgaon,Locality_149,Palam Vihar
Gurgaon,Locality_150,New Gurgaon
Gurgaon,Locality_151,DLF Phase 1
Gurgaon,Locality_152,DLF Phase 2
Gurgaon,Locality_153,DLF Phase 3
Gurgaon,Locality_154,DLF Phase 4
Gurgaon,Locality_155,DLF Phase 5
Gurgaon,Locality_156,Golf Course Road
Gurgaon,Locality_157,Golf Course Extension Road
Gurgaon,Locality_158,Sohna Road
Gurgaon,Locality_159,MG Road
Gurgaon,Locality_160,Sushant Lok
Gurgaon,Locality_161,Sector 14
Gurgaon,Locality_162,Sector 15
Gurgaon,Locality_163,Sector 17
Gurgaon,Locality_164,Sector 29
Gurgaon,Locality_165,Sector 31
Gurgaon,Locality_166,Sector 40
Gurgaon,Locality_167,Sector 42
Gurgaon,Locality_168,Sector 43
Gurgaon,Locality_169,Sector 45
Gurgaon,Locality_170,Sector 49
Gurgaon,Locality_171,Sector 50
Gurgaon,Locality_172,Sector 56
Gurgaon,Locality_173,Sector 57
Gurgaon,Locality_174,Palam Vihar
Gurgaon,Locality_175,New Gurgaon
Gurgaon,Locality_176,DLF Phase 1
Gurgaon,Locality_177,DLF Phase 2
Gurgaon,Locality_178,DLF Phase 3
Gurgaon,Locality_179,DLF Phase 4
Gurgaon,Locality_180,DLF Phase 5
Gurgaon,Locality_181,Golf Course Road
Gurgaon,Locality_182,Golf Course Extension Road
Gurgaon,Locality_183,Sohna Road
Gurgaon,Locality_184,MG Road
Gurgaon,Locality_185,Sushant Lok
Gurgaon,Locality_186,Sector 14
Gurgaon,Locality_187,Sector 15
Gurgaon,Locality_188,Sector 17
Gurgaon,Locality_189,Sector 29
Gurgaon,Locality_190,Sector 31
Gurgaon,Locality_191,Sector 40
Gurgaon,Locality_192,Sector 42
Gurgaon,Locality_193,Sector 43
Gurgaon,Locality_194,Sector 45
Gurgaon,Locality_195,Sector 49
Gurgaon,Locality_196,Sector 50
Gurgaon,Locality_197,Sector 56
Gurgaon,Locality_198,Sector 57
Gurgaon,Locality_199,Palam Vihar
Gurgaon,Locality_200,New Gurgaon
Gurgaon,Locality_201,DLF Phase 1
Gurgaon,Locality_202,DLF Phase 2
Gurgaon,Locality_203,DLF Phase 3
Gurgaon,Locality_204,DLF Phase 4
Gurgaon,Locality_205,DLF Phase 5
Gurgaon,Locality_206,Golf Course Road
Gurgaon,Locality_207,Golf Course Extension Road
Gurgaon,Locality_208,Sohna Road
Gurgaon,Locality_209,MG Road
Gurgaon,Locality_210,Sushant Lok
Gurgaon,Locality_211,Sector 14
Gurgaon,Locality_212,Sector 15
Gurgaon,Locality_213,Sector 17
Gurgaon,Locality_214,Sector 29
Gurgaon,Locality_215,Sector 31
Gurgaon,Locality_216,Sector 40
Gurgaon,Locality_217,Sector 42
Gurgaon,Locality_218,Sector 43
Gurgaon,Locality_219,Sector 45
Gurgaon,Locality_220,Sector 49
Gurgaon,Locality_221,Sector 50
Gurgaon,Locality_222,Sector 56
Gurgaon,Locality_223,Sector 57
Gurgaon,Locality_224,Palam Vihar
Gurgaon,Locality_225,New Gurgaon
Gurgaon,Locality_226,DLF Phase 1
Gurgaon,Locality_227,DLF Phase 2
Gurgaon,Locality_228,DLF Phase 3
Gurgaon,Locality_229,DLF Phase 4
Gurgaon,Locality_230,DLF Phase 5
Gurgaon,Locality_231,Golf Course Road
Gurgaon,Locality_232,Golf Course Extension Road
Gurgaon,Locality_233,Sohna Road
Gurgaon,Locality_234,MG Road
Gurgaon,Locality_235,Sushant Lok
Gurgaon,Locality_236,Sector 14
Gurgaon,Locality_237,Sector 15
Gurgaon,Locality_238,Sector 17
Gurgaon,Locality_239,Sector 29
Gurgaon,Locality_240,Sector 31
Gurgaon,Locality_241,Sector 40
Gurgaon,Locality_242,Sector 42
Gurgaon,Locality_243,Sector 43
Gurgaon,Locality_244,Sector 45
Gurgaon,Locality_245,Sector 49
Gurgaon,Locality_246,Sector 50
Gurgaon,Locality_247,Sector 56
Gurgaon,Locality_248,Sector 57
Gurgaon,Locality_249,Palam Vihar
Gurgaon,Locality_250,New Gurgaon
Gurgaon,Locality_251,DLF Phase 1
Gurgaon,Locality_252,DLF Phase 2
Gurgaon,Locality_253,DLF Phase 3
Gurgaon,Locality_254,DLF Phase 4
Gurgaon,Locality_255,DLF Phase 5
Gurgaon,Locality_256,Golf Course Road
Gurgaon,Locality_257,Golf Course Extension Road
Gurgaon,Locality_258,Sohna Road
Gurgaon,Locality_259,MG Road
Gurgaon,Locality_260,Sushant Lok
Gurgaon,Locality_261,Sector 14
Gurgaon,Locality_262,Sector 15
Gurgaon,Locality_263,Sector 17
Gurgaon,Locality_264,Sector 29
Gurgaon,Locality_265,Sector 31
Gurgaon,Locality_266,Sector 40
Gurgaon,Locality_267,Sector 42
Gurgaon,Locality_268,Sector 43
Gurgaon,Locality_269,Sector 45
Gurgaon,Locality_270,Sector 49
Gurgaon,Locality_271,Sector 50
Gurgaon,Locality_272,Sector 56
Gurgaon,Locality_273,Sector 57
Gurgaon,Locality_274,Palam Vihar
Gurgaon,Locality_275,New Gurgaon
Gurgaon,Locality_276,DLF Phase 1
Gurgaon,Locality_277,DLF Phase 2
Gurgaon,Locality_278,DLF Phase 3
Gurgaon,Locality_279,DLF Phase 4
Gurgaon,Locality_280,DLF Phase 5
Gurgaon,Locality_281,Golf Course Road
Gurgaon,Locality_282,Golf Course Extension Road
Gurgaon,Locality_283,Sohna Road
Gurgaon,Locality_284,MG Road
Gurgaon,Locality_285,Sushant Lok
Gurgaon,Locality_286,Sector 14
Gurgaon,Locality_287,Sector 15
Gurgaon,Locality_288,Sector 17
Gurgaon,Locality_289,Sector 29
Gurgaon,Locality_290,Sector 31
Gurgaon,Locality_291,Sector 40
Gurgaon,Locality_292,Sector 42
Gurgaon,Locality_293,Sector 43
Gurgaon,Locality_294,Sector 45
Gurgaon,Locality_295,Sector 49
Gurgaon,Locality_296,Sector 50
Gurgaon,Locality_297,Sector 56
Gurgaon,Locality_298,Sector 57
Gurgaon,Locality_299,Palam Vihar
Gurgaon,Locality_300,New Gurgaon
Gurgaon,Locality_301,DLF Phase 1
Gurgaon,Locality_302,DLF Phase 2
Gurgaon,Locality_303,DLF Phase 3
Gurgaon,Locality_304,DLF Phase 4
Gurgaon,Locality_305,DLF Phase 5
Gurgaon,Locality_306,Golf Course Road
Gurgaon,Locality_307,Golf Course Extension Road
Gurgaon,Locality_308,Sohna Road
Gurgaon,Locality_309,MG Road
Gurgaon,Locality_310,Sushant Lok
Gurgaon,Locality_311,Sector 14
Gurgaon,Locality_312,Sector 15
Gurgaon,Locality_313,Sector 17
Gurgaon,Locality_314,Sector 29
Gurgaon,Locality_315,Sector 31
Gurgaon,Locality_316,Sector 40
Gurgaon,Locality_317,Sector 42
Gurgaon,Locality_318,Sector 43
Gurgaon,Locality_319,Sector 45
Gurgaon,Locality_320,Sector 49
Gurgaon,Locality_321,Sector 50
Gurgaon,Locality_322,Sector 56
Gurgaon,Locality_323,Sector 57
Gurgaon,Locality_324,Palam Vihar
Gurgaon,Locality_325,New Gurgaon
Gurgaon,Locality_326,DLF Phase 1
Gurgaon,Locality_327,DLF Phase 2
Gurgaon,Locality_328,DLF Phase 3
Gurgaon,Locality_329,DLF Phase 4
Gurgaon,Locality_330,DLF Phase 5
Gurgaon,Locality_331,Golf Course Road
Gurgaon,Locality_332,Golf Course Extension Road
Gurgaon,Locality_333,Sohna Road
Gurgaon,Locality_334,MG Road
Gurgaon,Locality_335,Sushant Lok
Gurgaon,Locality_336,Sector 14
Gurgaon,Locality_337,Sector 15
Gurgaon,Locality_338,Sector 17
Gurgaon,Locality_339,Sector 29
Gurgaon,Locality_340,Sector 31
Gurgaon,Locality_341,Sector 40
Gurgaon,Locality_342,Sector 42
Gurgaon,Locality_343,Sector 43
Gurgaon,Locality_344,Sector 45
Gurgaon,Locality_345,Sector 49
Gurgaon,Locality_346,Sector 50
Gurgaon,Locality_347,Sector 56
Gurgaon,Locality_348,Sector 57
Gurgaon,Locality_349,Palam Vihar
Gurgaon,Locality_350,New Gurgaon
Gurgaon,Locality_351,DLF Phase 1
Gurgaon,Locality_352,DLF Phase 2
Gurgaon,Locality_353,DLF Phase 3
Gurgaon,Locality_354,DLF Phase 4
Gurgaon,Locality_355,DLF Phase 5
Gurgaon,Locality_356,Golf Course Road
Gurgaon,Locality_357,Golf Course Extension Road
Gurgaon,Locality_358,Sohna Road
Gurgaon,Locality_359,MG Road
Gurgaon,Locality_360,Sushant Lok
Gurgaon,Locality_361,Sector 14
Gurgaon,Locality_362,Sector 15
Gurgaon,Locality_363,Sector 17
Gurgaon,Locality_364,Sector 29
Gurgaon,Locality_365,Sector 31
Gurgaon,Locality_366,Sector 40
Gurgaon,Locality_367,Sector 42
Gurgaon,Locality_368,Sector 43
Gurgaon,Locality_369,Sector 45
Gurgaon,Locality_370,Sector 49
Gurgaon,Locality_371,Sector 50
Gurgaon,Locality_372,Sector 56
Gurgaon,Locality_373,Sector 57
Gurgaon,Locality_374,Palam Vihar
Gurgaon,Locality_375,New Gurgaon
Gurgaon,Locality_376,DLF Phase 1
Gurgaon,Locality_377,DLF Phase 2
Gurgaon,Locality_378,DLF Phase 3
Gurgaon,Locality_379,DLF Phase 4
Gurgaon,Locality_380,DLF Phase 5
Gurgaon,Locality_381,Golf Course Road
Gurgaon,Locality_382,Golf Course Extension Road
Gurgaon,Locality_383,Sohna Road
Gurgaon,Locality_384,MG Road
Gurgaon,Locality_385,Sushant Lok
Gurgaon,Locality_386,Sector 14
Gurgaon,Locality_387,Sector 15
Gurgaon,Locality_388,Sector 17
Gurgaon,Locality_389,Sector 29
Gurgaon,Locality_390,Sector 31
Gurgaon,Locality_391,Sector 40
Gurgaon,Locality_392,Sector 42
Gurgaon,Locality_393,Sector 43
Gurgaon,Locality_394,Sector 45
Gurgaon,Locality_395,Sector 49
Gurgaon,Locality_396,Sector 50
Gurgaon,Locality_397,Sector 56
Gurgaon,Locality_398,Sector 57
Gurgaon,Locality_399,Palam Vihar
Gurgaon,Locality_400,New Gurgaon
Gurgaon,Locality_401,DLF Phase 1
Gurgaon,Locality_402,DLF Phase 2
Gurgaon,Locality_403,DLF Phase 3
Gurgaon,Locality_404,DLF Phase 4
Gurgaon,Locality_405,DLF Phase 5
Gurgaon,Locality_406,Golf Course Road
Gurgaon,Locality_407,Golf Course Extension Road
Gurgaon,Locality_408,Sohna Road
Gurgaon,Locality_409,MG Road
Gurgaon,Locality_410,Sushant Lok
Gurgaon,Locality_411,Sector 14
Gurgaon,Locality_412,Sector 15
Gurgaon,Locality_413,Sector 17
Gurgaon,Locality_414,Sector 29
Gurgaon,Locality_415,Sector 31
Gurgaon,Locality_416,Sector 40
Gurgaon,Locality_417,Sector 42
Gurgaon,Locality_418,Sector 43
Gurgaon,Locality_419,Sector 45
Gurgaon,Locality_420,Sector 49
Gurgaon,Locality_421,Sector 50
Gurgaon,Locality_422,Sector 56
Gurgaon,Locality_423,Sector 57
Gurgaon,Locality_424,Palam Vihar
Gurgaon,Locality_425,New Gurgaon
Gurgaon,Locality_426,DLF Phase 1
Gurgaon,Locality_427,DLF Phase 2
Gurgaon,Locality_428,DLF Phase 3
Gurgaon,Locality_429,DLF Phase 4
Gurgaon,Locality_430,DLF Phase 5
Gurgaon,Locality_431,Golf Course Road
Gurgaon,Locality_432,Golf Course Extension Road
Gurgaon,Locality_433,Sohna Road
Gurgaon,Locality_434,MG Road
Gurgaon,Locality_435,Sushant Lok
Gurgaon,Locality_436,Sector 14
Gurgaon,Locality_437,Sector 15
Gurgaon,Locality_438,Sector 17
Gurgaon,Locality_439,Sector 29
Gurgaon,Locality_440,Sector 31
Gurgaon,Locality_441,Sector 40
Gurgaon,Locality_442,Sector 42
Gurgaon,Locality_443,Sector 43
Gurgaon,Locality_444,Sector 45
Gurgaon,Locality_445,Sector 49
Gurgaon,Locality_446,Sector 50
Gurgaon,Locality_447,Sector 56
Gurgaon,Locality_448,Sector 57
Gurgaon,Locality_449,Palam Vihar
Gurgaon,Locality_450,New Gurgaon
Gurgaon,Locality_451,DLF Phase 1
Gurgaon,Locality_452,DLF Phase 2
Gurgaon,Locality_453,DLF Phase 3
Gurgaon,Locality_454,DLF Phase 4
Gurgaon,Locality_455,DLF Phase 5
Gurgaon,Locality_456,Golf Course Road
Gurgaon,Locality_457,Golf Course Extension Road
Gurgaon,Locality_458,Sohna Road
Gurgaon,Locality_459,MG Road
Gurgaon,Locality_460,Sushant Lok
Gurgaon,Locality_461,Sector 14
Gurgaon,Locality_462,Sector 15
Gurgaon,Locality_463,Sector 17
Gurgaon,Locality_464,Sector 29
Gurgaon,Locality_465,Sector 31
Gurgaon,Locality_466,Sector 40
Gurgaon,Locality_467,Sector 42
Gurgaon,Locality_468,Sector 43
Gurgaon,Locality_469,Sector 45
Gurgaon,Locality_470,Sector 49
Gurgaon,Locality_471,Sector 50
Gurgaon,Locality_472,Sector 56
Gurgaon,Locality_473,Sector 57
Gurgaon,Locality_474,Palam Vihar
Gurgaon,Locality_475,New Gurgaon
Gurgaon,Locality_476,DLF Phase 1
Gurgaon,Locality_477,DLF Phase 2
Gurgaon,Locality_478,DLF Phase 3
Gurgaon,Locality_479,DLF Phase 4
Gurgaon,Locality_480,DLF Phase 5
Gurgaon,Locality_481,Golf Course Road
Gurgaon,Locality_482,Golf Course Extension Road
Gurgaon,Locality_483,Sohna Road
Gurgaon,Locality_484,MG Road
Gurgaon,Locality_485,Sushant Lok
Gurgaon,Locality_486,Sector 14
Gurgaon,Locality_487,Sector 15
Gurgaon,Locality_488,Sector 17
Gurgaon,Locality_489,Sector 29
Gurgaon,Locality_490,Sector 31
Gurgaon,Locality_491,Sector 40
Gurgaon,Locality_492,Sector 42
Gurgaon,Locality_493,Sector 43
Gurgaon,Locality_494,Sector 45
Gurgaon,Locality_495,Sector 49
Gurgaon,Locality_496,Sector 50
Gurgaon,Locality_497,Sector 56
Gurgaon,Locality_498,Sector 57
Gurgaon,Locality_499,Palam Vihar
Gurgaon,Locality_500,New Gurgaon
Guwahati,Locality_1,Dispur
Guwahati,Locality_2,Paltan Bazaar
Guwahati,Locality_3,Beltola
Guwahati,Locality_4,Six Mile
Guwahati,Locality_5,Zoo Road
Guwahati,Locality_6,Ulubari
Guwahati,Locality_7,Chandmari
Guwahati,Locality_8,Maligaon
Guwahati,Locality_9,Jalukbari
Guwahati,Locality_10,Ganeshguri
Guwahati,Locality_11,Khanapara
Guwahati,Locality_12,Hatigaon
Guwahati,Locality_13,Noonmati
Guwahati,Locality_14,Narengi
Guwahati,Locality_15,Panjabari
Guwahati,Locality_16,Bhangagarh
Guwahati,Locality_17,G.S. Road
Guwahati,Locality_18,Christian Basti
Guwahati,Locality_19,Silpukhuri
Guwahati,Locality_20,Zoo Tiniali
Guwahati,Locality_21,Basistha
Guwahati,Locality_22,Lokhra
Guwahati,Locality_23,Boragaon
Guwahati,Locality_24,Kahilipara
Guwahati,Locality_25,Rehabari
Guwahati,Locality_26,Dispur
Guwahati,Locality_27,Paltan Bazaar
Guwahati,Locality_28,Beltola
Guwahati,Locality_29,Six Mile
Guwahati,Locality_30,Zoo Road
Guwahati,Locality_31,Ulubari
Guwahati,Locality_32,Chandmari
Guwahati,Locality_33,Maligaon
Guwahati,Locality_34,Jalukbari
Guwahati,Locality_35,Ganeshguri
Guwahati,Locality_36,Khanapara
Guwahati,Locality_37,Hatigaon
Guwahati,Locality_38,Noonmati
Guwahati,Locality_39,Narengi
Guwahati,Locality_40,Panjabari
Guwahati,Locality_41,Bhangagarh
Guwahati,Locality_42,G.S. Road
Guwahati,Locality_43,Christian Basti
Guwahati,Locality_44,Silpukhuri
Guwahati,Locality_45,Zoo Tiniali
Guwahati,Locality_46,Basistha
Guwahati,Locality_47,Lokhra
Guwahati,Locality_48,Boragaon
Guwahati,Locality_49,Kahilipara
Guwahati,Locality_50,Rehabari
Guwahati,Locality_51,Dispur
Guwahati,Locality_52,Paltan Bazaar
Guwahati,Locality_53,Beltola
Guwahati,Locality_54,Six Mile
Guwahati,Locality_55,Zoo Road
Guwahati,Locality_56,Ulubari
Guwahati,Locality_57,Chandmari
Guwahati,Locality_58,Maligaon
Guwahati,Locality_59,Jalukbari
Guwahati,Locality_60,Ganeshguri
Guwahati,Locality_61,Khanapara
Guwahati,Locality_62,Hatigaon
Guwahati,Locality_63,Noonmati
Guwahati,Locality_64,Narengi
Guwahati,Locality_65,Panjabari
Guwahati,Locality_66,Bhangagarh
Guwahati,Locality_67,G.S. Road
Guwahati,Locality_68,Christian Basti
Guwahati,Locality_69,Silpukhuri
Guwahati,Locality_70,Zoo Tiniali
Guwahati,Locality_71,Basistha
Guwahati,Locality_72,Lokhra
Guwahati,Locality_73,Boragaon
Guwahati,Locality_74,Kahilipara
Guwahati,Locality_75,Rehabari
Guwahati,Locality_76,Dispur
Guwahati,Locality_77,Paltan Bazaar
Guwahati,Locality_78,Beltola
Guwahati,Locality_79,Six Mile
Guwahati,Locality_80,Zoo Road
Guwahati,Locality_81,Ulubari
Guwahati,Locality_82,Chandmari
Guwahati,Locality_83,Maligaon
Guwahati,Locality_84,Jalukbari
Guwahati,Locality_85,Ganeshguri
Guwahati,Locality_86,Khanapara
Guwahati,Locality_87,Hatigaon
Guwahati,Locality_88,Noonmati
Guwahati,Locality_89,Narengi
Guwahati,Locality_90,Panjabari
Guwahati,Locality_91,Bhangagarh
Guwahati,Locality_92,G.S. Road
Guwahati,Locality_93,Christian Basti
Guwahati,Locality_94,Silpukhuri
Guwahati,Locality_95,Zoo Tiniali
Guwahati,Locality_96,Basistha
Guwahati,Locality_97,Lokhra
Guwahati,Locality_98,Boragaon
Guwahati,Locality_99,Kahilipara
Guwahati,Locality_100,Rehabari
Guwahati,Locality_101,Dispur
Guwahati,Locality_102,Paltan Bazaar
Guwahati,Locality_103,Beltola
Guwahati,Locality_104,Six Mile
Guwahati,Locality_105,Zoo Road
Guwahati,Locality_106,Ulubari
Guwahati,Locality_107,Chandmari
Guwahati,Locality_108,Maligaon
Guwahati,Locality_109,Jalukbari
Guwahati,Locality_110,Ganeshguri
Guwahati,Locality_111,Khanapara
Guwahati,Locality_112,Hatigaon
Guwahati,Locality_113,Noonmati
Guwahati,Locality_114,Narengi
Guwahati,Locality_115,Panjabari
Guwahati,Locality_116,Bhangagarh
Guwahati,Locality_117,G.S. Road
Guwahati,Locality_118,Christian Basti
Guwahati,Locality_119,Silpukhuri
Guwahati,Locality_120,Zoo Tiniali
Guwahati,Locality_121,Basistha
Guwahati,Locality_122,Lokhra
Guwahati,Locality_123,Boragaon
Guwahati,Locality_124,Kahilipara
Guwahati,Locality_125,Rehabari
Guwahati,Locality_126,Dispur
Guwahati,Locality_127,Paltan Bazaar
Guwahati,Locality_128,Beltola
Guwahati,Locality_129,Six Mile
Guwahati,Locality_130,Zoo Road
Guwahati,Locality_131,Ulubari
Guwahati,Locality_132,Chandmari
Guwahati,Locality_133,Maligaon
Guwahati,Locality_134,Jalukbari
Guwahati,Locality_135,Ganeshguri
Guwahati,Locality_136,Khanapara
Guwahati,Locality_137,Hatigaon
Guwahati,Locality_138,Noonmati
Guwahati,Locality_139,Narengi
Guwahati,Locality_140,Panjabari
Guwahati,Locality_141,Bhangagarh
Guwahati,Locality_142,G.S. Road
Guwahati,Locality_143,Christian Basti
Guwahati,Locality_144,Silpukhuri
Guwahati,Locality_145,Zoo Tiniali
Guwahati,Locality_146,Basistha
Guwahati,Locality_147,Lokhra
Guwahati,Locality_148,Boragaon
Guwahati,Locality_149,Kahilipara
Guwahati,Locality_150,Rehabari
Guwahati,Locality_151,Dispur
Guwahati,Locality_152,Paltan Bazaar
Guwahati,Locality_153,Beltola
Guwahati,Locality_154,Six Mile
Guwahati,Locality_155,Zoo Road
Guwahati,Locality_156,Ulubari
Guwahati,Locality_157,Chandmari
Guwahati,Locality_158,Maligaon
Guwahati,Locality_159,Jalukbari
Guwahati,Locality_160,Ganeshguri
Guwahati,Locality_161,Khanapara
Guwahati,Locality_162,Hatigaon
Guwahati,Locality_163,Noonmati
Guwahati,Locality_164,Narengi
Guwahati,Locality_165,Panjabari
Guwahati,Locality_166,Bhangagarh
Guwahati,Locality_167,G.S. Road
Guwahati,Locality_168,Christian Basti
Guwahati,Locality_169,Silpukhuri
Guwahati,Locality_170,Zoo Tiniali
Guwahati,Locality_171,Basistha
Guwahati,Locality_172,Lokhra
Guwahati,Locality_173,Boragaon
Guwahati,Locality_174,Kahilipara
Guwahati,Locality_175,Rehabari
Guwahati,Locality_176,Dispur
Guwahati,Locality_177,Paltan Bazaar
Guwahati,Locality_178,Beltola
Guwahati,Locality_179,Six Mile
Guwahati,Locality_180,Zoo Road
Guwahati,Locality_181,Ulubari
Guwahati,Locality_182,Chandmari
Guwahati,Locality_183,Maligaon
Guwahati,Locality_184,Jalukbari
Guwahati,Locality_185,Ganeshguri
Guwahati,Locality_186,Khanapara
Guwahati,Locality_187,Hatigaon
Guwahati,Locality_188,Noonmati
Guwahati,Locality_189,Narengi
Guwahati,Locality_190,Panjabari
Guwahati,Locality_191,Bhangagarh
Guwahati,Locality_192,G.S. Road
Guwahati,Locality_193,Christian Basti
Guwahati,Locality_194,Silpukhuri
Guwahati,Locality_195,Zoo Tiniali
Guwahati,Locality_196,Basistha
Guwahati,Locality_197,Lokhra
Guwahati,Locality_198,Boragaon
Guwahati,Locality_199,Kahilipara
Guwahati,Locality_200,Rehabari
Guwahati,Locality_201,Dispur
Guwahati,Locality_202,Paltan Bazaar
Guwahati,Locality_203,Beltola
Guwahati,Locality_204,Six Mile
Guwahati,Locality_205,Zoo Road
Guwahati,Locality_206,Ulubari
Guwahati,Locality_207,Chandmari
Guwahati,Locality_208,Maligaon
Guwahati,Locality_209,Jalukbari
Guwahati,Locality_210,Ganeshguri
Guwahati,Locality_211,Khanapara
Guwahati,Locality_212,Hatigaon
Guwahati,Locality_213,Noonmati
Guwahati,Locality_214,Narengi
Guwahati,Locality_215,Panjabari
Guwahati,Locality_216,Bhangagarh
Guwahati,Locality_217,G.S. Road
Guwahati,Locality_218,Christian Basti
Guwahati,Locality_219,Silpukhuri
Guwahati,Locality_220,Zoo Tiniali
Guwahati,Locality_221,Basistha
Guwahati,Locality_222,Lokhra
Guwahati,Locality_223,Boragaon
Guwahati,Locality_224,Kahilipara
Guwahati,Locality_225,Rehabari
Guwahati,Locality_226,Dispur
Guwahati,Locality_227,Paltan Bazaar
Guwahati,Locality_228,Beltola
Guwahati,Locality_229,Six Mile
Guwahati,Locality_230,Zoo Road
Guwahati,Locality_231,Ulubari
Guwahati,Locality_232,Chandmari
Guwahati,Locality_233,Maligaon
Guwahati,Locality_234,Jalukbari
Guwahati,Locality_235,Ganeshguri
Guwahati,Locality_236,Khanapara
Guwahati,Locality_237,Hatigaon
Guwahati,Locality_238,Noonmati
Guwahati,Locality_239,Narengi
Guwahati,Locality_240,Panjabari
Guwahati,Locality_241,Bhangagarh
Guwahati,Locality_242,G.S. Road
Guwahati,Locality_243,Christian Basti
Guwahati,Locality_244,Silpukhuri
Guwahati,Locality_245,Zoo Tiniali
Guwahati,Locality_246,Basistha
Guwahati,Locality_247,Lokhra
Guwahati,Locality_248,Boragaon
Guwahati,Locality_249,Kahilipara
Guwahati,Locality_250,Rehabari
Guwahati,Locality_251,Dispur
Guwahati,Locality_252,Paltan Bazaar
Guwahati,Locality_253,Beltola
Guwahati,Locality_254,Six Mile
Guwahati,Locality_255,Zoo Road
Guwahati,Locality_256,Ulubari
Guwahati,Locality_257,Chandmari
Guwahati,Locality_258,Maligaon
Guwahati,Locality_259,Jalukbari
Guwahati,Locality_260,Ganeshguri
Guwahati,Locality_261,Khanapara
Guwahati,Locality_262,Hatigaon
Guwahati,Locality_263,Noonmati
Guwahati,Locality_264,Narengi
Guwahati,Locality_265,Panjabari
Guwahati,Locality_266,Bhangagarh
Guwahati,Locality_267,G.S. Road
Guwahati,Locality_268,Christian Basti
Guwahati,Locality_269,Silpukhuri
Guwahati,Locality_270,Zoo Tiniali
Guwahati,Locality_271,Basistha
Guwahati,Locality_272,Lokhra
Guwahati,Locality_273,Boragaon
Guwahati,Locality_274,Kahilipara
Guwahati,Locality_275,Rehabari
Guwahati,Locality_276,Dispur
Guwahati,Locality_277,Paltan Bazaar
Guwahati,Locality_278,Beltola
Guwahati,Locality_279,Six Mile
Guwahati,Locality_280,Zoo Road
Guwahati,Locality_281,Ulubari
Guwahati,Locality_282,Chandmari
Guwahati,Locality_283,Maligaon
Guwahati,Locality_284,Jalukbari
Guwahati,Locality_285,Ganeshguri
Guwahati,Locality_286,Khanapara
Guwahati,Locality_287,Hatigaon
Guwahati,Locality_288,Noonmati
Guwahati,Locality_289,Narengi
Guwahati,Locality_290,Panjabari
Guwahati,Locality_291,Bhangagarh
Guwahati,Locality_292,G.S. Road
Guwahati,Locality_293,Christian Basti
Guwahati,Locality_294,Silpukhuri
Guwahati,Locality_295,Zoo Tiniali
Guwahati,Locality_296,Basistha
Guwahati,Locality_297,Lokhra
Guwahati,Locality_298,Boragaon
Guwahati,Locality_299,Kahilipara
Guwahati,Locality_300,Rehabari
Guwahati,Locality_301,Dispur
Guwahati,Locality_302,Paltan Bazaar
Guwahati,Locality_303,Beltola
Guwahati,Locality_304,Six Mile
Guwahati,Locality_305,Zoo Road
Guwahati,Locality_306,Ulubari
Guwahati,Locality_307,Chandmari
Guwahati,Locality_308,Maligaon
Guwahati,Locality_309,Jalukbari
Guwahati,Locality_310,Ganeshguri
Guwahati,Locality_311,Khanapara
Guwahati,Locality_312,Hatigaon
Guwahati,Locality_313,Noonmati
Guwahati,Locality_314,Narengi
Guwahati,Locality_315,Panjabari
Guwahati,Locality_316,Bhangagarh
Guwahati,Locality_317,G.S. Road
Guwahati,Locality_318,Christian Basti
Guwahati,Locality_319,Silpukhuri
Guwahati,Locality_320,Zoo Tiniali
Guwahati,Locality_321,Basistha
Guwahati,Locality_322,Lokhra
Guwahati,Locality_323,Boragaon
Guwahati,Locality_324,Kahilipara
Guwahati,Locality_325,Rehabari
Guwahati,Locality_326,Dispur
Guwahati,Locality_327,Paltan Bazaar
Guwahati,Locality_328,Beltola
Guwahati,Locality_329,Six Mile
Guwahati,Locality_330,Zoo Road
Guwahati,Locality_331,Ulubari
Guwahati,Locality_332,Chandmari
Guwahati,Locality_333,Maligaon
Guwahati,Locality_334,Jalukbari
Guwahati,Locality_335,Ganeshguri
Guwahati,Locality_336,Khanapara
Guwahati,Locality_337,Hatigaon
Guwahati,Locality_338,Noonmati
Guwahati,Locality_339,Narengi
Guwahati,Locality_340,Panjabari
Guwahati,Locality_341,Bhangagarh
Guwahati,Locality_342,G.S. Road
Guwahati,Locality_343,Christian Basti
Guwahati,Locality_344,Silpukhuri
Guwahati,Locality_345,Zoo Tiniali
Guwahati,Locality_346,Basistha
Guwahati,Locality_347,Lokhra
Guwahati,Locality_348,Boragaon
Guwahati,Locality_349,Kahilipara
Guwahati,Locality_350,Rehabari
Guwahati,Locality_351,Dispur
Guwahati,Locality_352,Paltan Bazaar
Guwahati,Locality_353,Beltola
Guwahati,Locality_354,Six Mile
Guwahati,Locality_355,Zoo Road
Guwahati,Locality_356,Ulubari
Guwahati,Locality_357,Chandmari
Guwahati,Locality_358,Maligaon
Guwahati,Locality_359,Jalukbari
Guwahati,Locality_360,Ganeshguri
Guwahati,Locality_361,Khanapara
Guwahati,Locality_362,Hatigaon
Guwahati,Locality_363,Noonmati
Guwahati,Locality_364,Narengi
Guwahati,Locality_365,Panjabari
Guwahati,Locality_366,Bhangagarh
Guwahati,Locality_367,G.S. Road
Guwahati,Locality_368,Christian Basti
Guwahati,Locality_369,Silpukhuri
Guwahati,Locality_370,Zoo Tiniali
Guwahati,Locality_371,Basistha
Guwahati,Locality_372,Lokhra
Guwahati,Locality_373,Boragaon
Guwahati,Locality_374,Kahilipara
Guwahati,Locality_375,Rehabari
Guwahati,Locality_376,Dispur
Guwahati,Locality_377,Paltan Bazaar
Guwahati,Locality_378,Beltola
Guwahati,Locality_379,Six Mile
Guwahati,Locality_380,Zoo Road
Guwahati,Locality_381,Ulubari
Guwahati,Locality_382,Chandmari
Guwahati,Locality_383,Maligaon
Guwahati,Locality_384,Jalukbari
Guwahati,Locality_385,Ganeshguri
Guwahati,Locality_386,Khanapara
Guwahati,Locality_387,Hatigaon
Guwahati,Locality_388,Noonmati
Guwahati,Locality_389,Narengi
Guwahati,Locality_390,Panjabari
Guwahati,Locality_391,Bhangagarh
Guwahati,Locality_392,G.S. Road
Guwahati,Locality_393,Christian Basti
Guwahati,Locality_394,Silpukhuri
Guwahati,Locality_395,Zoo Tiniali
Guwahati,Locality_396,Basistha
Guwahati,Locality_397,Lokhra
Guwahati,Locality_398,Boragaon
Guwahati,Locality_399,Kahilipara
Guwahati,Locality_400,Rehabari
Guwahati,Locality_401,Dispur
Guwahati,Locality_402,Paltan Bazaar
Guwahati,Locality_403,Beltola
Guwahati,Locality_404,Six Mile
Guwahati,Locality_405,Zoo Road
Guwahati,Locality_406,Ulubari
Guwahati,Locality_407,Chandmari
Guwahati,Locality_408,Maligaon
Guwahati,Locality_409,Jalukbari
Guwahati,Locality_410,Ganeshguri
Guwahati,Locality_411,Khanapara
Guwahati,Locality_412,Hatigaon
Guwahati,Locality_413,Noonmati
Guwahati,Locality_414,Narengi
Guwahati,Locality_415,Panjabari
Guwahati,Locality_416,Bhangagarh
Guwahati,Locality_417,G.S. Road
Guwahati,Locality_418,Christian Basti
Guwahati,Locality_419,Silpukhuri
Guwahati,Locality_420,Zoo Tiniali
Guwahati,Locality_421,Basistha
Guwahati,Locality_422,Lokhra
Guwahati,Locality_423,Boragaon
Guwahati,Locality_424,Kahilipara
Guwahati,Locality_425,Rehabari
Guwahati,Locality_426,Dispur
Guwahati,Locality_427,Paltan Bazaar
Guwahati,Locality_428,Beltola
Guwahati,Locality_429,Six Mile
Guwahati,Locality_430,Zoo Road
Guwahati,Locality_431,Ulubari
Guwahati,Locality_432,Chandmari
Guwahati,Locality_433,Maligaon
Guwahati,Locality_434,Jalukbari
Guwahati,Locality_435,Ganeshguri
Guwahati,Locality_436,Khanapara
Guwahati,Locality_437,Hatigaon
Guwahati,Locality_438,Noonmati
Guwahati,Locality_439,Narengi
Guwahati,Locality_440,Panjabari
Guwahati,Locality_441,Bhangagarh
Guwahati,Locality_442,G.S. Road
Guwahati,Locality_443,Christian Basti
Guwahati,Locality_444,Silpukhuri
Guwahati,Locality_445,Zoo Tiniali
Guwahati,Locality_446,Basistha
Guwahati,Locality_447,Lokhra
Guwahati,Locality_448,Boragaon
Guwahati,Locality_449,Kahilipara
Guwahati,Locality_450,Rehabari
Guwahati,Locality_451,Dispur
Guwahati,Locality_452,Paltan Bazaar
Guwahati,Locality_453,Beltola
Guwahati,Locality_454,Six Mile
Guwahati,Locality_455,Zoo Road
Guwahati,Locality_456,Ulubari
Guwahati,Locality_457,Chandmari
Guwahati,Locality_458,Maligaon
Guwahati,Locality_459,Jalukbari
Guwahati,Locality_460,Ganeshguri
Guwahati,Locality_461,Khanapara
Guwahati,Locality_462,Hatigaon
Guwahati,Locality_463,Noonmati
Guwahati,Locality_464,Narengi
Guwahati,Locality_465,Panjabari
Guwahati,Locality_466,Bhangagarh
Guwahati,Locality_467,G.S. Road
Guwahati,Locality_468,Christian Basti
Guwahati,Locality_469,Silpukhuri
Guwahati,Locality_470,Zoo Tiniali
Guwahati,Locality_471,Basistha
Guwahati,Locality_472,Lokhra
Guwahati,Locality_473,Boragaon
Guwahati,Locality_474,Kahilipara
Guwahati,Locality_475,Rehabari
Guwahati,Locality_476,Dispur
Guwahati,Locality_477,Paltan Bazaar
Guwahati,Locality_478,Beltola
Guwahati,Locality_479,Six Mile
Guwahati,Locality_480,Zoo Road
Guwahati,Locality_481,Ulubari
Guwahati,Locality_482,Chandmari
Guwahati,Locality_483,Maligaon
Guwahati,Locality_484,Jalukbari
Guwahati,Locality_485,Ganeshguri
Guwahati,Locality_486,Khanapara
Guwahati,Locality_487,Hatigaon
Guwahati,Locality_488,Noonmati
Guwahati,Locality_489,Narengi
Guwahati,Locality_490,Panjabari
Guwahati,Locality_491,Bhangagarh
Guwahati,Locality_492,G.S. Road
Guwahati,Locality_493,Christian Basti
Guwahati,Locality_494,Silpukhuri
Guwahati,Locality_495,Zoo Tiniali
Guwahati,Locality_496,Basistha
Guwahati,Locality_497,Lokhra
Guwahati,Locality_498,Boragaon
Guwahati,Locality_499,Kahilipara
Guwahati,Locality_500,Rehabari
Haridwar,Locality_1,Jwalapur
Haridwar,Locality_2,Kankhal
Haridwar,Locality_3,Ranipur More
Haridwar,Locality_4,BHEL Township
Haridwar,Locality_5,Shivalik Nagar
Haridwar,Locality_6,Sidcul
Haridwar,Locality_7,Bahadrabad
Haridwar,Locality_8,Har Ki Pauri
Haridwar,Locality_9,Bhoopatwala
Haridwar,Locality_10,Khadkhadi
Haridwar,Locality_11,Bhupatwala
Haridwar,Locality_12,Mayapur
Haridwar,Locality_13,Devpura
Haridwar,Locality_14,Rishikul
Haridwar,Locality_15,Arya Nagar
Haridwar,Locality_16,Jagjeetpur
Haridwar,Locality_17,Kankhal Road
Haridwar,Locality_18,Roshanabad
Haridwar,Locality_19,Patanjali Yogpeeth
Haridwar,Locality_20,Haridwar Bypass
Haridwar,Locality_21,Dudhadhari Chowk
Haridwar,Locality_22,Chandi Ghat
Haridwar,Locality_23,Sapt Sarovar
Haridwar,Locality_24,Bilkeshwar
Haridwar,Locality_25,Sarai
Haridwar,Locality_26,Jwalapur
Haridwar,Locality_27,Kankhal
Haridwar,Locality_28,Ranipur More
Haridwar,Locality_29,BHEL Township
Haridwar,Locality_30,Shivalik Nagar
Haridwar,Locality_31,Sidcul
Haridwar,Locality_32,Bahadrabad
Haridwar,Locality_33,Har Ki Pauri
Haridwar,Locality_34,Bhoopatwala
Haridwar,Locality_35,Khadkhadi
Haridwar,Locality_36,Bhupatwala
Haridwar,Locality_37,Mayapur
Haridwar,Locality_38,Devpura
Haridwar,Locality_39,Rishikul
Haridwar,Locality_40,Arya Nagar
Haridwar,Locality_41,Jagjeetpur
Haridwar,Locality_42,Kankhal Road
Haridwar,Locality_43,Roshanabad
Haridwar,Locality_44,Patanjali Yogpeeth
Haridwar,Locality_45,Haridwar Bypass
Haridwar,Locality_46,Dudhadhari Chowk
Haridwar,Locality_47,Chandi Ghat
Haridwar,Locality_48,Sapt Sarovar
Haridwar,Locality_49,Bilkeshwar
Haridwar,Locality_50,Sarai
Haridwar,Locality_51,Jwalapur
Haridwar,Locality_52,Kankhal
Haridwar,Locality_53,Ranipur More
Haridwar,Locality_54,BHEL Township
Haridwar,Locality_55,Shivalik Nagar
Haridwar,Locality_56,Sidcul
Haridwar,Locality_57,Bahadrabad
Haridwar,Locality_58,Har Ki Pauri
Haridwar,Locality_59,Bhoopatwala
Haridwar,Locality_60,Khadkhadi
Haridwar,Locality_61,Bhupatwala
Haridwar,Locality_62,Mayapur
Haridwar,Locality_63,Devpura
Haridwar,Locality_64,Rishikul
Haridwar,Locality_65,Arya Nagar
Haridwar,Locality_66,Jagjeetpur
Haridwar,Locality_67,Kankhal Road
Haridwar,Locality_68,Roshanabad
Haridwar,Locality_69,Patanjali Yogpeeth
Haridwar,Locality_70,Haridwar Bypass
Haridwar,Locality_71,Dudhadhari Chowk
Haridwar,Locality_72,Chandi Ghat
Haridwar,Locality_73,Sapt Sarovar
Haridwar,Locality_74,Bilkeshwar
Haridwar,Locality_75,Sarai
Haridwar,Locality_76,Jwalapur
Haridwar,Locality_77,Kankhal
Haridwar,Locality_78,Ranipur More
Haridwar,Locality_79,BHEL Township
Haridwar,Locality_80,Shivalik Nagar
Haridwar,Locality_81,Sidcul
Haridwar,Locality_82,Bahadrabad
Haridwar,Locality_83,Har Ki Pauri
Haridwar,Locality_84,Bhoopatwala
Haridwar,Locality_85,Khadkhadi
Haridwar,Locality_86,Bhupatwala
Haridwar,Locality_87,Mayapur
Haridwar,Locality_88,Devpura
Haridwar,Locality_89,Rishikul
Haridwar,Locality_90,Arya Nagar
Haridwar,Locality_91,Jagjeetpur
Haridwar,Locality_92,Kankhal Road
Haridwar,Locality_93,Roshanabad
Haridwar,Locality_94,Patanjali Yogpeeth
Haridwar,Locality_95,Haridwar Bypass
Haridwar,Locality_96,Dudhadhari Chowk
Haridwar,Locality_97,Chandi Ghat
Haridwar,Locality_98,Sapt Sarovar
Haridwar,Locality_99,Bilkeshwar
Haridwar,Locality_100,Sarai
Haridwar,Locality_101,Jwalapur
Haridwar,Locality_102,Kankhal
Haridwar,Locality_103,Ranipur More
Haridwar,Locality_104,BHEL Township
Haridwar,Locality_105,Shivalik Nagar
Haridwar,Locality_106,Sidcul
Haridwar,Locality_107,Bahadrabad
Haridwar,Locality_108,Har Ki Pauri
Haridwar,Locality_109,Bhoopatwala
Haridwar,Locality_110,Khadkhadi
Haridwar,Locality_111,Bhupatwala
Haridwar,Locality_112,Mayapur
Haridwar,Locality_113,Devpura
Haridwar,Locality_114,Rishikul
Haridwar,Locality_115,Arya Nagar
Haridwar,Locality_116,Jagjeetpur
Haridwar,Locality_117,Kankhal Road
Haridwar,Locality_118,Roshanabad
Haridwar,Locality_119,Patanjali Yogpeeth
Haridwar,Locality_120,Haridwar Bypass
Haridwar,Locality_121,Dudhadhari Chowk
Haridwar,Locality_122,Chandi Ghat
Haridwar,Locality_123,Sapt Sarovar
Haridwar,Locality_124,Bilkeshwar
Haridwar,Locality_125,Sarai
Haridwar,Locality_126,Jwalapur
Haridwar,Locality_127,Kankhal
Haridwar,Locality_128,Ranipur More
Haridwar,Locality_129,BHEL Township
Haridwar,Locality_130,Shivalik Nagar
Haridwar,Locality_131,Sidcul
Haridwar,Locality_132,Bahadrabad
Haridwar,Locality_133,Har Ki Pauri
Haridwar,Locality_134,Bhoopatwala
Haridwar,Locality_135,Khadkhadi
Haridwar,Locality_136,Bhupatwala
Haridwar,Locality_137,Mayapur
Haridwar,Locality_138,Devpura
Haridwar,Locality_139,Rishikul
Haridwar,Locality_140,Arya Nagar
Haridwar,Locality_141,Jagjeetpur
Haridwar,Locality_142,Kankhal Road
Haridwar,Locality_143,Roshanabad
Haridwar,Locality_144,Patanjali Yogpeeth
Haridwar,Locality_145,Haridwar Bypass
Haridwar,Locality_146,Dudhadhari Chowk
Haridwar,Locality_147,Chandi Ghat
Haridwar,Locality_148,Sapt Sarovar
Haridwar,Locality_149,Bilkeshwar
Haridwar,Locality_150,Sarai
Haridwar,Locality_151,Jwalapur
Haridwar,Locality_152,Kankhal
Haridwar,Locality_153,Ranipur More
Haridwar,Locality_154,BHEL Township
Haridwar,Locality_155,Shivalik Nagar
Haridwar,Locality_156,Sidcul
Haridwar,Locality_157,Bahadrabad
Haridwar,Locality_158,Har Ki Pauri
Haridwar,Locality_159,Bhoopatwala
Haridwar,Locality_160,Khadkhadi
Haridwar,Locality_161,Bhupatwala
Haridwar,Locality_162,Mayapur
Haridwar,Locality_163,Devpura
Haridwar,Locality_164,Rishikul
Haridwar,Locality_165,Arya Nagar
Haridwar,Locality_166,Jagjeetpur
Haridwar,Locality_167,Kankhal Road
Haridwar,Locality_168,Roshanabad
Haridwar,Locality_169,Patanjali Yogpeeth
Haridwar,Locality_170,Haridwar Bypass
Haridwar,Locality_171,Dudhadhari Chowk
Haridwar,Locality_172,Chandi Ghat
Haridwar,Locality_173,Sapt Sarovar
Haridwar,Locality_174,Bilkeshwar
Haridwar,Locality_175,Sarai
Haridwar,Locality_176,Jwalapur
Haridwar,Locality_177,Kankhal
Haridwar,Locality_178,Ranipur More
Haridwar,Locality_179,BHEL Township
Haridwar,Locality_180,Shivalik Nagar
Haridwar,Locality_181,Sidcul
Haridwar,Locality_182,Bahadrabad
Haridwar,Locality_183,Har Ki Pauri
Haridwar,Locality_184,Bhoopatwala
Haridwar,Locality_185,Khadkhadi
Haridwar,Locality_186,Bhupatwala
Haridwar,Locality_187,Mayapur
Haridwar,Locality_188,Devpura
Haridwar,Locality_189,Rishikul
Haridwar,Locality_190,Arya Nagar
Haridwar,Locality_191,Jagjeetpur
Haridwar,Locality_192,Kankhal Road
Haridwar,Locality_193,Roshanabad
Haridwar,Locality_194,Patanjali Yogpeeth
Haridwar,Locality_195,Haridwar Bypass
Haridwar,Locality_196,Dudhadhari Chowk
Haridwar,Locality_197,Chandi Ghat
Haridwar,Locality_198,Sapt Sarovar
Haridwar,Locality_199,Bilkeshwar
Haridwar,Locality_200,Sarai
Haridwar,Locality_201,Jwalapur
Haridwar,Locality_202,Kankhal
Haridwar,Locality_203,Ranipur More
Haridwar,Locality_204,BHEL Township
Haridwar,Locality_205,Shivalik Nagar
Haridwar,Locality_206,Sidcul
Haridwar,Locality_207,Bahadrabad
Haridwar,Locality_208,Har Ki Pauri
Haridwar,Locality_209,Bhoopatwala
Haridwar,Locality_210,Khadkhadi
Haridwar,Locality_211,Bhupatwala
Haridwar,Locality_212,Mayapur
Haridwar,Locality_213,Devpura
Haridwar,Locality_214,Rishikul
Haridwar,Locality_215,Arya Nagar
Haridwar,Locality_216,Jagjeetpur
Haridwar,Locality_217,Kankhal Road
Haridwar,Locality_218,Roshanabad
Haridwar,Locality_219,Patanjali Yogpeeth
Haridwar,Locality_220,Haridwar Bypass
Haridwar,Locality_221,Dudhadhari Chowk
Haridwar,Locality_222,Chandi Ghat
Haridwar,Locality_223,Sapt Sarovar
Haridwar,Locality_224,Bilkeshwar
Haridwar,Locality_225,Sarai
Haridwar,Locality_226,Jwalapur
Haridwar,Locality_227,Kankhal
Haridwar,Locality_228,Ranipur More
Haridwar,Locality_229,BHEL Township
Haridwar,Locality_230,Shivalik Nagar
Haridwar,Locality_231,Sidcul
Haridwar,Locality_232,Bahadrabad
Haridwar,Locality_233,Har Ki Pauri
Haridwar,Locality_234,Bhoopatwala
Haridwar,Locality_235,Khadkhadi
Haridwar,Locality_236,Bhupatwala
Haridwar,Locality_237,Mayapur
Haridwar,Locality_238,Devpura
Haridwar,Locality_239,Rishikul
Haridwar,Locality_240,Arya Nagar
Haridwar,Locality_241,Jagjeetpur
Haridwar,Locality_242,Kankhal Road
Haridwar,Locality_243,Roshanabad
Haridwar,Locality_244,Patanjali Yogpeeth
Haridwar,Locality_245,Haridwar Bypass
Haridwar,Locality_246,Dudhadhari Chowk
Haridwar,Locality_247,Chandi Ghat
Haridwar,Locality_248,Sapt Sarovar
Haridwar,Locality_249,Bilkeshwar
Haridwar,Locality_250,Sarai
Haridwar,Locality_251,Jwalapur
Haridwar,Locality_252,Kankhal
Haridwar,Locality_253,Ranipur More
Haridwar,Locality_254,BHEL Township
Haridwar,Locality_255,Shivalik Nagar
Haridwar,Locality_256,Sidcul
Haridwar,Locality_257,Bahadrabad
Haridwar,Locality_258,Har Ki Pauri
Haridwar,Locality_259,Bhoopatwala
Haridwar,Locality_260,Khadkhadi
Haridwar,Locality_261,Bhupatwala
Haridwar,Locality_262,Mayapur
Haridwar,Locality_263,Devpura
Haridwar,Locality_264,Rishikul
Haridwar,Locality_265,Arya Nagar
Haridwar,Locality_266,Jagjeetpur
Haridwar,Locality_267,Kankhal Road
Haridwar,Locality_268,Roshanabad
Haridwar,Locality_269,Patanjali Yogpeeth
Haridwar,Locality_270,Haridwar Bypass
Haridwar,Locality_271,Dudhadhari Chowk
Haridwar,Locality_272,Chandi Ghat
Haridwar,Locality_273,Sapt Sarovar
Haridwar,Locality_274,Bilkeshwar
Haridwar,Locality_275,Sarai
Haridwar,Locality_276,Jwalapur
Haridwar,Locality_277,Kankhal
Haridwar,Locality_278,Ranipur More
Haridwar,Locality_279,BHEL Township
Haridwar,Locality_280,Shivalik Nagar
Haridwar,Locality_281,Sidcul
Haridwar,Locality_282,Bahadrabad
Haridwar,Locality_283,Har Ki Pauri
Haridwar,Locality_284,Bhoopatwala
Haridwar,Locality_285,Khadkhadi
Haridwar,Locality_286,Bhupatwala
Haridwar,Locality_287,Mayapur
Haridwar,Locality_288,Devpura
Haridwar,Locality_289,Rishikul
Haridwar,Locality_290,Arya Nagar
Haridwar,Locality_291,Jagjeetpur
Haridwar,Locality_292,Kankhal Road
Haridwar,Locality_293,Roshanabad
Haridwar,Locality_294,Patanjali Yogpeeth
Haridwar,Locality_295,Haridwar Bypass
Haridwar,Locality_296,Dudhadhari Chowk
Haridwar,Locality_297,Chandi Ghat
Haridwar,Locality_298,Sapt Sarovar
Haridwar,Locality_299,Bilkeshwar
Haridwar,Locality_300,Sarai
Haridwar,Locality_301,Jwalapur
Haridwar,Locality_302,Kankhal
Haridwar,Locality_303,Ranipur More
Haridwar,Locality_304,BHEL Township
Haridwar,Locality_305,Shivalik Nagar
Haridwar,Locality_306,Sidcul
Haridwar,Locality_307,Bahadrabad
Haridwar,Locality_308,Har Ki Pauri
Haridwar,Locality_309,Bhoopatwala
Haridwar,Locality_310,Khadkhadi
Haridwar,Locality_311,Bhupatwala
Haridwar,Locality_312,Mayapur
Haridwar,Locality_313,Devpura
Haridwar,Locality_314,Rishikul
Haridwar,Locality_315,Arya Nagar
Haridwar,Locality_316,Jagjeetpur
Haridwar,Locality_317,Kankhal Road
Haridwar,Locality_318,Roshanabad
Haridwar,Locality_319,Patanjali Yogpeeth
Haridwar,Locality_320,Haridwar Bypass
Haridwar,Locality_321,Dudhadhari Chowk
Haridwar,Locality_322,Chandi Ghat
Haridwar,Locality_323,Sapt Sarovar
Haridwar,Locality_324,Bilkeshwar
Haridwar,Locality_325,Sarai
Haridwar,Locality_326,Jwalapur
Haridwar,Locality_327,Kankhal
Haridwar,Locality_328,Ranipur More
Haridwar,Locality_329,BHEL Township
Haridwar,Locality_330,Shivalik Nagar
Haridwar,Locality_331,Sidcul
Haridwar,Locality_332,Bahadrabad
Haridwar,Locality_333,Har Ki Pauri
Haridwar,Locality_334,Bhoopatwala
Haridwar,Locality_335,Khadkhadi
Haridwar,Locality_336,Bhupatwala
Haridwar,Locality_337,Mayapur
Haridwar,Locality_338,Devpura
Haridwar,Locality_339,Rishikul
Haridwar,Locality_340,Arya Nagar
Haridwar,Locality_341,Jagjeetpur
Haridwar,Locality_342,Kankhal Road
Haridwar,Locality_343,Roshanabad
Haridwar,Locality_344,Patanjali Yogpeeth
Haridwar,Locality_345,Haridwar Bypass
Haridwar,Locality_346,Dudhadhari Chowk
Haridwar,Locality_347,Chandi Ghat
Haridwar,Locality_348,Sapt Sarovar
Haridwar,Locality_349,Bilkeshwar
Haridwar,Locality_350,Sarai
Haridwar,Locality_351,Jwalapur
Haridwar,Locality_352,Kankhal
Haridwar,Locality_353,Ranipur More
Haridwar,Locality_354,BHEL Township
Haridwar,Locality_355,Shivalik Nagar
Haridwar,Locality_356,Sidcul
Haridwar,Locality_357,Bahadrabad
Haridwar,Locality_358,Har Ki Pauri
Haridwar,Locality_359,Bhoopatwala
Haridwar,Locality_360,Khadkhadi
Haridwar,Locality_361,Bhupatwala
Haridwar,Locality_362,Mayapur
Haridwar,Locality_363,Devpura
Haridwar,Locality_364,Rishikul
Haridwar,Locality_365,Arya Nagar
Haridwar,Locality_366,Jagjeetpur
Haridwar,Locality_367,Kankhal Road
Haridwar,Locality_368,Roshanabad
Haridwar,Locality_369,Patanjali Yogpeeth
Haridwar,Locality_370,Haridwar Bypass
Haridwar,Locality_371,Dudhadhari Chowk
Haridwar,Locality_372,Chandi Ghat
Haridwar,Locality_373,Sapt Sarovar
Haridwar,Locality_374,Bilkeshwar
Haridwar,Locality_375,Sarai
Haridwar,Locality_376,Jwalapur
Haridwar,Locality_377,Kankhal
Haridwar,Locality_378,Ranipur More
Haridwar,Locality_379,BHEL Township
Haridwar,Locality_380,Shivalik Nagar
Haridwar,Locality_381,Sidcul
Haridwar,Locality_382,Bahadrabad
Haridwar,Locality_383,Har Ki Pauri
Haridwar,Locality_384,Bhoopatwala
Haridwar,Locality_385,Khadkhadi
Haridwar,Locality_386,Bhupatwala
Haridwar,Locality_387,Mayapur
Haridwar,Locality_388,Devpura
Haridwar,Locality_389,Rishikul
Haridwar,Locality_390,Arya Nagar
Haridwar,Locality_391,Jagjeetpur
Haridwar,Locality_392,Kankhal Road
Haridwar,Locality_393,Roshanabad
Haridwar,Locality_394,Patanjali Yogpeeth
Haridwar,Locality_395,Haridwar Bypass
Haridwar,Locality_396,Dudhadhari Chowk
Haridwar,Locality_397,Chandi Ghat
Haridwar,Locality_398,Sapt Sarovar
Haridwar,Locality_399,Bilkeshwar
Haridwar,Locality_400,Sarai
Haridwar,Locality_401,Jwalapur
Haridwar,Locality_402,Kankhal
Haridwar,Locality_403,Ranipur More
Haridwar,Locality_404,BHEL Township
Haridwar,Locality_405,Shivalik Nagar
Haridwar,Locality_406,Sidcul
Haridwar,Locality_407,Bahadrabad
Haridwar,Locality_408,Har Ki Pauri
Haridwar,Locality_409,Bhoopatwala
Haridwar,Locality_410,Khadkhadi
Haridwar,Locality_411,Bhupatwala
Haridwar,Locality_412,Mayapur
Haridwar,Locality_413,Devpura
Haridwar,Locality_414,Rishikul
Haridwar,Locality_415,Arya Nagar
Haridwar,Locality_416,Jagjeetpur
Haridwar,Locality_417,Kankhal Road
Haridwar,Locality_418,Roshanabad
Haridwar,Locality_419,Patanjali Yogpeeth
Haridwar,Locality_420,Haridwar Bypass
Haridwar,Locality_421,Dudhadhari Chowk
Haridwar,Locality_422,Chandi Ghat
Haridwar,Locality_423,Sapt Sarovar
Haridwar,Locality_424,Bilkeshwar
Haridwar,Locality_425,Sarai
Haridwar,Locality_426,Jwalapur
Haridwar,Locality_427,Kankhal
Haridwar,Locality_428,Ranipur More
Haridwar,Locality_429,BHEL Township
Haridwar,Locality_430,Shivalik Nagar
Haridwar,Locality_431,Sidcul
Haridwar,Locality_432,Bahadrabad
Haridwar,Locality_433,Har Ki Pauri
Haridwar,Locality_434,Bhoopatwala
Haridwar,Locality_435,Khadkhadi
Haridwar,Locality_436,Bhupatwala
Haridwar,Locality_437,Mayapur
Haridwar,Locality_438,Devpura
Haridwar,Locality_439,Rishikul
Haridwar,Locality_440,Arya Nagar
Haridwar,Locality_441,Jagjeetpur
Haridwar,Locality_442,Kankhal Road
Haridwar,Locality_443,Roshanabad
Haridwar,Locality_444,Patanjali Yogpeeth
Haridwar,Locality_445,Haridwar Bypass
Haridwar,Locality_446,Dudhadhari Chowk
Haridwar,Locality_447,Chandi Ghat
Haridwar,Locality_448,Sapt Sarovar
Haridwar,Locality_449,Bilkeshwar
Haridwar,Locality_450,Sarai
Haridwar,Locality_451,Jwalapur
Haridwar,Locality_452,Kankhal
Haridwar,Locality_453,Ranipur More
Haridwar,Locality_454,BHEL Township
Haridwar,Locality_455,Shivalik Nagar
Haridwar,Locality_456,Sidcul
Haridwar,Locality_457,Bahadrabad
Haridwar,Locality_458,Har Ki Pauri
Haridwar,Locality_459,Bhoopatwala
Haridwar,Locality_460,Khadkhadi
Haridwar,Locality_461,Bhupatwala
Haridwar,Locality_462,Mayapur
Haridwar,Locality_463,Devpura
Haridwar,Locality_464,Rishikul
Haridwar,Locality_465,Arya Nagar
Haridwar,Locality_466,Jagjeetpur
Haridwar,Locality_467,Kankhal Road
Haridwar,Locality_468,Roshanabad
Haridwar,Locality_469,Patanjali Yogpeeth
Haridwar,Locality_470,Haridwar Bypass
Haridwar,Locality_471,Dudhadhari Chowk
Haridwar,Locality_472,Chandi Ghat
Haridwar,Locality_473,Sapt Sarovar
Haridwar,Locality_474,Bilkeshwar
Haridwar,Locality_475,Sarai
Haridwar,Locality_476,Jwalapur
Haridwar,Locality_477,Kankhal
Haridwar,Locality_478,Ranipur More
Haridwar,Locality_479,BHEL Township
Haridwar,Locality_480,Shivalik Nagar
Haridwar,Locality_481,Sidcul
Haridwar,Locality_482,Bahadrabad
Haridwar,Locality_483,Har Ki Pauri
Haridwar,Locality_484,Bhoopatwala
Haridwar,Locality_485,Khadkhadi
Haridwar,Locality_486,Bhupatwala
Haridwar,Locality_487,Mayapur
Haridwar,Locality_488,Devpura
Haridwar,Locality_489,Rishikul
Haridwar,Locality_490,Arya Nagar
Haridwar,Locality_491,Jagjeetpur
Haridwar,Locality_492,Kankhal Road
Haridwar,Locality_493,Roshanabad
Haridwar,Locality_494,Patanjali Yogpeeth
Haridwar,Locality_495,Haridwar Bypass
Haridwar,Locality_496,Dudhadhari Chowk
Haridwar,Locality_497,Chandi Ghat
Haridwar,Locality_498,Sapt Sarovar
Haridwar,Locality_499,Bilkeshwar
Haridwar,Locality_500,Sarai
Hyderabad,Locality_1,Banjara Hills
Hyderabad,Locality_2,Jubilee Hills
Hyderabad,Locality_3,Hitech City
Hyderabad,Locality_4,Madhapur
Hyderabad,Locality_5,Gachibowli
Hyderabad,Locality_6,Kondapur
Hyderabad,Locality_7,Kukatpally
Hyderabad,Locality_8,Miyapur
Hyderabad,Locality_9,Manikonda
Hyderabad,Locality_10,Begumpet
Hyderabad,Locality_11,Ameerpet
Hyderabad,Locality_12,Somajiguda
Hyderabad,Locality_13,Secunderabad
Hyderabad,Locality_14,Himayatnagar
Hyderabad,Locality_15,Kothapet
Hyderabad,Locality_16,Dilsukhnagar
Hyderabad,Locality_17,LB Nagar
Hyderabad,Locality_18,Nallagandla
Hyderabad,Locality_19,Kompally
Hyderabad,Locality_20,Alwal
Hyderabad,Locality_21,Tarnaka
Hyderabad,Locality_22,Uppal
Hyderabad,Locality_23,Mehdipatnam
Hyderabad,Locality_24,Tolichowki
Hyderabad,Locality_25,Nanakramguda
Hyderabad,Locality_26,Banjara Hills
Hyderabad,Locality_27,Jubilee Hills
Hyderabad,Locality_28,Hitech City
Hyderabad,Locality_29,Madhapur
Hyderabad,Locality_30,Gachibowli
Hyderabad,Locality_31,Kondapur
Hyderabad,Locality_32,Kukatpally
Hyderabad,Locality_33,Miyapur
Hyderabad,Locality_34,Manikonda
Hyderabad,Locality_35,Begumpet
Hyderabad,Locality_36,Ameerpet
Hyderabad,Locality_37,Somajiguda
Hyderabad,Locality_38,Secunderabad
Hyderabad,Locality_39,Himayatnagar
Hyderabad,Locality_40,Kothapet
Hyderabad,Locality_41,Dilsukhnagar
Hyderabad,Locality_42,LB Nagar
Hyderabad,Locality_43,Nallagandla
Hyderabad,Locality_44,Kompally
Hyderabad,Locality_45,Alwal
Hyderabad,Locality_46,Tarnaka
Hyderabad,Locality_47,Uppal
Hyderabad,Locality_48,Mehdipatnam
Hyderabad,Locality_49,Tolichowki
Hyderabad,Locality_50,Nanakramguda
Hyderabad,Locality_51,Banjara Hills
Hyderabad,Locality_52,Jubilee Hills
Hyderabad,Locality_53,Hitech City
Hyderabad,Locality_54,Madhapur
Hyderabad,Locality_55,Gachibowli
Hyderabad,Locality_56,Kondapur
Hyderabad,Locality_57,Kukatpally
Hyderabad,Locality_58,Miyapur
Hyderabad,Locality_59,Manikonda
Hyderabad,Locality_60,Begumpet
Hyderabad,Locality_61,Ameerpet
Hyderabad,Locality_62,Somajiguda
Hyderabad,Locality_63,Secunderabad
Hyderabad,Locality_64,Himayatnagar
Hyderabad,Locality_65,Kothapet
Hyderabad,Locality_66,Dilsukhnagar
Hyderabad,Locality_67,LB Nagar
Hyderabad,Locality_68,Nallagandla
Hyderabad,Locality_69,Kompally
Hyderabad,Locality_70,Alwal
Hyderabad,Locality_71,Tarnaka
Hyderabad,Locality_72,Uppal
Hyderabad,Locality_73,Mehdipatnam
Hyderabad,Locality_74,Tolichowki
Hyderabad,Locality_75,Nanakramguda
Hyderabad,Locality_76,Banjara Hills
Hyderabad,Locality_77,Jubilee Hills
Hyderabad,Locality_78,Hitech City
Hyderabad,Locality_79,Madhapur
Hyderabad,Locality_80,Gachibowli
Hyderabad,Locality_81,Kondapur
Hyderabad,Locality_82,Kukatpally
Hyderabad,Locality_83,Miyapur
Hyderabad,Locality_84,Manikonda
Hyderabad,Locality_85,Begumpet
Hyderabad,Locality_86,Ameerpet
Hyderabad,Locality_87,Somajiguda
Hyderabad,Locality_88,Secunderabad
Hyderabad,Locality_89,Himayatnagar
Hyderabad,Locality_90,Kothapet
Hyderabad,Locality_91,Dilsukhnagar
Hyderabad,Locality_92,LB Nagar
Hyderabad,Locality_93,Nallagandla
Hyderabad,Locality_94,Kompally
Hyderabad,Locality_95,Alwal
Hyderabad,Locality_96,Tarnaka
Hyderabad,Locality_97,Uppal
Hyderabad,Locality_98,Mehdipatnam
Hyderabad,Locality_99,Tolichowki
Hyderabad,Locality_100,Nanakramguda
Hyderabad,Locality_101,Banjara Hills
Hyderabad,Locality_102,Jubilee Hills
Hyderabad,Locality_103,Hitech City
Hyderabad,Locality_104,Madhapur
Hyderabad,Locality_105,Gachibowli
Hyderabad,Locality_106,Kondapur
Hyderabad,Locality_107,Kukatpally
Hyderabad,Locality_108,Miyapur
Hyderabad,Locality_109,Manikonda
Hyderabad,Locality_110,Begumpet
Hyderabad,Locality_111,Ameerpet
Hyderabad,Locality_112,Somajiguda
Hyderabad,Locality_113,Secunderabad
Hyderabad,Locality_114,Himayatnagar
Hyderabad,Locality_115,Kothapet
Hyderabad,Locality_116,Dilsukhnagar
Hyderabad,Locality_117,LB Nagar
Hyderabad,Locality_118,Nallagandla
Hyderabad,Locality_119,Kompally
Hyderabad,Locality_120,Alwal
Hyderabad,Locality_121,Tarnaka
Hyderabad,Locality_122,Uppal
Hyderabad,Locality_123,Mehdipatnam
Hyderabad,Locality_124,Tolichowki
Hyderabad,Locality_125,Nanakramguda
Hyderabad,Locality_126,Banjara Hills
Hyderabad,Locality_127,Jubilee Hills
Hyderabad,Locality_128,Hitech City
Hyderabad,Locality_129,Madhapur
Hyderabad,Locality_130,Gachibowli
Hyderabad,Locality_131,Kondapur
Hyderabad,Locality_132,Kukatpally
Hyderabad,Locality_133,Miyapur
Hyderabad,Locality_134,Manikonda
Hyderabad,Locality_135,Begumpet
Hyderabad,Locality_136,Ameerpet
Hyderabad,Locality_137,Somajiguda
Hyderabad,Locality_138,Secunderabad
Hyderabad,Locality_139,Himayatnagar
Hyderabad,Locality_140,Kothapet
Hyderabad,Locality_141,Dilsukhnagar
Hyderabad,Locality_142,LB Nagar
Hyderabad,Locality_143,Nallagandla
Hyderabad,Locality_144,Kompally
Hyderabad,Locality_145,Alwal
Hyderabad,Locality_146,Tarnaka
Hyderabad,Locality_147,Uppal
Hyderabad,Locality_148,Mehdipatnam
Hyderabad,Locality_149,Tolichowki
Hyderabad,Locality_150,Nanakramguda
Hyderabad,Locality_151,Banjara Hills
Hyderabad,Locality_152,Jubilee Hills
Hyderabad,Locality_153,Hitech City
Hyderabad,Locality_154,Madhapur
Hyderabad,Locality_155,Gachibowli
Hyderabad,Locality_156,Kondapur
Hyderabad,Locality_157,Kukatpally
Hyderabad,Locality_158,Miyapur
Hyderabad,Locality_159,Manikonda
Hyderabad,Locality_160,Begumpet
Hyderabad,Locality_161,Ameerpet
Hyderabad,Locality_162,Somajiguda
Hyderabad,Locality_163,Secunderabad
Hyderabad,Locality_164,Himayatnagar
Hyderabad,Locality_165,Kothapet
Hyderabad,Locality_166,Dilsukhnagar
Hyderabad,Locality_167,LB Nagar
Hyderabad,Locality_168,Nallagandla
Hyderabad,Locality_169,Kompally
Hyderabad,Locality_170,Alwal
Hyderabad,Locality_171,Tarnaka
Hyderabad,Locality_172,Uppal
Hyderabad,Locality_173,Mehdipatnam
Hyderabad,Locality_174,Tolichowki
Hyderabad,Locality_175,Nanakramguda
Hyderabad,Locality_176,Banjara Hills
Hyderabad,Locality_177,Jubilee Hills
Hyderabad,Locality_178,Hitech City
Hyderabad,Locality_179,Madhapur
Hyderabad,Locality_180,Gachibowli
Hyderabad,Locality_181,Kondapur
Hyderabad,Locality_182,Kukatpally
Hyderabad,Locality_183,Miyapur
Hyderabad,Locality_184,Manikonda
Hyderabad,Locality_185,Begumpet
Hyderabad,Locality_186,Ameerpet
Hyderabad,Locality_187,Somajiguda
Hyderabad,Locality_188,Secunderabad
Hyderabad,Locality_189,Himayatnagar
Hyderabad,Locality_190,Kothapet
Hyderabad,Locality_191,Dilsukhnagar
Hyderabad,Locality_192,LB Nagar
Hyderabad,Locality_193,Nallagandla
Hyderabad,Locality_194,Kompally
Hyderabad,Locality_195,Alwal
Hyderabad,Locality_196,Tarnaka
Hyderabad,Locality_197,Uppal
Hyderabad,Locality_198,Mehdipatnam
Hyderabad,Locality_199,Tolichowki
Hyderabad,Locality_200,Nanakramguda
Hyderabad,Locality_201,Banjara Hills
Hyderabad,Locality_202,Jubilee Hills
Hyderabad,Locality_203,Hitech City
Hyderabad,Locality_204,Madhapur
Hyderabad,Locality_205,Gachibowli
Hyderabad,Locality_206,Kondapur
Hyderabad,Locality_207,Kukatpally
Hyderabad,Locality_208,Miyapur
Hyderabad,Locality_209,Manikonda
Hyderabad,Locality_210,Begumpet
Hyderabad,Locality_211,Ameerpet
Hyderabad,Locality_212,Somajiguda
Hyderabad,Locality_213,Secunderabad
Hyderabad,Locality_214,Himayatnagar
Hyderabad,Locality_215,Kothapet
Hyderabad,Locality_216,Dilsukhnagar
Hyderabad,Locality_217,LB Nagar
Hyderabad,Locality_218,Nallagandla
Hyderabad,Locality_219,Kompally
Hyderabad,Locality_220,Alwal
Hyderabad,Locality_221,Tarnaka
Hyderabad,Locality_222,Uppal
Hyderabad,Locality_223,Mehdipatnam
Hyderabad,Locality_224,Tolichowki
Hyderabad,Locality_225,Nanakramguda
Hyderabad,Locality_226,Banjara Hills
Hyderabad,Locality_227,Jubilee Hills
Hyderabad,Locality_228,Hitech City
Hyderabad,Locality_229,Madhapur
Hyderabad,Locality_230,Gachibowli
Hyderabad,Locality_231,Kondapur
Hyderabad,Locality_232,Kukatpally
Hyderabad,Locality_233,Miyapur
Hyderabad,Locality_234,Manikonda
Hyderabad,Locality_235,Begumpet
Hyderabad,Locality_236,Ameerpet
Hyderabad,Locality_237,Somajiguda
Hyderabad,Locality_238,Secunderabad
Hyderabad,Locality_239,Himayatnagar
Hyderabad,Locality_240,Kothapet
Hyderabad,Locality_241,Dilsukhnagar
Hyderabad,Locality_242,LB Nagar
Hyderabad,Locality_243,Nallagandla
Hyderabad,Locality_244,Kompally
Hyderabad,Locality_245,Alwal
Hyderabad,Locality_246,Tarnaka
Hyderabad,Locality_247,Uppal
Hyderabad,Locality_248,Mehdipatnam
Hyderabad,Locality_249,Tolichowki
Hyderabad,Locality_250,Nanakramguda
Hyderabad,Locality_251,Banjara Hills
Hyderabad,Locality_252,Jubilee Hills
Hyderabad,Locality_253,Hitech City
Hyderabad,Locality_254,Madhapur
Hyderabad,Locality_255,Gachibowli
Hyderabad,Locality_256,Kondapur
Hyderabad,Locality_257,Kukatpally
Hyderabad,Locality_258,Miyapur
Hyderabad,Locality_259,Manikonda
Hyderabad,Locality_260,Begumpet
Hyderabad,Locality_261,Ameerpet
Hyderabad,Locality_262,Somajiguda
Hyderabad,Locality_263,Secunderabad
Hyderabad,Locality_264,Himayatnagar
Hyderabad,Locality_265,Kothapet
Hyderabad,Locality_266,Dilsukhnagar
Hyderabad,Locality_267,LB Nagar
Hyderabad,Locality_268,Nallagandla
Hyderabad,Locality_269,Kompally
Hyderabad,Locality_270,Alwal
Hyderabad,Locality_271,Tarnaka
Hyderabad,Locality_272,Uppal
Hyderabad,Locality_273,Mehdipatnam
Hyderabad,Locality_274,Tolichowki
Hyderabad,Locality_275,Nanakramguda
Hyderabad,Locality_276,Banjara Hills
Hyderabad,Locality_277,Jubilee Hills
Hyderabad,Locality_278,Hitech City
Hyderabad,Locality_279,Madhapur
Hyderabad,Locality_280,Gachibowli
Hyderabad,Locality_281,Kondapur
Hyderabad,Locality_282,Kukatpally
Hyderabad,Locality_283,Miyapur
Hyderabad,Locality_284,Manikonda
Hyderabad,Locality_285,Begumpet
Hyderabad,Locality_286,Ameerpet
Hyderabad,Locality_287,Somajiguda
Hyderabad,Locality_288,Secunderabad
Hyderabad,Locality_289,Himayatnagar
Hyderabad,Locality_290,Kothapet
Hyderabad,Locality_291,Dilsukhnagar
Hyderabad,Locality_292,LB Nagar
Hyderabad,Locality_293,Nallagandla
Hyderabad,Locality_294,Kompally
Hyderabad,Locality_295,Alwal
Hyderabad,Locality_296,Tarnaka
Hyderabad,Locality_297,Uppal
Hyderabad,Locality_298,Mehdipatnam
Hyderabad,Locality_299,Tolichowki
Hyderabad,Locality_300,Nanakramguda
Hyderabad,Locality_301,Banjara Hills
Hyderabad,Locality_302,Jubilee Hills
Hyderabad,Locality_303,Hitech City
Hyderabad,Locality_304,Madhapur
Hyderabad,Locality_305,Gachibowli
Hyderabad,Locality_306,Kondapur
Hyderabad,Locality_307,Kukatpally
Hyderabad,Locality_308,Miyapur
Hyderabad,Locality_309,Manikonda
Hyderabad,Locality_310,Begumpet
Hyderabad,Locality_311,Ameerpet
Hyderabad,Locality_312,Somajiguda
Hyderabad,Locality_313,Secunderabad
Hyderabad,Locality_314,Himayatnagar
Hyderabad,Locality_315,Kothapet
Hyderabad,Locality_316,Dilsukhnagar
Hyderabad,Locality_317,LB Nagar
Hyderabad,Locality_318,Nallagandla
Hyderabad,Locality_319,Kompally
Hyderabad,Locality_320,Alwal
Hyderabad,Locality_321,Tarnaka
Hyderabad,Locality_322,Uppal
Hyderabad,Locality_323,Mehdipatnam
Hyderabad,Locality_324,Tolichowki
Hyderabad,Locality_325,Nanakramguda
Hyderabad,Locality_326,Banjara Hills
Hyderabad,Locality_327,Jubilee Hills
Hyderabad,Locality_328,Hitech City
Hyderabad,Locality_329,Madhapur
Hyderabad,Locality_330,Gachibowli
Hyderabad,Locality_331,Kondapur
Hyderabad,Locality_332,Kukatpally
Hyderabad,Locality_333,Miyapur
Hyderabad,Locality_334,Manikonda
Hyderabad,Locality_335,Begumpet
Hyderabad,Locality_336,Ameerpet
Hyderabad,Locality_337,Somajiguda
Hyderabad,Locality_338,Secunderabad
Hyderabad,Locality_339,Himayatnagar
Hyderabad,Locality_340,Kothapet
Hyderabad,Locality_341,Dilsukhnagar
Hyderabad,Locality_342,LB Nagar
Hyderabad,Locality_343,Nallagandla
Hyderabad,Locality_344,Kompally
Hyderabad,Locality_345,Alwal
Hyderabad,Locality_346,Tarnaka
Hyderabad,Locality_347,Uppal
Hyderabad,Locality_348,Mehdipatnam
Hyderabad,Locality_349,Tolichowki
Hyderabad,Locality_350,Nanakramguda
Hyderabad,Locality_351,Banjara Hills
Hyderabad,Locality_352,Jubilee Hills
Hyderabad,Locality_353,Hitech City
Hyderabad,Locality_354,Madhapur
Hyderabad,Locality_355,Gachibowli
Hyderabad,Locality_356,Kondapur
Hyderabad,Locality_357,Kukatpally
Hyderabad,Locality_358,Miyapur
Hyderabad,Locality_359,Manikonda
Hyderabad,Locality_360,Begumpet
Hyderabad,Locality_361,Ameerpet
Hyderabad,Locality_362,Somajiguda
Hyderabad,Locality_363,Secunderabad
Hyderabad,Locality_364,Himayatnagar
Hyderabad,Locality_365,Kothapet
Hyderabad,Locality_366,Dilsukhnagar
Hyderabad,Locality_367,LB Nagar
Hyderabad,Locality_368,Nallagandla
Hyderabad,Locality_369,Kompally
Hyderabad,Locality_370,Alwal
Hyderabad,Locality_371,Tarnaka
Hyderabad,Locality_372,Uppal
Hyderabad,Locality_373,Mehdipatnam
Hyderabad,Locality_374,Tolichowki
Hyderabad,Locality_375,Nanakramguda
Hyderabad,Locality_376,Banjara Hills
Hyderabad,Locality_377,Jubilee Hills
Hyderabad,Locality_378,Hitech City
Hyderabad,Locality_379,Madhapur
Hyderabad,Locality_380,Gachibowli
Hyderabad,Locality_381,Kondapur
Hyderabad,Locality_382,Kukatpally
Hyderabad,Locality_383,Miyapur
Hyderabad,Locality_384,Manikonda
Hyderabad,Locality_385,Begumpet
Hyderabad,Locality_386,Ameerpet
Hyderabad,Locality_387,Somajiguda
Hyderabad,Locality_388,Secunderabad
Hyderabad,Locality_389,Himayatnagar
Hyderabad,Locality_390,Kothapet
Hyderabad,Locality_391,Dilsukhnagar
Hyderabad,Locality_392,LB Nagar
Hyderabad,Locality_393,Nallagandla
Hyderabad,Locality_394,Kompally
Hyderabad,Locality_395,Alwal
Hyderabad,Locality_396,Tarnaka
Hyderabad,Locality_397,Uppal
Hyderabad,Locality_398,Mehdipatnam
Hyderabad,Locality_399,Tolichowki
Hyderabad,Locality_400,Nanakramguda
Hyderabad,Locality_401,Banjara Hills
Hyderabad,Locality_402,Jubilee Hills
Hyderabad,Locality_403,Hitech City
Hyderabad,Locality_404,Madhapur
Hyderabad,Locality_405,Gachibowli
Hyderabad,Locality_406,Kondapur
Hyderabad,Locality_407,Kukatpally
Hyderabad,Locality_408,Miyapur
Hyderabad,Locality_409,Manikonda
Hyderabad,Locality_410,Begumpet
Hyderabad,Locality_411,Ameerpet
Hyderabad,Locality_412,Somajiguda
Hyderabad,Locality_413,Secunderabad
Hyderabad,Locality_414,Himayatnagar
Hyderabad,Locality_415,Kothapet
Hyderabad,Locality_416,Dilsukhnagar
Hyderabad,Locality_417,LB Nagar
Hyderabad,Locality_418,Nallagandla
Hyderabad,Locality_419,Kompally
Hyderabad,Locality_420,Alwal
Hyderabad,Locality_421,Tarnaka
Hyderabad,Locality_422,Uppal
Hyderabad,Locality_423,Mehdipatnam
Hyderabad,Locality_424,Tolichowki
Hyderabad,Locality_425,Nanakramguda
Hyderabad,Locality_426,Banjara Hills
Hyderabad,Locality_427,Jubilee Hills
Hyderabad,Locality_428,Hitech City
Hyderabad,Locality_429,Madhapur
Hyderabad,Locality_430,Gachibowli
Hyderabad,Locality_431,Kondapur
Hyderabad,Locality_432,Kukatpally
Hyderabad,Locality_433,Miyapur
Hyderabad,Locality_434,Manikonda
Hyderabad,Locality_435,Begumpet
Hyderabad,Locality_436,Ameerpet
Hyderabad,Locality_437,Somajiguda
Hyderabad,Locality_438,Secunderabad
Hyderabad,Locality_439,Himayatnagar
Hyderabad,Locality_440,Kothapet
Hyderabad,Locality_441,Dilsukhnagar
Hyderabad,Locality_442,LB Nagar
Hyderabad,Locality_443,Nallagandla
Hyderabad,Locality_444,Kompally
Hyderabad,Locality_445,Alwal
Hyderabad,Locality_446,Tarnaka
Hyderabad,Locality_447,Uppal
Hyderabad,Locality_448,Mehdipatnam
Hyderabad,Locality_449,Tolichowki
Hyderabad,Locality_450,Nanakramguda
Hyderabad,Locality_451,Banjara Hills
Hyderabad,Locality_452,Jubilee Hills
Hyderabad,Locality_453,Hitech City
Hyderabad,Locality_454,Madhapur
Hyderabad,Locality_455,Gachibowli
Hyderabad,Locality_456,Kondapur
Hyderabad,Locality_457,Kukatpally
Hyderabad,Locality_458,Miyapur
Hyderabad,Locality_459,Manikonda
Hyderabad,Locality_460,Begumpet
Hyderabad,Locality_461,Ameerpet
Hyderabad,Locality_462,Somajiguda
Hyderabad,Locality_463,Secunderabad
Hyderabad,Locality_464,Himayatnagar
Hyderabad,Locality_465,Kothapet
Hyderabad,Locality_466,Dilsukhnagar
Hyderabad,Locality_467,LB Nagar
Hyderabad,Locality_468,Nallagandla
Hyderabad,Locality_469,Kompally
Hyderabad,Locality_470,Alwal
Hyderabad,Locality_471,Tarnaka
Hyderabad,Locality_472,Uppal
Hyderabad,Locality_473,Mehdipatnam
Hyderabad,Locality_474,Tolichowki
Hyderabad,Locality_475,Nanakramguda
Hyderabad,Locality_476,Banjara Hills
Hyderabad,Locality_477,Jubilee Hills
Hyderabad,Locality_478,Hitech City
Hyderabad,Locality_479,Madhapur
Hyderabad,Locality_480,Gachibowli
Hyderabad,Locality_481,Kondapur
Hyderabad,Locality_482,Kukatpally
Hyderabad,Locality_483,Miyapur
Hyderabad,Locality_484,Manikonda
Hyderabad,Locality_485,Begumpet
Hyderabad,Locality_486,Ameerpet
Hyderabad,Locality_487,Somajiguda
Hyderabad,Locality_488,Secunderabad
Hyderabad,Locality_489,Himayatnagar
Hyderabad,Locality_490,Kothapet
Hyderabad,Locality_491,Dilsukhnagar
Hyderabad,Locality_492,LB Nagar
Hyderabad,Locality_493,Nallagandla
Hyderabad,Locality_494,Kompally
Hyderabad,Locality_495,Alwal
Hyderabad,Locality_496,Tarnaka
Hyderabad,Locality_497,Uppal
Hyderabad,Locality_498,Mehdipatnam
Hyderabad,Locality_499,Tolichowki
Hyderabad,Locality_500,Nanakramguda
Indore,Locality_1,Vijay Nagar
Indore,Locality_2,Palasia
Indore,Locality_3,Bhawarkua
Indore,Locality_4,Rau
Indore,Locality_5,Scheme No. 54
Indore,Locality_6,Scheme No. 78
Indore,Locality_7,AB Road
Indore,Locality_8,Rau Road
Indore,Locality_9,Bengali Square
Indore,Locality_10,Sudama Nagar
Indore,Locality_11,Saket Nagar
Indore,Locality_12,Annapurna Road
Indore,Locality_13,Kanadia Road
Indore,Locality_14,Khajrana
Indore,Locality_15,Mahalakshmi Nagar
Indore,Locality_16,Nipania
Indore,Locality_17,Bicholi Mardana
Indore,Locality_18,MR 10
Indore,Locality_19,Super Corridor
Indore,Locality_20,Old Palasia
Indore,Locality_21,Geeta Bhawan
Indore,Locality_22,MG Road
Indore,Locality_23,Rau Circle
Indore,Locality_24,LIG Colony
Indore,Locality_25,Vallabh Nagar
Indore,Locality_26,Vijay Nagar
Indore,Locality_27,Palasia
Indore,Locality_28,Bhawarkua
Indore,Locality_29,Rau
Indore,Locality_30,Scheme No. 54
Indore,Locality_31,Scheme No. 78
Indore,Locality_32,AB Road
Indore,Locality_33,Rau Road
Indore,Locality_34,Bengali Square
Indore,Locality_35,Sudama Nagar
Indore,Locality_36,Saket Nagar
Indore,Locality_37,Annapurna Road
Indore,Locality_38,Kanadia Road
Indore,Locality_39,Khajrana
Indore,Locality_40,Mahalakshmi Nagar
Indore,Locality_41,Nipania
Indore,Locality_42,Bicholi Mardana
Indore,Locality_43,MR 10
Indore,Locality_44,Super Corridor
Indore,Locality_45,Old Palasia
Indore,Locality_46,Geeta Bhawan
Indore,Locality_47,MG Road
Indore,Locality_48,Rau Circle
Indore,Locality_49,LIG Colony
Indore,Locality_50,Vallabh Nagar
Indore,Locality_51,Vijay Nagar
Indore,Locality_52,Palasia
Indore,Locality_53,Bhawarkua
Indore,Locality_54,Rau
Indore,Locality_55,Scheme No. 54
Indore,Locality_56,Scheme No. 78
Indore,Locality_57,AB Road
Indore,Locality_58,Rau Road
Indore,Locality_59,Bengali Square
Indore,Locality_60,Sudama Nagar
Indore,Locality_61,Saket Nagar
Indore,Locality_62,Annapurna Road
Indore,Locality_63,Kanadia Road
Indore,Locality_64,Khajrana
Indore,Locality_65,Mahalakshmi Nagar
Indore,Locality_66,Nipania
Indore,Locality_67,Bicholi Mardana
Indore,Locality_68,MR 10
Indore,Locality_69,Super Corridor
Indore,Locality_70,Old Palasia
Indore,Locality_71,Geeta Bhawan
Indore,Locality_72,MG Road
Indore,Locality_73,Rau Circle
Indore,Locality_74,LIG Colony
Indore,Locality_75,Vallabh Nagar
Indore,Locality_76,Vijay Nagar
Indore,Locality_77,Palasia
Indore,Locality_78,Bhawarkua
Indore,Locality_79,Rau
Indore,Locality_80,Scheme No. 54
Indore,Locality_81,Scheme No. 78
Indore,Locality_82,AB Road
Indore,Locality_83,Rau Road
Indore,Locality_84,Bengali Square
Indore,Locality_85,Sudama Nagar
Indore,Locality_86,Saket Nagar
Indore,Locality_87,Annapurna Road
Indore,Locality_88,Kanadia Road
Indore,Locality_89,Khajrana
Indore,Locality_90,Mahalakshmi Nagar
Indore,Locality_91,Nipania
Indore,Locality_92,Bicholi Mardana
Indore,Locality_93,MR 10
Indore,Locality_94,Super Corridor
Indore,Locality_95,Old Palasia
Indore,Locality_96,Geeta Bhawan
Indore,Locality_97,MG Road
Indore,Locality_98,Rau Circle
Indore,Locality_99,LIG Colony
Indore,Locality_100,Vallabh Nagar
Indore,Locality_101,Vijay Nagar
Indore,Locality_102,Palasia
Indore,Locality_103,Bhawarkua
Indore,Locality_104,Rau
Indore,Locality_105,Scheme No. 54
Indore,Locality_106,Scheme No. 78
Indore,Locality_107,AB Road
Indore,Locality_108,Rau Road
Indore,Locality_109,Bengali Square
Indore,Locality_110,Sudama Nagar
Indore,Locality_111,Saket Nagar
Indore,Locality_112,Annapurna Road
Indore,Locality_113,Kanadia Road
Indore,Locality_114,Khajrana
Indore,Locality_115,Mahalakshmi Nagar
Indore,Locality_116,Nipania
Indore,Locality_117,Bicholi Mardana
Indore,Locality_118,MR 10
Indore,Locality_119,Super Corridor
Indore,Locality_120,Old Palasia
Indore,Locality_121,Geeta Bhawan
Indore,Locality_122,MG Road
Indore,Locality_123,Rau Circle
Indore,Locality_124,LIG Colony
Indore,Locality_125,Vallabh Nagar
Indore,Locality_126,Vijay Nagar
Indore,Locality_127,Palasia
Indore,Locality_128,Bhawarkua
Indore,Locality_129,Rau
Indore,Locality_130,Scheme No. 54
Indore,Locality_131,Scheme No. 78
Indore,Locality_132,AB Road
Indore,Locality_133,Rau Road
Indore,Locality_134,Bengali Square
Indore,Locality_135,Sudama Nagar
Indore,Locality_136,Saket Nagar
Indore,Locality_137,Annapurna Road
Indore,Locality_138,Kanadia Road
Indore,Locality_139,Khajrana
Indore,Locality_140,Mahalakshmi Nagar
Indore,Locality_141,Nipania
Indore,Locality_142,Bicholi Mardana
Indore,Locality_143,MR 10
Indore,Locality_144,Super Corridor
Indore,Locality_145,Old Palasia
Indore,Locality_146,Geeta Bhawan
Indore,Locality_147,MG Road
Indore,Locality_148,Rau Circle
Indore,Locality_149,LIG Colony
Indore,Locality_150,Vallabh Nagar
Indore,Locality_151,Vijay Nagar
Indore,Locality_152,Palasia
Indore,Locality_153,Bhawarkua
Indore,Locality_154,Rau
Indore,Locality_155,Scheme No. 54
Indore,Locality_156,Scheme No. 78
Indore,Locality_157,AB Road
Indore,Locality_158,Rau Road
Indore,Locality_159,Bengali Square
Indore,Locality_160,Sudama Nagar
Indore,Locality_161,Saket Nagar
Indore,Locality_162,Annapurna Road
Indore,Locality_163,Kanadia Road
Indore,Locality_164,Khajrana
Indore,Locality_165,Mahalakshmi Nagar
Indore,Locality_166,Nipania
Indore,Locality_167,Bicholi Mardana
Indore,Locality_168,MR 10
Indore,Locality_169,Super Corridor
Indore,Locality_170,Old Palasia
Indore,Locality_171,Geeta Bhawan
Indore,Locality_172,MG Road
Indore,Locality_173,Rau Circle
Indore,Locality_174,LIG Colony
Indore,Locality_175,Vallabh Nagar
Indore,Locality_176,Vijay Nagar
Indore,Locality_177,Palasia
Indore,Locality_178,Bhawarkua
Indore,Locality_179,Rau
Indore,Locality_180,Scheme No. 54
Indore,Locality_181,Scheme No. 78
Indore,Locality_182,AB Road
Indore,Locality_183,Rau Road
Indore,Locality_184,Bengali Square
Indore,Locality_185,Sudama Nagar
Indore,Locality_186,Saket Nagar
Indore,Locality_187,Annapurna Road
Indore,Locality_188,Kanadia Road
Indore,Locality_189,Khajrana
Indore,Locality_190,Mahalakshmi Nagar
Indore,Locality_191,Nipania
Indore,Locality_192,Bicholi Mardana
Indore,Locality_193,MR 10
Indore,Locality_194,Super Corridor
Indore,Locality_195,Old Palasia
Indore,Locality_196,Geeta Bhawan
Indore,Locality_197,MG Road
Indore,Locality_198,Rau Circle
Indore,Locality_199,LIG Colony
Indore,Locality_200,Vallabh Nagar
Indore,Locality_201,Vijay Nagar
Indore,Locality_202,Palasia
Indore,Locality_203,Bhawarkua
Indore,Locality_204,Rau
Indore,Locality_205,Scheme No. 54
Indore,Locality_206,Scheme No. 78
Indore,Locality_207,AB Road
Indore,Locality_208,Rau Road
Indore,Locality_209,Bengali Square
Indore,Locality_210,Sudama Nagar
Indore,Locality_211,Saket Nagar
Indore,Locality_212,Annapurna Road
Indore,Locality_213,Kanadia Road
Indore,Locality_214,Khajrana
Indore,Locality_215,Mahalakshmi Nagar
Indore,Locality_216,Nipania
Indore,Locality_217,Bicholi Mardana
Indore,Locality_218,MR 10
Indore,Locality_219,Super Corridor
Indore,Locality_220,Old Palasia
Indore,Locality_221,Geeta Bhawan
Indore,Locality_222,MG Road
Indore,Locality_223,Rau Circle
Indore,Locality_224,LIG Colony
Indore,Locality_225,Vallabh Nagar
Indore,Locality_226,Vijay Nagar
Indore,Locality_227,Palasia
Indore,Locality_228,Bhawarkua
Indore,Locality_229,Rau
Indore,Locality_230,Scheme No. 54
Indore,Locality_231,Scheme No. 78
Indore,Locality_232,AB Road
Indore,Locality_233,Rau Road
Indore,Locality_234,Bengali Square
Indore,Locality_235,Sudama Nagar
Indore,Locality_236,Saket Nagar
Indore,Locality_237,Annapurna Road
Indore,Locality_238,Kanadia Road
Indore,Locality_239,Khajrana
Indore,Locality_240,Mahalakshmi Nagar
Indore,Locality_241,Nipania
Indore,Locality_242,Bicholi Mardana
Indore,Locality_243,MR 10
Indore,Locality_244,Super Corridor
Indore,Locality_245,Old Palasia
Indore,Locality_246,Geeta Bhawan
Indore,Locality_247,MG Road
Indore,Locality_248,Rau Circle
Indore,Locality_249,LIG Colony
Indore,Locality_250,Vallabh Nagar
Indore,Locality_251,Vijay Nagar
Indore,Locality_252,Palasia
Indore,Locality_253,Bhawarkua
Indore,Locality_254,Rau
Indore,Locality_255,Scheme No. 54
Indore,Locality_256,Scheme No. 78
Indore,Locality_257,AB Road
Indore,Locality_258,Rau Road
Indore,Locality_259,Bengali Square
Indore,Locality_260,Sudama Nagar
Indore,Locality_261,Saket Nagar
Indore,Locality_262,Annapurna Road
Indore,Locality_263,Kanadia Road
Indore,Locality_264,Khajrana
Indore,Locality_265,Mahalakshmi Nagar
Indore,Locality_266,Nipania
Indore,Locality_267,Bicholi Mardana
Indore,Locality_268,MR 10
Indore,Locality_269,Super Corridor
Indore,Locality_270,Old Palasia
Indore,Locality_271,Geeta Bhawan
Indore,Locality_272,MG Road
Indore,Locality_273,Rau Circle
Indore,Locality_274,LIG Colony
Indore,Locality_275,Vallabh Nagar
Indore,Locality_276,Vijay Nagar
Indore,Locality_277,Palasia
Indore,Locality_278,Bhawarkua
Indore,Locality_279,Rau
Indore,Locality_280,Scheme No. 54
Indore,Locality_281,Scheme No. 78
Indore,Locality_282,AB Road
Indore,Locality_283,Rau Road
Indore,Locality_284,Bengali Square
Indore,Locality_285,Sudama Nagar
Indore,Locality_286,Saket Nagar
Indore,Locality_287,Annapurna Road
Indore,Locality_288,Kanadia Road
Indore,Locality_289,Khajrana
Indore,Locality_290,Mahalakshmi Nagar
Indore,Locality_291,Nipania
Indore,Locality_292,Bicholi Mardana
Indore,Locality_293,MR 10
Indore,Locality_294,Super Corridor
Indore,Locality_295,Old Palasia
Indore,Locality_296,Geeta Bhawan
Indore,Locality_297,MG Road
Indore,Locality_298,Rau Circle
Indore,Locality_299,LIG Colony
Indore,Locality_300,Vallabh Nagar
Indore,Locality_301,Vijay Nagar
Indore,Locality_302,Palasia
Indore,Locality_303,Bhawarkua
Indore,Locality_304,Rau
Indore,Locality_305,Scheme No. 54
Indore,Locality_306,Scheme No. 78
Indore,Locality_307,AB Road
Indore,Locality_308,Rau Road
Indore,Locality_309,Bengali Square
Indore,Locality_310,Sudama Nagar
Indore,Locality_311,Saket Nagar
Indore,Locality_312,Annapurna Road
Indore,Locality_313,Kanadia Road
Indore,Locality_314,Khajrana
Indore,Locality_315,Mahalakshmi Nagar
Indore,Locality_316,Nipania
Indore,Locality_317,Bicholi Mardana
Indore,Locality_318,MR 10
Indore,Locality_319,Super Corridor
Indore,Locality_320,Old Palasia
Indore,Locality_321,Geeta Bhawan
Indore,Locality_322,MG Road
Indore,Locality_323,Rau Circle
Indore,Locality_324,LIG Colony
Indore,Locality_325,Vallabh Nagar
Indore,Locality_326,Vijay Nagar
Indore,Locality_327,Palasia
Indore,Locality_328,Bhawarkua
Indore,Locality_329,Rau
Indore,Locality_330,Scheme No. 54
Indore,Locality_331,Scheme No. 78
Indore,Locality_332,AB Road
Indore,Locality_333,Rau Road
Indore,Locality_334,Bengali Square
Indore,Locality_335,Sudama Nagar
Indore,Locality_336,Saket Nagar
Indore,Locality_337,Annapurna Road
Indore,Locality_338,Kanadia Road
Indore,Locality_339,Khajrana
Indore,Locality_340,Mahalakshmi Nagar
Indore,Locality_341,Nipania
Indore,Locality_342,Bicholi Mardana
Indore,Locality_343,MR 10
Indore,Locality_344,Super Corridor
Indore,Locality_345,Old Palasia
Indore,Locality_346,Geeta Bhawan
Indore,Locality_347,MG Road
Indore,Locality_348,Rau Circle
Indore,Locality_349,LIG Colony
Indore,Locality_350,Vallabh Nagar
Indore,Locality_351,Vijay Nagar
Indore,Locality_352,Palasia
Indore,Locality_353,Bhawarkua
Indore,Locality_354,Rau
Indore,Locality_355,Scheme No. 54
Indore,Locality_356,Scheme No. 78
Indore,Locality_357,AB Road
Indore,Locality_358,Rau Road
Indore,Locality_359,Bengali Square
Indore,Locality_360,Sudama Nagar
Indore,Locality_361,Saket Nagar
Indore,Locality_362,Annapurna Road
Indore,Locality_363,Kanadia Road
Indore,Locality_364,Khajrana
Indore,Locality_365,Mahalakshmi Nagar
Indore,Locality_366,Nipania
Indore,Locality_367,Bicholi Mardana
Indore,Locality_368,MR 10
Indore,Locality_369,Super Corridor
Indore,Locality_370,Old Palasia
Indore,Locality_371,Geeta Bhawan
Indore,Locality_372,MG Road
Indore,Locality_373,Rau Circle
Indore,Locality_374,LIG Colony
Indore,Locality_375,Vallabh Nagar
Indore,Locality_376,Vijay Nagar
Indore,Locality_377,Palasia
Indore,Locality_378,Bhawarkua
Indore,Locality_379,Rau
Indore,Locality_380,Scheme No. 54
Indore,Locality_381,Scheme No. 78
Indore,Locality_382,AB Road
Indore,Locality_383,Rau Road
Indore,Locality_384,Bengali Square
Indore,Locality_385,Sudama Nagar
Indore,Locality_386,Saket Nagar
Indore,Locality_387,Annapurna Road
Indore,Locality_388,Kanadia Road
Indore,Locality_389,Khajrana
Indore,Locality_390,Mahalakshmi Nagar
Indore,Locality_391,Nipania
Indore,Locality_392,Bicholi Mardana
Indore,Locality_393,MR 10
Indore,Locality_394,Super Corridor
Indore,Locality_395,Old Palasia
Indore,Locality_396,Geeta Bhawan
Indore,Locality_397,MG Road
Indore,Locality_398,Rau Circle
Indore,Locality_399,LIG Colony
Indore,Locality_400,Vallabh Nagar
Indore,Locality_401,Vijay Nagar
Indore,Locality_402,Palasia
Indore,Locality_403,Bhawarkua
Indore,Locality_404,Rau
Indore,Locality_405,Scheme No. 54
Indore,Locality_406,Scheme No. 78
Indore,Locality_407,AB Road
Indore,Locality_408,Rau Road
Indore,Locality_409,Bengali Square
Indore,Locality_410,Sudama Nagar
Indore,Locality_411,Saket Nagar
Indore,Locality_412,Annapurna Road
Indore,Locality_413,Kanadia Road
Indore,Locality_414,Khajrana
Indore,Locality_415,Mahalakshmi Nagar
Indore,Locality_416,Nipania
Indore,Locality_417,Bicholi Mardana
Indore,Locality_418,MR 10
Indore,Locality_419,Super Corridor
Indore,Locality_420,Old Palasia
Indore,Locality_421,Geeta Bhawan
Indore,Locality_422,MG Road
Indore,Locality_423,Rau Circle
Indore,Locality_424,LIG Colony
Indore,Locality_425,Vallabh Nagar
Indore,Locality_426,Vijay Nagar
Indore,Locality_427,Palasia
Indore,Locality_428,Bhawarkua
Indore,Locality_429,Rau
Indore,Locality_430,Scheme No. 54
Indore,Locality_431,Scheme No. 78
Indore,Locality_432,AB Road
Indore,Locality_433,Rau Road
Indore,Locality_434,Bengali Square
Indore,Locality_435,Sudama Nagar
Indore,Locality_436,Saket Nagar
Indore,Locality_437,Annapurna Road
Indore,Locality_438,Kanadia Road
Indore,Locality_439,Khajrana
Indore,Locality_440,Mahalakshmi Nagar
Indore,Locality_441,Nipania
Indore,Locality_442,Bicholi Mardana
Indore,Locality_443,MR 10
Indore,Locality_444,Super Corridor
Indore,Locality_445,Old Palasia
Indore,Locality_446,Geeta Bhawan
Indore,Locality_447,MG Road
Indore,Locality_448,Rau Circle
Indore,Locality_449,LIG Colony
Indore,Locality_450,Vallabh Nagar
Indore,Locality_451,Vijay Nagar
Indore,Locality_452,Palasia
Indore,Locality_453,Bhawarkua
Indore,Locality_454,Rau
Indore,Locality_455,Scheme No. 54
Indore,Locality_456,Scheme No. 78
Indore,Locality_457,AB Road
Indore,Locality_458,Rau Road
Indore,Locality_459,Bengali Square
Indore,Locality_460,Sudama Nagar
Indore,Locality_461,Saket Nagar
Indore,Locality_462,Annapurna Road
Indore,Locality_463,Kanadia Road
Indore,Locality_464,Khajrana
Indore,Locality_465,Mahalakshmi Nagar
Indore,Locality_466,Nipania
Indore,Locality_467,Bicholi Mardana
Indore,Locality_468,MR 10
Indore,Locality_469,Super Corridor
Indore,Locality_470,Old Palasia
Indore,Locality_471,Geeta Bhawan
Indore,Locality_472,MG Road
Indore,Locality_473,Rau Circle
Indore,Locality_474,LIG Colony
Indore,Locality_475,Vallabh Nagar
Indore,Locality_476,Vijay Nagar
Indore,Locality_477,Palasia
Indore,Locality_478,Bhawarkua
Indore,Locality_479,Rau
Indore,Locality_480,Scheme No. 54
Indore,Locality_481,Scheme No. 78
Indore,Locality_482,AB Road
Indore,Locality_483,Rau Road
Indore,Locality_484,Bengali Square
Indore,Locality_485,Sudama Nagar
Indore,Locality_486,Saket Nagar
Indore,Locality_487,Annapurna Road
Indore,Locality_488,Kanadia Road
Indore,Locality_489,Khajrana
Indore,Locality_490,Mahalakshmi Nagar
Indore,Locality_491,Nipania
Indore,Locality_492,Bicholi Mardana
Indore,Locality_493,MR 10
Indore,Locality_494,Super Corridor
Indore,Locality_495,Old Palasia
Indore,Locality_496,Geeta Bhawan
Indore,Locality_497,MG Road
Indore,Locality_498,Rau Circle
Indore,Locality_499,LIG Colony
Indore,Locality_500,Vallabh Nagar
Jaipur,Locality_1,Malviya Nagar
Jaipur,Locality_2,Vaishali Nagar
Jaipur,Locality_3,Mansarovar
Jaipur,Locality_4,Jagatpura
Jaipur,Locality_5,C-Scheme
Jaipur,Locality_6,Raja Park
Jaipur,Locality_7,Tonk Road
Jaipur,Locality_8,Ajmer Road
Jaipur,Locality_9,Jhotwara
Jaipur,Locality_10,Vidhyadhar Nagar
Jaipur,Locality_11,Pratap Nagar
Jaipur,Locality_12,Sodala
Jaipur,Locality_13,Shyam Nagar
Jaipur,Locality_14,Durgapura
Jaipur,Locality_15,Sanganer
Jaipur,Locality_16,Bani Park
Jaipur,Locality_17,Civil Lines
Jaipur,Locality_18,Adarsh Nagar
Jaipur,Locality_19,Gopalpura
Jaipur,Locality_20,Murlipura
Jaipur,Locality_21,Sitapura
Jaipur,Locality_22,Kalwar Road
Jaipur,Locality_23,Mahal Road
Jaipur,Locality_24,Shastri Nagar
Jaipur,Locality_25,Amer
Jaipur,Locality_26,Malviya Nagar
Jaipur,Locality_27,Vaishali Nagar
Jaipur,Locality_28,Mansarovar
Jaipur,Locality_29,Jagatpura
Jaipur,Locality_30,C-Scheme
Jaipur,Locality_31,Raja Park
Jaipur,Locality_32,Tonk Road
Jaipur,Locality_33,Ajmer Road
Jaipur,Locality_34,Jhotwara
Jaipur,Locality_35,Vidhyadhar Nagar
Jaipur,Locality_36,Pratap Nagar
Jaipur,Locality_37,Sodala
Jaipur,Locality_38,Shyam Nagar
Jaipur,Locality_39,Durgapura
Jaipur,Locality_40,Sanganer
Jaipur,Locality_41,Bani Park
Jaipur,Locality_42,Civil Lines
Jaipur,Locality_43,Adarsh Nagar
Jaipur,Locality_44,Gopalpura
Jaipur,Locality_45,Murlipura
Jaipur,Locality_46,Sitapura
Jaipur,Locality_47,Kalwar Road
Jaipur,Locality_48,Mahal Road
Jaipur,Locality_49,Shastri Nagar
Jaipur,Locality_50,Amer
Jaipur,Locality_51,Malviya Nagar
Jaipur,Locality_52,Vaishali Nagar
Jaipur,Locality_53,Mansarovar
Jaipur,Locality_54,Jagatpura
Jaipur,Locality_55,C-Scheme
Jaipur,Locality_56,Raja Park
Jaipur,Locality_57,Tonk Road
Jaipur,Locality_58,Ajmer Road
Jaipur,Locality_59,Jhotwara
Jaipur,Locality_60,Vidhyadhar Nagar
Jaipur,Locality_61,Pratap Nagar
Jaipur,Locality_62,Sodala
Jaipur,Locality_63,Shyam Nagar
Jaipur,Locality_64,Durgapura
Jaipur,Locality_65,Sanganer
Jaipur,Locality_66,Bani Park
Jaipur,Locality_67,Civil Lines
Jaipur,Locality_68,Adarsh Nagar
Jaipur,Locality_69,Gopalpura
Jaipur,Locality_70,Murlipura
Jaipur,Locality_71,Sitapura
Jaipur,Locality_72,Kalwar Road
Jaipur,Locality_73,Mahal Road
Jaipur,Locality_74,Shastri Nagar
Jaipur,Locality_75,Amer
Jaipur,Locality_76,Malviya Nagar
Jaipur,Locality_77,Vaishali Nagar
Jaipur,Locality_78,Mansarovar
Jaipur,Locality_79,Jagatpura
Jaipur,Locality_80,C-Scheme
Jaipur,Locality_81,Raja Park
Jaipur,Locality_82,Tonk Road
Jaipur,Locality_83,Ajmer Road
Jaipur,Locality_84,Jhotwara
Jaipur,Locality_85,Vidhyadhar Nagar
Jaipur,Locality_86,Pratap Nagar
Jaipur,Locality_87,Sodala
Jaipur,Locality_88,Shyam Nagar
Jaipur,Locality_89,Durgapura
Jaipur,Locality_90,Sanganer
Jaipur,Locality_91,Bani Park
Jaipur,Locality_92,Civil Lines
Jaipur,Locality_93,Adarsh Nagar
Jaipur,Locality_94,Gopalpura
Jaipur,Locality_95,Murlipura
Jaipur,Locality_96,Sitapura
Jaipur,Locality_97,Kalwar Road
Jaipur,Locality_98,Mahal Road
Jaipur,Locality_99,Shastri Nagar
Jaipur,Locality_100,Amer
Jaipur,Locality_101,Malviya Nagar
Jaipur,Locality_102,Vaishali Nagar
Jaipur,Locality_103,Mansarovar
Jaipur,Locality_104,Jagatpura
Jaipur,Locality_105,C-Scheme
Jaipur,Locality_106,Raja Park
Jaipur,Locality_107,Tonk Road
Jaipur,Locality_108,Ajmer Road
Jaipur,Locality_109,Jhotwara
Jaipur,Locality_110,Vidhyadhar Nagar
Jaipur,Locality_111,Pratap Nagar
Jaipur,Locality_112,Sodala
Jaipur,Locality_113,Shyam Nagar
Jaipur,Locality_114,Durgapura
Jaipur,Locality_115,Sanganer
Jaipur,Locality_116,Bani Park
Jaipur,Locality_117,Civil Lines
Jaipur,Locality_118,Adarsh Nagar
Jaipur,Locality_119,Gopalpura
Jaipur,Locality_120,Murlipura
Jaipur,Locality_121,Sitapura
Jaipur,Locality_122,Kalwar Road
Jaipur,Locality_123,Mahal Road
Jaipur,Locality_124,Shastri Nagar
Jaipur,Locality_125,Amer
Jaipur,Locality_126,Malviya Nagar
Jaipur,Locality_127,Vaishali Nagar
Jaipur,Locality_128,Mansarovar
Jaipur,Locality_129,Jagatpura
Jaipur,Locality_130,C-Scheme
Jaipur,Locality_131,Raja Park
Jaipur,Locality_132,Tonk Road
Jaipur,Locality_133,Ajmer Road
Jaipur,Locality_134,Jhotwara
Jaipur,Locality_135,Vidhyadhar Nagar
Jaipur,Locality_136,Pratap Nagar
Jaipur,Locality_137,Sodala
Jaipur,Locality_138,Shyam Nagar
Jaipur,Locality_139,Durgapura
Jaipur,Locality_140,Sanganer
Jaipur,Locality_141,Bani Park
Jaipur,Locality_142,Civil Lines
Jaipur,Locality_143,Adarsh Nagar
Jaipur,Locality_144,Gopalpura
Jaipur,Locality_145,Murlipura
Jaipur,Locality_146,Sitapura
Jaipur,Locality_147,Kalwar Road
Jaipur,Locality_148,Mahal Road
Jaipur,Locality_149,Shastri Nagar
Jaipur,Locality_150,Amer
Jaipur,Locality_151,Malviya Nagar
Jaipur,Locality_152,Vaishali Nagar
Jaipur,Locality_153,Mansarovar
Jaipur,Locality_154,Jagatpura
Jaipur,Locality_155,C-Scheme
Jaipur,Locality_156,Raja Park
Jaipur,Locality_157,Tonk Road
Jaipur,Locality_158,Ajmer Road
Jaipur,Locality_159,Jhotwara
Jaipur,Locality_160,Vidhyadhar Nagar
Jaipur,Locality_161,Pratap Nagar
Jaipur,Locality_162,Sodala
Jaipur,Locality_163,Shyam Nagar
Jaipur,Locality_164,Durgapura
Jaipur,Locality_165,Sanganer
Jaipur,Locality_166,Bani Park
Jaipur,Locality_167,Civil Lines
Jaipur,Locality_168,Adarsh Nagar
Jaipur,Locality_169,Gopalpura
Jaipur,Locality_170,Murlipura
Jaipur,Locality_171,Sitapura
Jaipur,Locality_172,Kalwar Road
Jaipur,Locality_173,Mahal Road
Jaipur,Locality_174,Shastri Nagar
Jaipur,Locality_175,Amer
Jaipur,Locality_176,Malviya Nagar
Jaipur,Locality_177,Vaishali Nagar
Jaipur,Locality_178,Mansarovar
Jaipur,Locality_179,Jagatpura
Jaipur,Locality_180,C-Scheme
Jaipur,Locality_181,Raja Park
Jaipur,Locality_182,Tonk Road
Jaipur,Locality_183,Ajmer Road
Jaipur,Locality_184,Jhotwara
Jaipur,Locality_185,Vidhyadhar Nagar
Jaipur,Locality_186,Pratap Nagar
Jaipur,Locality_187,Sodala
Jaipur,Locality_188,Shyam Nagar
Jaipur,Locality_189,Durgapura
Jaipur,Locality_190,Sanganer
Jaipur,Locality_191,Bani Park
Jaipur,Locality_192,Civil Lines
Jaipur,Locality_193,Adarsh Nagar
Jaipur,Locality_194,Gopalpura
Jaipur,Locality_195,Murlipura
Jaipur,Locality_196,Sitapura
Jaipur,Locality_197,Kalwar Road
Jaipur,Locality_198,Mahal Road
Jaipur,Locality_199,Shastri Nagar
Jaipur,Locality_200,Amer
Jaipur,Locality_201,Malviya Nagar
Jaipur,Locality_202,Vaishali Nagar
Jaipur,Locality_203,Mansarovar
Jaipur,Locality_204,Jagatpura
Jaipur,Locality_205,C-Scheme
Jaipur,Locality_206,Raja Park
Jaipur,Locality_207,Tonk Road
Jaipur,Locality_208,Ajmer Road
Jaipur,Locality_209,Jhotwara
Jaipur,Locality_210,Vidhyadhar Nagar
Jaipur,Locality_211,Pratap Nagar
Jaipur,Locality_212,Sodala
Jaipur,Locality_213,Shyam Nagar
Jaipur,Locality_214,Durgapura
Jaipur,Locality_215,Sanganer
Jaipur,Locality_216,Bani Park
Jaipur,Locality_217,Civil Lines
Jaipur,Locality_218,Adarsh Nagar
Jaipur,Locality_219,Gopalpura
Jaipur,Locality_220,Murlipura
Jaipur,Locality_221,Sitapura
Jaipur,Locality_222,Kalwar Road
Jaipur,Locality_223,Mahal Road
Jaipur,Locality_224,Shastri Nagar
Jaipur,Locality_225,Amer
Jaipur,Locality_226,Malviya Nagar
Jaipur,Locality_227,Vaishali Nagar
Jaipur,Locality_228,Mansarovar
Jaipur,Locality_229,Jagatpura
Jaipur,Locality_230,C-Scheme
Jaipur,Locality_231,Raja Park
Jaipur,Locality_232,Tonk Road
Jaipur,Locality_233,Ajmer Road
Jaipur,Locality_234,Jhotwara
Jaipur,Locality_235,Vidhyadhar Nagar
Jaipur,Locality_236,Pratap Nagar
Jaipur,Locality_237,Sodala
Jaipur,Locality_238,Shyam Nagar
Jaipur,Locality_239,Durgapura
Jaipur,Locality_240,Sanganer
Jaipur,Locality_241,Bani Park
Jaipur,Locality_242,Civil Lines
Jaipur,Locality_243,Adarsh Nagar
Jaipur,Locality_244,Gopalpura
Jaipur,Locality_245,Murlipura
Jaipur,Locality_246,Sitapura
Jaipur,Locality_247,Kalwar Road
Jaipur,Locality_248,Mahal Road
Jaipur,Locality_249,Shastri Nagar
Jaipur,Locality_250,Amer
Jaipur,Locality_251,Malviya Nagar
Jaipur,Locality_252,Vaishali Nagar
Jaipur,Locality_253,Mansarovar
Jaipur,Locality_254,Jagatpura
Jaipur,Locality_255,C-Scheme
Jaipur,Locality_256,Raja Park
Jaipur,Locality_257,Tonk Road
Jaipur,Locality_258,Ajmer Road
Jaipur,Locality_259,Jhotwara
Jaipur,Locality_260,Vidhyadhar Nagar
Jaipur,Locality_261,Pratap Nagar
Jaipur,Locality_262,Sodala
Jaipur,Locality_263,Shyam Nagar
Jaipur,Locality_264,Durgapura
Jaipur,Locality_265,Sanganer
Jaipur,Locality_266,Bani Park
Jaipur,Locality_267,Civil Lines
Jaipur,Locality_268,Adarsh Nagar
Jaipur,Locality_269,Gopalpura
Jaipur,Locality_270,Murlipura
Jaipur,Locality_271,Sitapura
Jaipur,Locality_272,Kalwar Road
Jaipur,Locality_273,Mahal Road
Jaipur,Locality_274,Shastri Nagar
Jaipur,Locality_275,Amer
Jaipur,Locality_276,Malviya Nagar
Jaipur,Locality_277,Vaishali Nagar
Jaipur,Locality_278,Mansarovar
Jaipur,Locality_279,Jagatpura
Jaipur,Locality_280,C-Scheme
Jaipur,Locality_281,Raja Park
Jaipur,Locality_282,Tonk Road
Jaipur,Locality_283,Ajmer Road
Jaipur,Locality_284,Jhotwara
Jaipur,Locality_285,Vidhyadhar Nagar
Jaipur,Locality_286,Pratap Nagar
Jaipur,Locality_287,Sodala
Jaipur,Locality_288,Shyam Nagar
Jaipur,Locality_289,Durgapura
Jaipur,Locality_290,Sanganer
Jaipur,Locality_291,Bani Park
Jaipur,Locality_292,Civil Lines
Jaipur,Locality_293,Adarsh Nagar
Jaipur,Locality_294,Gopalpura
Jaipur,Locality_295,Murlipura
Jaipur,Locality_296,Sitapura
Jaipur,Locality_297,Kalwar Road
Jaipur,Locality_298,Mahal Road
Jaipur,Locality_299,Shastri Nagar
Jaipur,Locality_300,Amer
Jaipur,Locality_301,Malviya Nagar
Jaipur,Locality_302,Vaishali Nagar
Jaipur,Locality_303,Mansarovar
Jaipur,Locality_304,Jagatpura
Jaipur,Locality_305,C-Scheme
Jaipur,Locality_306,Raja Park
Jaipur,Locality_307,Tonk Road
Jaipur,Locality_308,Ajmer Road
Jaipur,Locality_309,Jhotwara
Jaipur,Locality_310,Vidhyadhar Nagar
Jaipur,Locality_311,Pratap Nagar
Jaipur,Locality_312,Sodala
Jaipur,Locality_313,Shyam Nagar
Jaipur,Locality_314,Durgapura
Jaipur,Locality_315,Sanganer
Jaipur,Locality_316,Bani Park
Jaipur,Locality_317,Civil Lines
Jaipur,Locality_318,Adarsh Nagar
Jaipur,Locality_319,Gopalpura
Jaipur,Locality_320,Murlipura
Jaipur,Locality_321,Sitapura
Jaipur,Locality_322,Kalwar Road
Jaipur,Locality_323,Mahal Road
Jaipur,Locality_324,Shastri Nagar
Jaipur,Locality_325,Amer
Jaipur,Locality_326,Malviya Nagar
Jaipur,Locality_327,Vaishali Nagar
Jaipur,Locality_328,Mansarovar
Jaipur,Locality_329,Jagatpura
Jaipur,Locality_330,C-Scheme
Jaipur,Locality_331,Raja Park
Jaipur,Locality_332,Tonk Road
Jaipur,Locality_333,Ajmer Road
Jaipur,Locality_334,Jhotwara
Jaipur,Locality_335,Vidhyadhar Nagar
Jaipur,Locality_336,Pratap Nagar
Jaipur,Locality_337,Sodala
Jaipur,Locality_338,Shyam Nagar
Jaipur,Locality_339,Durgapura
Jaipur,Locality_340,Sanganer
Jaipur,Locality_341,Bani Park
Jaipur,Locality_342,Civil Lines
Jaipur,Locality_343,Adarsh Nagar
Jaipur,Locality_344,Gopalpura
Jaipur,Locality_345,Murlipura
Jaipur,Locality_346,Sitapura
Jaipur,Locality_347,Kalwar Road
Jaipur,Locality_348,Mahal Road
Jaipur,Locality_349,Shastri Nagar
Jaipur,Locality_350,Amer
Jaipur,Locality_351,Malviya Nagar
Jaipur,Locality_352,Vaishali Nagar
Jaipur,Locality_353,Mansarovar
Jaipur,Locality_354,Jagatpura
Jaipur,Locality_355,C-Scheme
Jaipur,Locality_356,Raja Park
Jaipur,Locality_357,Tonk Road
Jaipur,Locality_358,Ajmer Road
Jaipur,Locality_359,Jhotwara
Jaipur,Locality_360,Vidhyadhar Nagar
Jaipur,Locality_361,Pratap Nagar
Jaipur,Locality_362,Sodala
Jaipur,Locality_363,Shyam Nagar
Jaipur,Locality_364,Durgapura
Jaipur,Locality_365,Sanganer
Jaipur,Locality_366,Bani Park
Jaipur,Locality_367,Civil Lines
Jaipur,Locality_368,Adarsh Nagar
Jaipur,Locality_369,Gopalpura
Jaipur,Locality_370,Murlipura
Jaipur,Locality_371,Sitapura
Jaipur,Locality_372,Kalwar Road
Jaipur,Locality_373,Mahal Road
Jaipur,Locality_374,Shastri Nagar
Jaipur,Locality_375,Amer
Jaipur,Locality_376,Malviya Nagar
Jaipur,Locality_377,Vaishali Nagar
Jaipur,Locality_378,Mansarovar
Jaipur,Locality_379,Jagatpura
Jaipur,Locality_380,C-Scheme
Jaipur,Locality_381,Raja Park
Jaipur,Locality_382,Tonk Road
Jaipur,Locality_383,Ajmer Road
Jaipur,Locality_384,Jhotwara
Jaipur,Locality_385,Vidhyadhar Nagar
Jaipur,Locality_386,Pratap Nagar
Jaipur,Locality_387,Sodala
Jaipur,Locality_388,Shyam Nagar
Jaipur,Locality_389,Durgapura
Jaipur,Locality_390,Sanganer
Jaipur,Locality_391,Bani Park
Jaipur,Locality_392,Civil Lines
Jaipur,Locality_393,Adarsh Nagar
Jaipur,Locality_394,Gopalpura
Jaipur,Locality_395,Murlipura
Jaipur,Locality_396,Sitapura
Jaipur,Locality_397,Kalwar Road
Jaipur,Locality_398,Mahal Road
Jaipur,Locality_399,Shastri Nagar
Jaipur,Locality_400,Amer
Jaipur,Locality_401,Malviya Nagar
Jaipur,Locality_402,Vaishali Nagar
Jaipur,Locality_403,Mansarovar
Jaipur,Locality_404,Jagatpura
Jaipur,Locality_405,C-Scheme
Jaipur,Locality_406,Raja Park
Jaipur,Locality_407,Tonk Road
Jaipur,Locality_408,Ajmer Road
Jaipur,Locality_409,Jhotwara
Jaipur,Locality_410,Vidhyadhar Nagar
Jaipur,Locality_411,Pratap Nagar
Jaipur,Locality_412,Sodala
Jaipur,Locality_413,Shyam Nagar
Jaipur,Locality_414,Durgapura
Jaipur,Locality_415,Sanganer
Jaipur,Locality_416,Bani Park
Jaipur,Locality_417,Civil Lines
Jaipur,Locality_418,Adarsh Nagar
Jaipur,Locality_419,Gopalpura
Jaipur,Locality_420,Murlipura
Jaipur,Locality_421,Sitapura
Jaipur,Locality_422,Kalwar Road
Jaipur,Locality_423,Mahal Road
Jaipur,Locality_424,Shastri Nagar
Jaipur,Locality_425,Amer
Jaipur,Locality_426,Malviya Nagar
Jaipur,Locality_427,Vaishali Nagar
Jaipur,Locality_428,Mansarovar
Jaipur,Locality_429,Jagatpura
Jaipur,Locality_430,C-Scheme
Jaipur,Locality_431,Raja Park
Jaipur,Locality_432,Tonk Road
Jaipur,Locality_433,Ajmer Road
Jaipur,Locality_434,Jhotwara
Jaipur,Locality_435,Vidhyadhar Nagar
Jaipur,Locality_436,Pratap Nagar
Jaipur,Locality_437,Sodala
Jaipur,Locality_438,Shyam Nagar
Jaipur,Locality_439,Durgapura
Jaipur,Locality_440,Sanganer
Jaipur,Locality_441,Bani Park
Jaipur,Locality_442,Civil Lines
Jaipur,Locality_443,Adarsh Nagar
Jaipur,Locality_444,Gopalpura
Jaipur,Locality_445,Murlipura
Jaipur,Locality_446,Sitapura
Jaipur,Locality_447,Kalwar Road
Jaipur,Locality_448,Mahal Road
Jaipur,Locality_449,Shastri Nagar
Jaipur,Locality_450,Amer
Jaipur,Locality_451,Malviya Nagar
Jaipur,Locality_452,Vaishali Nagar
Jaipur,Locality_453,Mansarovar
Jaipur,Locality_454,Jagatpura
Jaipur,Locality_455,C-Scheme
Jaipur,Locality_456,Raja Park
Jaipur,Locality_457,Tonk Road
Jaipur,Locality_458,Ajmer Road
Jaipur,Locality_459,Jhotwara
Jaipur,Locality_460,Vidhyadhar Nagar
Jaipur,Locality_461,Pratap Nagar
Jaipur,Locality_462,Sodala
Jaipur,Locality_463,Shyam Nagar
Jaipur,Locality_464,Durgapura
Jaipur,Locality_465,Sanganer
Jaipur,Locality_466,Bani Park
Jaipur,Locality_467,Civil Lines
Jaipur,Locality_468,Adarsh Nagar
Jaipur,Locality_469,Gopalpura
Jaipur,Locality_470,Murlipura
Jaipur,Locality_471,Sitapura
Jaipur,Locality_472,Kalwar Road
Jaipur,Locality_473,Mahal Road
Jaipur,Locality_474,Shastri Nagar
Jaipur,Locality_475,Amer
Jaipur,Locality_476,Malviya Nagar
Jaipur,Locality_477,Vaishali Nagar
Jaipur,Locality_478,Mansarovar
Jaipur,Locality_479,Jagatpura
Jaipur,Locality_480,C-Scheme
Jaipur,Locality_481,Raja Park
Jaipur,Locality_482,Tonk Road
Jaipur,Locality_483,Ajmer Road
Jaipur,Locality_484,Jhotwara
Jaipur,Locality_485,Vidhyadhar Nagar
Jaipur,Locality_486,Pratap Nagar
Jaipur,Locality_487,Sodala
Jaipur,Locality_488,Shyam Nagar
Jaipur,Locality_489,Durgapura
Jaipur,Locality_490,Sanganer
Jaipur,Locality_491,Bani Park
Jaipur,Locality_492,Civil Lines
Jaipur,Locality_493,Adarsh Nagar
Jaipur,Locality_494,Gopalpura
Jaipur,Locality_495,Murlipura
Jaipur,Locality_496,Sitapura
Jaipur,Locality_497,Kalwar Road
Jaipur,Locality_498,Mahal Road
Jaipur,Locality_499,Shastri Nagar
Jaipur,Locality_500,Amer
Jamshedpur,Locality_1,Sakchi
Jamshedpur,Locality_2,Bistupur
Jamshedpur,Locality_3,Sonari
Jamshedpur,Locality_4,Kadma
Jamshedpur,Locality_5,Mango
Jamshedpur,Locality_6,Adityapur
Jamshedpur,Locality_7,Telco
Jamshedpur,Locality_8,Golmuri
Jamshedpur,Locality_9,Jugsalai
Jamshedpur,Locality_10,Agrico
Jamshedpur,Locality_11,Baridih
Jamshedpur,Locality_12,Birsanagar
Jamshedpur,Locality_13,Sidhgora
Jamshedpur,Locality_14,Uliyan
Jamshedpur,Locality_15,Kagalnagar
Jamshedpur,Locality_16,Sonari Town
Jamshedpur,Locality_17,Burma Mines
Jamshedpur,Locality_18,Parsudih
Jamshedpur,Locality_19,Tatanagar
Jamshedpur,Locality_20,Dimna Road
Jamshedpur,Locality_21,Azad Nagar
Jamshedpur,Locality_22,Gamharia
Jamshedpur,Locality_23,Chhota Govindpur
Jamshedpur,Locality_24,MGM Area
Jamshedpur,Locality_25,Kalimati
Jamshedpur,Locality_26,Sakchi
Jamshedpur,Locality_27,Bistupur
Jamshedpur,Locality_28,Sonari
Jamshedpur,Locality_29,Kadma
Jamshedpur,Locality_30,Mango
Jamshedpur,Locality_31,Adityapur
Jamshedpur,Locality_32,Telco
Jamshedpur,Locality_33,Golmuri
Jamshedpur,Locality_34,Jugsalai
Jamshedpur,Locality_35,Agrico
Jamshedpur,Locality_36,Baridih
Jamshedpur,Locality_37,Birsanagar
Jamshedpur,Locality_38,Sidhgora
Jamshedpur,Locality_39,Uliyan
Jamshedpur,Locality_40,Kagalnagar
Jamshedpur,Locality_41,Sonari Town
Jamshedpur,Locality_42,Burma Mines
Jamshedpur,Locality_43,Parsudih
Jamshedpur,Locality_44,Tatanagar
Jamshedpur,Locality_45,Dimna Road
Jamshedpur,Locality_46,Azad Nagar
Jamshedpur,Locality_47,Gamharia
Jamshedpur,Locality_48,Chhota Govindpur
Jamshedpur,Locality_49,MGM Area
Jamshedpur,Locality_50,Kalimati
Jamshedpur,Locality_51,Sakchi
Jamshedpur,Locality_52,Bistupur
Jamshedpur,Locality_53,Sonari
Jamshedpur,Locality_54,Kadma
Jamshedpur,Locality_55,Mango
Jamshedpur,Locality_56,Adityapur
Jamshedpur,Locality_57,Telco
Jamshedpur,Locality_58,Golmuri
Jamshedpur,Locality_59,Jugsalai
Jamshedpur,Locality_60,Agrico
Jamshedpur,Locality_61,Baridih
Jamshedpur,Locality_62,Birsanagar
Jamshedpur,Locality_63,Sidhgora
Jamshedpur,Locality_64,Uliyan
Jamshedpur,Locality_65,Kagalnagar
Jamshedpur,Locality_66,Sonari Town
Jamshedpur,Locality_67,Burma Mines
Jamshedpur,Locality_68,Parsudih
Jamshedpur,Locality_69,Tatanagar
Jamshedpur,Locality_70,Dimna Road
Jamshedpur,Locality_71,Azad Nagar
Jamshedpur,Locality_72,Gamharia
Jamshedpur,Locality_73,Chhota Govindpur
Jamshedpur,Locality_74,MGM Area
Jamshedpur,Locality_75,Kalimati
Jamshedpur,Locality_76,Sakchi
Jamshedpur,Locality_77,Bistupur
Jamshedpur,Locality_78,Sonari
Jamshedpur,Locality_79,Kadma
Jamshedpur,Locality_80,Mango
Jamshedpur,Locality_81,Adityapur
Jamshedpur,Locality_82,Telco
Jamshedpur,Locality_83,Golmuri
Jamshedpur,Locality_84,Jugsalai
Jamshedpur,Locality_85,Agrico
Jamshedpur,Locality_86,Baridih
Jamshedpur,Locality_87,Birsanagar
Jamshedpur,Locality_88,Sidhgora
Jamshedpur,Locality_89,Uliyan
Jamshedpur,Locality_90,Kagalnagar
Jamshedpur,Locality_91,Sonari Town
Jamshedpur,Locality_92,Burma Mines
Jamshedpur,Locality_93,Parsudih
Jamshedpur,Locality_94,Tatanagar
Jamshedpur,Locality_95,Dimna Road
Jamshedpur,Locality_96,Azad Nagar
Jamshedpur,Locality_97,Gamharia
Jamshedpur,Locality_98,Chhota Govindpur
Jamshedpur,Locality_99,MGM Area
Jamshedpur,Locality_100,Kalimati
Jamshedpur,Locality_101,Sakchi
Jamshedpur,Locality_102,Bistupur
Jamshedpur,Locality_103,Sonari
Jamshedpur,Locality_104,Kadma
Jamshedpur,Locality_105,Mango
Jamshedpur,Locality_106,Adityapur
Jamshedpur,Locality_107,Telco
Jamshedpur,Locality_108,Golmuri
Jamshedpur,Locality_109,Jugsalai
Jamshedpur,Locality_110,Agrico
Jamshedpur,Locality_111,Baridih
Jamshedpur,Locality_112,Birsanagar
Jamshedpur,Locality_113,Sidhgora
Jamshedpur,Locality_114,Uliyan
Jamshedpur,Locality_115,Kagalnagar
Jamshedpur,Locality_116,Sonari Town
Jamshedpur,Locality_117,Burma Mines
Jamshedpur,Locality_118,Parsudih
Jamshedpur,Locality_119,Tatanagar
Jamshedpur,Locality_120,Dimna Road
Jamshedpur,Locality_121,Azad Nagar
Jamshedpur,Locality_122,Gamharia
Jamshedpur,Locality_123,Chhota Govindpur
Jamshedpur,Locality_124,MGM Area
Jamshedpur,Locality_125,Kalimati
Jamshedpur,Locality_126,Sakchi
Jamshedpur,Locality_127,Bistupur
Jamshedpur,Locality_128,Sonari
Jamshedpur,Locality_129,Kadma
Jamshedpur,Locality_130,Mango
Jamshedpur,Locality_131,Adityapur
Jamshedpur,Locality_132,Telco
Jamshedpur,Locality_133,Golmuri
Jamshedpur,Locality_134,Jugsalai
Jamshedpur,Locality_135,Agrico
Jamshedpur,Locality_136,Baridih
Jamshedpur,Locality_137,Birsanagar
Jamshedpur,Locality_138,Sidhgora
Jamshedpur,Locality_139,Uliyan
Jamshedpur,Locality_140,Kagalnagar
Jamshedpur,Locality_141,Sonari Town
Jamshedpur,Locality_142,Burma Mines
Jamshedpur,Locality_143,Parsudih
Jamshedpur,Locality_144,Tatanagar
Jamshedpur,Locality_145,Dimna Road
Jamshedpur,Locality_146,Azad Nagar
Jamshedpur,Locality_147,Gamharia
Jamshedpur,Locality_148,Chhota Govindpur
Jamshedpur,Locality_149,MGM Area
Jamshedpur,Locality_150,Kalimati
Jamshedpur,Locality_151,Sakchi
Jamshedpur,Locality_152,Bistupur
Jamshedpur,Locality_153,Sonari
Jamshedpur,Locality_154,Kadma
Jamshedpur,Locality_155,Mango
Jamshedpur,Locality_156,Adityapur
Jamshedpur,Locality_157,Telco
Jamshedpur,Locality_158,Golmuri
Jamshedpur,Locality_159,Jugsalai
Jamshedpur,Locality_160,Agrico
Jamshedpur,Locality_161,Baridih
Jamshedpur,Locality_162,Birsanagar
Jamshedpur,Locality_163,Sidhgora
Jamshedpur,Locality_164,Uliyan
Jamshedpur,Locality_165,Kagalnagar
Jamshedpur,Locality_166,Sonari Town
Jamshedpur,Locality_167,Burma Mines
Jamshedpur,Locality_168,Parsudih
Jamshedpur,Locality_169,Tatanagar
Jamshedpur,Locality_170,Dimna Road
Jamshedpur,Locality_171,Azad Nagar
Jamshedpur,Locality_172,Gamharia
Jamshedpur,Locality_173,Chhota Govindpur
Jamshedpur,Locality_174,MGM Area
Jamshedpur,Locality_175,Kalimati
Jamshedpur,Locality_176,Sakchi
Jamshedpur,Locality_177,Bistupur
Jamshedpur,Locality_178,Sonari
Jamshedpur,Locality_179,Kadma
Jamshedpur,Locality_180,Mango
Jamshedpur,Locality_181,Adityapur
Jamshedpur,Locality_182,Telco
Jamshedpur,Locality_183,Golmuri
Jamshedpur,Locality_184,Jugsalai
Jamshedpur,Locality_185,Agrico
Jamshedpur,Locality_186,Baridih
Jamshedpur,Locality_187,Birsanagar
Jamshedpur,Locality_188,Sidhgora
Jamshedpur,Locality_189,Uliyan
Jamshedpur,Locality_190,Kagalnagar
Jamshedpur,Locality_191,Sonari Town
Jamshedpur,Locality_192,Burma Mines
Jamshedpur,Locality_193,Parsudih
Jamshedpur,Locality_194,Tatanagar
Jamshedpur,Locality_195,Dimna Road
Jamshedpur,Locality_196,Azad Nagar
Jamshedpur,Locality_197,Gamharia
Jamshedpur,Locality_198,Chhota Govindpur
Jamshedpur,Locality_199,MGM Area
Jamshedpur,Locality_200,Kalimati
Jamshedpur,Locality_201,Sakchi
Jamshedpur,Locality_202,Bistupur
Jamshedpur,Locality_203,Sonari
Jamshedpur,Locality_204,Kadma
Jamshedpur,Locality_205,Mango
Jamshedpur,Locality_206,Adityapur
Jamshedpur,Locality_207,Telco
Jamshedpur,Locality_208,Golmuri
Jamshedpur,Locality_209,Jugsalai
Jamshedpur,Locality_210,Agrico
Jamshedpur,Locality_211,Baridih
Jamshedpur,Locality_212,Birsanagar
Jamshedpur,Locality_213,Sidhgora
Jamshedpur,Locality_214,Uliyan
Jamshedpur,Locality_215,Kagalnagar
Jamshedpur,Locality_216,Sonari Town
Jamshedpur,Locality_217,Burma Mines
Jamshedpur,Locality_218,Parsudih
Jamshedpur,Locality_219,Tatanagar
Jamshedpur,Locality_220,Dimna Road
Jamshedpur,Locality_221,Azad Nagar
Jamshedpur,Locality_222,Gamharia
Jamshedpur,Locality_223,Chhota Govindpur
Jamshedpur,Locality_224,MGM Area
Jamshedpur,Locality_225,Kalimati
Jamshedpur,Locality_226,Sakchi
Jamshedpur,Locality_227,Bistupur
Jamshedpur,Locality_228,Sonari
Jamshedpur,Locality_229,Kadma
Jamshedpur,Locality_230,Mango
Jamshedpur,Locality_231,Adityapur
Jamshedpur,Locality_232,Telco
Jamshedpur,Locality_233,Golmuri
Jamshedpur,Locality_234,Jugsalai
Jamshedpur,Locality_235,Agrico
Jamshedpur,Locality_236,Baridih
Jamshedpur,Locality_237,Birsanagar
Jamshedpur,Locality_238,Sidhgora
Jamshedpur,Locality_239,Uliyan
Jamshedpur,Locality_240,Kagalnagar
Jamshedpur,Locality_241,Sonari Town
Jamshedpur,Locality_242,Burma Mines
Jamshedpur,Locality_243,Parsudih
Jamshedpur,Locality_244,Tatanagar
Jamshedpur,Locality_245,Dimna Road
Jamshedpur,Locality_246,Azad Nagar
Jamshedpur,Locality_247,Gamharia
Jamshedpur,Locality_248,Chhota Govindpur
Jamshedpur,Locality_249,MGM Area
Jamshedpur,Locality_250,Kalimati
Jamshedpur,Locality_251,Sakchi
Jamshedpur,Locality_252,Bistupur
Jamshedpur,Locality_253,Sonari
Jamshedpur,Locality_254,Kadma
Jamshedpur,Locality_255,Mango
Jamshedpur,Locality_256,Adityapur
Jamshedpur,Locality_257,Telco
Jamshedpur,Locality_258,Golmuri
Jamshedpur,Locality_259,Jugsalai
Jamshedpur,Locality_260,Agrico
Jamshedpur,Locality_261,Baridih
Jamshedpur,Locality_262,Birsanagar
Jamshedpur,Locality_263,Sidhgora
Jamshedpur,Locality_264,Uliyan
Jamshedpur,Locality_265,Kagalnagar
Jamshedpur,Locality_266,Sonari Town
Jamshedpur,Locality_267,Burma Mines
Jamshedpur,Locality_268,Parsudih
Jamshedpur,Locality_269,Tatanagar
Jamshedpur,Locality_270,Dimna Road
Jamshedpur,Locality_271,Azad Nagar
Jamshedpur,Locality_272,Gamharia
Jamshedpur,Locality_273,Chhota Govindpur
Jamshedpur,Locality_274,MGM Area
Jamshedpur,Locality_275,Kalimati
Jamshedpur,Locality_276,Sakchi
Jamshedpur,Locality_277,Bistupur
Jamshedpur,Locality_278,Sonari
Jamshedpur,Locality_279,Kadma
Jamshedpur,Locality_280,Mango
Jamshedpur,Locality_281,Adityapur
Jamshedpur,Locality_282,Telco
Jamshedpur,Locality_283,Golmuri
Jamshedpur,Locality_284,Jugsalai
Jamshedpur,Locality_285,Agrico
Jamshedpur,Locality_286,Baridih
Jamshedpur,Locality_287,Birsanagar
Jamshedpur,Locality_288,Sidhgora
Jamshedpur,Locality_289,Uliyan
Jamshedpur,Locality_290,Kagalnagar
Jamshedpur,Locality_291,Sonari Town
Jamshedpur,Locality_292,Burma Mines
Jamshedpur,Locality_293,Parsudih
Jamshedpur,Locality_294,Tatanagar
Jamshedpur,Locality_295,Dimna Road
Jamshedpur,Locality_296,Azad Nagar
Jamshedpur,Locality_297,Gamharia
Jamshedpur,Locality_298,Chhota Govindpur
Jamshedpur,Locality_299,MGM Area
Jamshedpur,Locality_300,Kalimati
Jamshedpur,Locality_301,Sakchi
Jamshedpur,Locality_302,Bistupur
Jamshedpur,Locality_303,Sonari
Jamshedpur,Locality_304,Kadma
Jamshedpur,Locality_305,Mango
Jamshedpur,Locality_306,Adityapur
Jamshedpur,Locality_307,Telco
Jamshedpur,Locality_308,Golmuri
Jamshedpur,Locality_309,Jugsalai
Jamshedpur,Locality_310,Agrico
Jamshedpur,Locality_311,Baridih
Jamshedpur,Locality_312,Birsanagar
Jamshedpur,Locality_313,Sidhgora
Jamshedpur,Locality_314,Uliyan
Jamshedpur,Locality_315,Kagalnagar
Jamshedpur,Locality_316,Sonari Town
Jamshedpur,Locality_317,Burma Mines
Jamshedpur,Locality_318,Parsudih
Jamshedpur,Locality_319,Tatanagar
Jamshedpur,Locality_320,Dimna Road
Jamshedpur,Locality_321,Azad Nagar
Jamshedpur,Locality_322,Gamharia
Jamshedpur,Locality_323,Chhota Govindpur
Jamshedpur,Locality_324,MGM Area
Jamshedpur,Locality_325,Kalimati
Jamshedpur,Locality_326,Sakchi
Jamshedpur,Locality_327,Bistupur
Jamshedpur,Locality_328,Sonari
Jamshedpur,Locality_329,Kadma
Jamshedpur,Locality_330,Mango
Jamshedpur,Locality_331,Adityapur
Jamshedpur,Locality_332,Telco
Jamshedpur,Locality_333,Golmuri
Jamshedpur,Locality_334,Jugsalai
Jamshedpur,Locality_335,Agrico
Jamshedpur,Locality_336,Baridih
Jamshedpur,Locality_337,Birsanagar
Jamshedpur,Locality_338,Sidhgora
Jamshedpur,Locality_339,Uliyan
Jamshedpur,Locality_340,Kagalnagar
Jamshedpur,Locality_341,Sonari Town
Jamshedpur,Locality_342,Burma Mines
Jamshedpur,Locality_343,Parsudih
Jamshedpur,Locality_344,Tatanagar
Jamshedpur,Locality_345,Dimna Road
Jamshedpur,Locality_346,Azad Nagar
Jamshedpur,Locality_347,Gamharia
Jamshedpur,Locality_348,Chhota Govindpur
Jamshedpur,Locality_349,MGM Area
Jamshedpur,Locality_350,Kalimati
Jamshedpur,Locality_351,Sakchi
Jamshedpur,Locality_352,Bistupur
Jamshedpur,Locality_353,Sonari
Jamshedpur,Locality_354,Kadma
Jamshedpur,Locality_355,Mango
Jamshedpur,Locality_356,Adityapur
Jamshedpur,Locality_357,Telco
Jamshedpur,Locality_358,Golmuri
Jamshedpur,Locality_359,Jugsalai
Jamshedpur,Locality_360,Agrico
Jamshedpur,Locality_361,Baridih
Jamshedpur,Locality_362,Birsanagar
Jamshedpur,Locality_363,Sidhgora
Jamshedpur,Locality_364,Uliyan
Jamshedpur,Locality_365,Kagalnagar
Jamshedpur,Locality_366,Sonari Town
Jamshedpur,Locality_367,Burma Mines
Jamshedpur,Locality_368,Parsudih
Jamshedpur,Locality_369,Tatanagar
Jamshedpur,Locality_370,Dimna Road
Jamshedpur,Locality_371,Azad Nagar
Jamshedpur,Locality_372,Gamharia
Jamshedpur,Locality_373,Chhota Govindpur
Jamshedpur,Locality_374,MGM Area
Jamshedpur,Locality_375,Kalimati
Jamshedpur,Locality_376,Sakchi
Jamshedpur,Locality_377,Bistupur
Jamshedpur,Locality_378,Sonari
Jamshedpur,Locality_379,Kadma
Jamshedpur,Locality_380,Mango
Jamshedpur,Locality_381,Adityapur
Jamshedpur,Locality_382,Telco
Jamshedpur,Locality_383,Golmuri
Jamshedpur,Locality_384,Jugsalai
Jamshedpur,Locality_385,Agrico
Jamshedpur,Locality_386,Baridih
Jamshedpur,Locality_387,Birsanagar
Jamshedpur,Locality_388,Sidhgora
Jamshedpur,Locality_389,Uliyan
Jamshedpur,Locality_390,Kagalnagar
Jamshedpur,Locality_391,Sonari Town
Jamshedpur,Locality_392,Burma Mines
Jamshedpur,Locality_393,Parsudih
Jamshedpur,Locality_394,Tatanagar
Jamshedpur,Locality_395,Dimna Road
Jamshedpur,Locality_396,Azad Nagar
Jamshedpur,Locality_397,Gamharia
Jamshedpur,Locality_398,Chhota Govindpur
Jamshedpur,Locality_399,MGM Area
Jamshedpur,Locality_400,Kalimati
Jamshedpur,Locality_401,Sakchi
Jamshedpur,Locality_402,Bistupur
Jamshedpur,Locality_403,Sonari
Jamshedpur,Locality_404,Kadma
Jamshedpur,Locality_405,Mango
Jamshedpur,Locality_406,Adityapur
Jamshedpur,Locality_407,Telco
Jamshedpur,Locality_408,Golmuri
Jamshedpur,Locality_409,Jugsalai
Jamshedpur,Locality_410,Agrico
Jamshedpur,Locality_411,Baridih
Jamshedpur,Locality_412,Birsanagar
Jamshedpur,Locality_413,Sidhgora
Jamshedpur,Locality_414,Uliyan
Jamshedpur,Locality_415,Kagalnagar
Jamshedpur,Locality_416,Sonari Town
Jamshedpur,Locality_417,Burma Mines
Jamshedpur,Locality_418,Parsudih
Jamshedpur,Locality_419,Tatanagar
Jamshedpur,Locality_420,Dimna Road
Jamshedpur,Locality_421,Azad Nagar
Jamshedpur,Locality_422,Gamharia
Jamshedpur,Locality_423,Chhota Govindpur
Jamshedpur,Locality_424,MGM Area
Jamshedpur,Locality_425,Kalimati
Jamshedpur,Locality_426,Sakchi
Jamshedpur,Locality_427,Bistupur
Jamshedpur,Locality_428,Sonari
Jamshedpur,Locality_429,Kadma
Jamshedpur,Locality_430,Mango
Jamshedpur,Locality_431,Adityapur
Jamshedpur,Locality_432,Telco
Jamshedpur,Locality_433,Golmuri
Jamshedpur,Locality_434,Jugsalai
Jamshedpur,Locality_435,Agrico
Jamshedpur,Locality_436,Baridih
Jamshedpur,Locality_437,Birsanagar
Jamshedpur,Locality_438,Sidhgora
Jamshedpur,Locality_439,Uliyan
Jamshedpur,Locality_440,Kagalnagar
Jamshedpur,Locality_441,Sonari Town
Jamshedpur,Locality_442,Burma Mines
Jamshedpur,Locality_443,Parsudih
Jamshedpur,Locality_444,Tatanagar
Jamshedpur,Locality_445,Dimna Road
Jamshedpur,Locality_446,Azad Nagar
Jamshedpur,Locality_447,Gamharia
Jamshedpur,Locality_448,Chhota Govindpur
Jamshedpur,Locality_449,MGM Area
Jamshedpur,Locality_450,Kalimati
Jamshedpur,Locality_451,Sakchi
Jamshedpur,Locality_452,Bistupur
Jamshedpur,Locality_453,Sonari
Jamshedpur,Locality_454,Kadma
Jamshedpur,Locality_455,Mango
Jamshedpur,Locality_456,Adityapur
Jamshedpur,Locality_457,Telco
Jamshedpur,Locality_458,Golmuri
Jamshedpur,Locality_459,Jugsalai
Jamshedpur,Locality_460,Agrico
Jamshedpur,Locality_461,Baridih
Jamshedpur,Locality_462,Birsanagar
Jamshedpur,Locality_463,Sidhgora
Jamshedpur,Locality_464,Uliyan
Jamshedpur,Locality_465,Kagalnagar
Jamshedpur,Locality_466,Sonari Town
Jamshedpur,Locality_467,Burma Mines
Jamshedpur,Locality_468,Parsudih
Jamshedpur,Locality_469,Tatanagar
Jamshedpur,Locality_470,Dimna Road
Jamshedpur,Locality_471,Azad Nagar
Jamshedpur,Locality_472,Gamharia
Jamshedpur,Locality_473,Chhota Govindpur
Jamshedpur,Locality_474,MGM Area
Jamshedpur,Locality_475,Kalimati
Jamshedpur,Locality_476,Sakchi
Jamshedpur,Locality_477,Bistupur
Jamshedpur,Locality_478,Sonari
Jamshedpur,Locality_479,Kadma
Jamshedpur,Locality_480,Mango
Jamshedpur,Locality_481,Adityapur
Jamshedpur,Locality_482,Telco
Jamshedpur,Locality_483,Golmuri
Jamshedpur,Locality_484,Jugsalai
Jamshedpur,Locality_485,Agrico
Jamshedpur,Locality_486,Baridih
Jamshedpur,Locality_487,Birsanagar
Jamshedpur,Locality_488,Sidhgora
Jamshedpur,Locality_489,Uliyan
Jamshedpur,Locality_490,Kagalnagar
Jamshedpur,Locality_491,Sonari Town
Jamshedpur,Locality_492,Burma Mines
Jamshedpur,Locality_493,Parsudih
Jamshedpur,Locality_494,Tatanagar
Jamshedpur,Locality_495,Dimna Road
Jamshedpur,Locality_496,Azad Nagar
Jamshedpur,Locality_497,Gamharia
Jamshedpur,Locality_498,Chhota Govindpur
Jamshedpur,Locality_499,MGM Area
Jamshedpur,Locality_500,Kalimati
Jodhpur,Locality_1,Sardarpura
Jodhpur,Locality_2,Ratanada
Jodhpur,Locality_3,Paota
Jodhpur,Locality_4,Shastri Nagar
Jodhpur,Locality_5,Chopasni Housing Board
Jodhpur,Locality_6,Pal Road
Jodhpur,Locality_7,Shikargarh
Jodhpur,Locality_8,Basni
Jodhpur,Locality_9,Jalori Gate
Jodhpur,Locality_10,Residency Road
Jodhpur,Locality_11,Sangariya
Jodhpur,Locality_12,Mandore
Jodhpur,Locality_13,Kudi Bhagtasni
Jodhpur,Locality_14,Bhagat Ki Kothi
Jodhpur,Locality_15,Pratap Nagar
Jodhpur,Locality_16,Chopasni Road
Jodhpur,Locality_17,AIIMS Road
Jodhpur,Locality_18,Jhalamand
Jodhpur,Locality_19,Boranada
Jodhpur,Locality_20,Shastri Circle
Jodhpur,Locality_21,Nai Sadak
Jodhpur,Locality_22,Sojati Gate
Jodhpur,Locality_23,Umaid Hospital Road
Jodhpur,Locality_24,Rai Ka Bagh
Jodhpur,Locality_25,Saran Nagar
Jodhpur,Locality_26,Sardarpura
Jodhpur,Locality_27,Ratanada
Jodhpur,Locality_28,Paota
Jodhpur,Locality_29,Shastri Nagar
Jodhpur,Locality_30,Chopasni Housing Board
Jodhpur,Locality_31,Pal Road
Jodhpur,Locality_32,Shikargarh
Jodhpur,Locality_33,Basni
Jodhpur,Locality_34,Jalori Gate
Jodhpur,Locality_35,Residency Road
Jodhpur,Locality_36,Sangariya
Jodhpur,Locality_37,Mandore
Jodhpur,Locality_38,Kudi Bhagtasni
Jodhpur,Locality_39,Bhagat Ki Kothi
Jodhpur,Locality_40,Pratap Nagar
Jodhpur,Locality_41,Chopasni Road
Jodhpur,Locality_42,AIIMS Road
Jodhpur,Locality_43,Jhalamand
Jodhpur,Locality_44,Boranada
Jodhpur,Locality_45,Shastri Circle
Jodhpur,Locality_46,Nai Sadak
Jodhpur,Locality_47,Sojati Gate
Jodhpur,Locality_48,Umaid Hospital Road
Jodhpur,Locality_49,Rai Ka Bagh
Jodhpur,Locality_50,Saran Nagar
Jodhpur,Locality_51,Sardarpura
Jodhpur,Locality_52,Ratanada
Jodhpur,Locality_53,Paota
Jodhpur,Locality_54,Shastri Nagar
Jodhpur,Locality_55,Chopasni Housing Board
Jodhpur,Locality_56,Pal Road
Jodhpur,Locality_57,Shikargarh
Jodhpur,Locality_58,Basni
Jodhpur,Locality_59,Jalori Gate
Jodhpur,Locality_60,Residency Road
Jodhpur,Locality_61,Sangariya
Jodhpur,Locality_62,Mandore
Jodhpur,Locality_63,Kudi Bhagtasni
Jodhpur,Locality_64,Bhagat Ki Kothi
Jodhpur,Locality_65,Pratap Nagar
Jodhpur,Locality_66,Chopasni Road
Jodhpur,Locality_67,AIIMS Road
Jodhpur,Locality_68,Jhalamand
Jodhpur,Locality_69,Boranada
Jodhpur,Locality_70,Shastri Circle
Jodhpur,Locality_71,Nai Sadak
Jodhpur,Locality_72,Sojati Gate
Jodhpur,Locality_73,Umaid Hospital Road
Jodhpur,Locality_74,Rai Ka Bagh
Jodhpur,Locality_75,Saran Nagar
Jodhpur,Locality_76,Sardarpura
Jodhpur,Locality_77,Ratanada
Jodhpur,Locality_78,Paota
Jodhpur,Locality_79,Shastri Nagar
Jodhpur,Locality_80,Chopasni Housing Board
Jodhpur,Locality_81,Pal Road
Jodhpur,Locality_82,Shikargarh
Jodhpur,Locality_83,Basni
Jodhpur,Locality_84,Jalori Gate
Jodhpur,Locality_85,Residency Road
Jodhpur,Locality_86,Sangariya
Jodhpur,Locality_87,Mandore
Jodhpur,Locality_88,Kudi Bhagtasni
Jodhpur,Locality_89,Bhagat Ki Kothi
Jodhpur,Locality_90,Pratap Nagar
Jodhpur,Locality_91,Chopasni Road
Jodhpur,Locality_92,AIIMS Road
Jodhpur,Locality_93,Jhalamand
Jodhpur,Locality_94,Boranada
Jodhpur,Locality_95,Shastri Circle
Jodhpur,Locality_96,Nai Sadak
Jodhpur,Locality_97,Sojati Gate
Jodhpur,Locality_98,Umaid Hospital Road
Jodhpur,Locality_99,Rai Ka Bagh
Jodhpur,Locality_100,Saran Nagar
Jodhpur,Locality_101,Sardarpura
Jodhpur,Locality_102,Ratanada
Jodhpur,Locality_103,Paota
Jodhpur,Locality_104,Shastri Nagar
Jodhpur,Locality_105,Chopasni Housing Board
Jodhpur,Locality_106,Pal Road
Jodhpur,Locality_107,Shikargarh
Jodhpur,Locality_108,Basni
Jodhpur,Locality_109,Jalori Gate
Jodhpur,Locality_110,Residency Road
Jodhpur,Locality_111,Sangariya
Jodhpur,Locality_112,Mandore
Jodhpur,Locality_113,Kudi Bhagtasni
Jodhpur,Locality_114,Bhagat Ki Kothi
Jodhpur,Locality_115,Pratap Nagar
Jodhpur,Locality_116,Chopasni Road
Jodhpur,Locality_117,AIIMS Road
Jodhpur,Locality_118,Jhalamand
Jodhpur,Locality_119,Boranada
Jodhpur,Locality_120,Shastri Circle
Jodhpur,Locality_121,Nai Sadak
Jodhpur,Locality_122,Sojati Gate
Jodhpur,Locality_123,Umaid Hospital Road
Jodhpur,Locality_124,Rai Ka Bagh
Jodhpur,Locality_125,Saran Nagar
Jodhpur,Locality_126,Sardarpura
Jodhpur,Locality_127,Ratanada
Jodhpur,Locality_128,Paota
Jodhpur,Locality_129,Shastri Nagar
Jodhpur,Locality_130,Chopasni Housing Board
Jodhpur,Locality_131,Pal Road
Jodhpur,Locality_132,Shikargarh
Jodhpur,Locality_133,Basni
Jodhpur,Locality_134,Jalori Gate
Jodhpur,Locality_135,Residency Road
Jodhpur,Locality_136,Sangariya
Jodhpur,Locality_137,Mandore
Jodhpur,Locality_138,Kudi Bhagtasni
Jodhpur,Locality_139,Bhagat Ki Kothi
Jodhpur,Locality_140,Pratap Nagar
Jodhpur,Locality_141,Chopasni Road
Jodhpur,Locality_142,AIIMS Road
Jodhpur,Locality_143,Jhalamand
Jodhpur,Locality_144,Boranada
Jodhpur,Locality_145,Shastri Circle
Jodhpur,Locality_146,Nai Sadak
Jodhpur,Locality_147,Sojati Gate
Jodhpur,Locality_148,Umaid Hospital Road
Jodhpur,Locality_149,Rai Ka Bagh
Jodhpur,Locality_150,Saran Nagar
Jodhpur,Locality_151,Sardarpura
Jodhpur,Locality_152,Ratanada
Jodhpur,Locality_153,Paota
Jodhpur,Locality_154,Shastri Nagar
Jodhpur,Locality_155,Chopasni Housing Board
Jodhpur,Locality_156,Pal Road
Jodhpur,Locality_157,Shikargarh
Jodhpur,Locality_158,Basni
Jodhpur,Locality_159,Jalori Gate
Jodhpur,Locality_160,Residency Road
Jodhpur,Locality_161,Sangariya
Jodhpur,Locality_162,Mandore
Jodhpur,Locality_163,Kudi Bhagtasni
Jodhpur,Locality_164,Bhagat Ki Kothi
Jodhpur,Locality_165,Pratap Nagar
Jodhpur,Locality_166,Chopasni Road
Jodhpur,Locality_167,AIIMS Road
Jodhpur,Locality_168,Jhalamand
Jodhpur,Locality_169,Boranada
Jodhpur,Locality_170,Shastri Circle
Jodhpur,Locality_171,Nai Sadak
Jodhpur,Locality_172,Sojati Gate
Jodhpur,Locality_173,Umaid Hospital Road
Jodhpur,Locality_174,Rai Ka Bagh
Jodhpur,Locality_175,Saran Nagar
Jodhpur,Locality_176,Sardarpura
Jodhpur,Locality_177,Ratanada
Jodhpur,Locality_178,Paota
Jodhpur,Locality_179,Shastri Nagar
Jodhpur,Locality_180,Chopasni Housing Board
Jodhpur,Locality_181,Pal Road
Jodhpur,Locality_182,Shikargarh
Jodhpur,Locality_183,Basni
Jodhpur,Locality_184,Jalori Gate
Jodhpur,Locality_185,Residency Road
Jodhpur,Locality_186,Sangariya
Jodhpur,Locality_187,Mandore
Jodhpur,Locality_188,Kudi Bhagtasni
Jodhpur,Locality_189,Bhagat Ki Kothi
Jodhpur,Locality_190,Pratap Nagar
Jodhpur,Locality_191,Chopasni Road
Jodhpur,Locality_192,AIIMS Road
Jodhpur,Locality_193,Jhalamand
Jodhpur,Locality_194,Boranada
Jodhpur,Locality_195,Shastri Circle
Jodhpur,Locality_196,Nai Sadak
Jodhpur,Locality_197,Sojati Gate
Jodhpur,Locality_198,Umaid Hospital Road
Jodhpur,Locality_199,Rai Ka Bagh
Jodhpur,Locality_200,Saran Nagar
Jodhpur,Locality_201,Sardarpura
Jodhpur,Locality_202,Ratanada
Jodhpur,Locality_203,Paota
Jodhpur,Locality_204,Shastri Nagar
Jodhpur,Locality_205,Chopasni Housing Board
Jodhpur,Locality_206,Pal Road
Jodhpur,Locality_207,Shikargarh
Jodhpur,Locality_208,Basni
Jodhpur,Locality_209,Jalori Gate
Jodhpur,Locality_210,Residency Road
Jodhpur,Locality_211,Sangariya
Jodhpur,Locality_212,Mandore
Jodhpur,Locality_213,Kudi Bhagtasni
Jodhpur,Locality_214,Bhagat Ki Kothi
Jodhpur,Locality_215,Pratap Nagar
Jodhpur,Locality_216,Chopasni Road
Jodhpur,Locality_217,AIIMS Road
Jodhpur,Locality_218,Jhalamand
Jodhpur,Locality_219,Boranada
Jodhpur,Locality_220,Shastri Circle
Jodhpur,Locality_221,Nai Sadak
Jodhpur,Locality_222,Sojati Gate
Jodhpur,Locality_223,Umaid Hospital Road
Jodhpur,Locality_224,Rai Ka Bagh
Jodhpur,Locality_225,Saran Nagar
Jodhpur,Locality_226,Sardarpura
Jodhpur,Locality_227,Ratanada
Jodhpur,Locality_228,Paota
Jodhpur,Locality_229,Shastri Nagar
Jodhpur,Locality_230,Chopasni Housing Board
Jodhpur,Locality_231,Pal Road
Jodhpur,Locality_232,Shikargarh
Jodhpur,Locality_233,Basni
Jodhpur,Locality_234,Jalori Gate
Jodhpur,Locality_235,Residency Road
Jodhpur,Locality_236,Sangariya
Jodhpur,Locality_237,Mandore
Jodhpur,Locality_238,Kudi Bhagtasni
Jodhpur,Locality_239,Bhagat Ki Kothi
Jodhpur,Locality_240,Pratap Nagar
Jodhpur,Locality_241,Chopasni Road
Jodhpur,Locality_242,AIIMS Road
Jodhpur,Locality_243,Jhalamand
Jodhpur,Locality_244,Boranada
Jodhpur,Locality_245,Shastri Circle
Jodhpur,Locality_246,Nai Sadak
Jodhpur,Locality_247,Sojati Gate
Jodhpur,Locality_248,Umaid Hospital Road
Jodhpur,Locality_249,Rai Ka Bagh
Jodhpur,Locality_250,Saran Nagar
Jodhpur,Locality_251,Sardarpura
Jodhpur,Locality_252,Ratanada
Jodhpur,Locality_253,Paota
Jodhpur,Locality_254,Shastri Nagar
Jodhpur,Locality_255,Chopasni Housing Board
Jodhpur,Locality_256,Pal Road
Jodhpur,Locality_257,Shikargarh
Jodhpur,Locality_258,Basni
Jodhpur,Locality_259,Jalori Gate
Jodhpur,Locality_260,Residency Road
Jodhpur,Locality_261,Sangariya
Jodhpur,Locality_262,Mandore
Jodhpur,Locality_263,Kudi Bhagtasni
Jodhpur,Locality_264,Bhagat Ki Kothi
Jodhpur,Locality_265,Pratap Nagar
Jodhpur,Locality_266,Chopasni Road
Jodhpur,Locality_267,AIIMS Road
Jodhpur,Locality_268,Jhalamand
Jodhpur,Locality_269,Boranada
Jodhpur,Locality_270,Shastri Circle
Jodhpur,Locality_271,Nai Sadak
Jodhpur,Locality_272,Sojati Gate
Jodhpur,Locality_273,Umaid Hospital Road
Jodhpur,Locality_274,Rai Ka Bagh
Jodhpur,Locality_275,Saran Nagar
Jodhpur,Locality_276,Sardarpura
Jodhpur,Locality_277,Ratanada
Jodhpur,Locality_278,Paota
Jodhpur,Locality_279,Shastri Nagar
Jodhpur,Locality_280,Chopasni Housing Board
Jodhpur,Locality_281,Pal Road
Jodhpur,Locality_282,Shikargarh
Jodhpur,Locality_283,Basni
Jodhpur,Locality_284,Jalori Gate
Jodhpur,Locality_285,Residency Road
Jodhpur,Locality_286,Sangariya
Jodhpur,Locality_287,Mandore
Jodhpur,Locality_288,Kudi Bhagtasni
Jodhpur,Locality_289,Bhagat Ki Kothi
Jodhpur,Locality_290,Pratap Nagar
Jodhpur,Locality_291,Chopasni Road
Jodhpur,Locality_292,AIIMS Road
Jodhpur,Locality_293,Jhalamand
Jodhpur,Locality_294,Boranada
Jodhpur,Locality_295,Shastri Circle
Jodhpur,Locality_296,Nai Sadak
Jodhpur,Locality_297,Sojati Gate
Jodhpur,Locality_298,Umaid Hospital Road
Jodhpur,Locality_299,Rai Ka Bagh
Jodhpur,Locality_300,Saran Nagar
Jodhpur,Locality_301,Sardarpura
Jodhpur,Locality_302,Ratanada
Jodhpur,Locality_303,Paota
Jodhpur,Locality_304,Shastri Nagar
Jodhpur,Locality_305,Chopasni Housing Board
Jodhpur,Locality_306,Pal Road
Jodhpur,Locality_307,Shikargarh
Jodhpur,Locality_308,Basni
Jodhpur,Locality_309,Jalori Gate
Jodhpur,Locality_310,Residency Road
Jodhpur,Locality_311,Sangariya
Jodhpur,Locality_312,Mandore
Jodhpur,Locality_313,Kudi Bhagtasni
Jodhpur,Locality_314,Bhagat Ki Kothi
Jodhpur,Locality_315,Pratap Nagar
Jodhpur,Locality_316,Chopasni Road
Jodhpur,Locality_317,AIIMS Road
Jodhpur,Locality_318,Jhalamand
Jodhpur,Locality_319,Boranada
Jodhpur,Locality_320,Shastri Circle
Jodhpur,Locality_321,Nai Sadak
Jodhpur,Locality_322,Sojati Gate
Jodhpur,Locality_323,Umaid Hospital Road
Jodhpur,Locality_324,Rai Ka Bagh
Jodhpur,Locality_325,Saran Nagar
Jodhpur,Locality_326,Sardarpura
Jodhpur,Locality_327,Ratanada
Jodhpur,Locality_328,Paota
Jodhpur,Locality_329,Shastri Nagar
Jodhpur,Locality_330,Chopasni Housing Board
Jodhpur,Locality_331,Pal Road
Jodhpur,Locality_332,Shikargarh
Jodhpur,Locality_333,Basni
Jodhpur,Locality_334,Jalori Gate
Jodhpur,Locality_335,Residency Road
Jodhpur,Locality_336,Sangariya
Jodhpur,Locality_337,Mandore
Jodhpur,Locality_338,Kudi Bhagtasni
Jodhpur,Locality_339,Bhagat Ki Kothi
Jodhpur,Locality_340,Pratap Nagar
Jodhpur,Locality_341,Chopasni Road
Jodhpur,Locality_342,AIIMS Road
Jodhpur,Locality_343,Jhalamand
Jodhpur,Locality_344,Boranada
Jodhpur,Locality_345,Shastri Circle
Jodhpur,Locality_346,Nai Sadak
Jodhpur,Locality_347,Sojati Gate
Jodhpur,Locality_348,Umaid Hospital Road
Jodhpur,Locality_349,Rai Ka Bagh
Jodhpur,Locality_350,Saran Nagar
Jodhpur,Locality_351,Sardarpura
Jodhpur,Locality_352,Ratanada
Jodhpur,Locality_353,Paota
Jodhpur,Locality_354,Shastri Nagar
Jodhpur,Locality_355,Chopasni Housing Board
Jodhpur,Locality_356,Pal Road
Jodhpur,Locality_357,Shikargarh
Jodhpur,Locality_358,Basni
Jodhpur,Locality_359,Jalori Gate
Jodhpur,Locality_360,Residency Road
Jodhpur,Locality_361,Sangariya
Jodhpur,Locality_362,Mandore
Jodhpur,Locality_363,Kudi Bhagtasni
Jodhpur,Locality_364,Bhagat Ki Kothi
Jodhpur,Locality_365,Pratap Nagar
Jodhpur,Locality_366,Chopasni Road
Jodhpur,Locality_367,AIIMS Road
Jodhpur,Locality_368,Jhalamand
Jodhpur,Locality_369,Boranada
Jodhpur,Locality_370,Shastri Circle
Jodhpur,Locality_371,Nai Sadak
Jodhpur,Locality_372,Sojati Gate
Jodhpur,Locality_373,Umaid Hospital Road
Jodhpur,Locality_374,Rai Ka Bagh
Jodhpur,Locality_375,Saran Nagar
Jodhpur,Locality_376,Sardarpura
Jodhpur,Locality_377,Ratanada
Jodhpur,Locality_378,Paota
Jodhpur,Locality_379,Shastri Nagar
Jodhpur,Locality_380,Chopasni Housing Board
Jodhpur,Locality_381,Pal Road
Jodhpur,Locality_382,Shikargarh
Jodhpur,Locality_383,Basni
Jodhpur,Locality_384,Jalori Gate
Jodhpur,Locality_385,Residency Road
Jodhpur,Locality_386,Sangariya
Jodhpur,Locality_387,Mandore
Jodhpur,Locality_388,Kudi Bhagtasni
Jodhpur,Locality_389,Bhagat Ki Kothi
Jodhpur,Locality_390,Pratap Nagar
Jodhpur,Locality_391,Chopasni Road
Jodhpur,Locality_392,AIIMS Road
Jodhpur,Locality_393,Jhalamand
Jodhpur,Locality_394,Boranada
Jodhpur,Locality_395,Shastri Circle
Jodhpur,Locality_396,Nai Sadak
Jodhpur,Locality_397,Sojati Gate
Jodhpur,Locality_398,Umaid Hospital Road
Jodhpur,Locality_399,Rai Ka Bagh
Jodhpur,Locality_400,Saran Nagar
Jodhpur,Locality_401,Sardarpura
Jodhpur,Locality_402,Ratanada
Jodhpur,Locality_403,Paota
Jodhpur,Locality_404,Shastri Nagar
Jodhpur,Locality_405,Chopasni Housing Board
Jodhpur,Locality_406,Pal Road
Jodhpur,Locality_407,Shikargarh
Jodhpur,Locality_408,Basni
Jodhpur,Locality_409,Jalori Gate
Jodhpur,Locality_410,Residency Road
Jodhpur,Locality_411,Sangariya
Jodhpur,Locality_412,Mandore
Jodhpur,Locality_413,Kudi Bhagtasni
Jodhpur,Locality_414,Bhagat Ki Kothi
Jodhpur,Locality_415,Pratap Nagar
Jodhpur,Locality_416,Chopasni Road
Jodhpur,Locality_417,AIIMS Road
Jodhpur,Locality_418,Jhalamand
Jodhpur,Locality_419,Boranada
Jodhpur,Locality_420,Shastri Circle
Jodhpur,Locality_421,Nai Sadak
Jodhpur,Locality_422,Sojati Gate
Jodhpur,Locality_423,Umaid Hospital Road
Jodhpur,Locality_424,Rai Ka Bagh
Jodhpur,Locality_425,Saran Nagar
Jodhpur,Locality_426,Sardarpura
Jodhpur,Locality_427,Ratanada
Jodhpur,Locality_428,Paota
Jodhpur,Locality_429,Shastri Nagar
Jodhpur,Locality_430,Chopasni Housing Board
Jodhpur,Locality_431,Pal Road
Jodhpur,Locality_432,Shikargarh
Jodhpur,Locality_433,Basni
Jodhpur,Locality_434,Jalori Gate
Jodhpur,Locality_435,Residency Road
Jodhpur,Locality_436,Sangariya
Jodhpur,Locality_437,Mandore
Jodhpur,Locality_438,Kudi Bhagtasni
Jodhpur,Locality_439,Bhagat Ki Kothi
Jodhpur,Locality_440,Pratap Nagar
Jodhpur,Locality_441,Chopasni Road
Jodhpur,Locality_442,AIIMS Road
Jodhpur,Locality_443,Jhalamand
Jodhpur,Locality_444,Boranada
Jodhpur,Locality_445,Shastri Circle
Jodhpur,Locality_446,Nai Sadak
Jodhpur,Locality_447,Sojati Gate
Jodhpur,Locality_448,Umaid Hospital Road
Jodhpur,Locality_449,Rai Ka Bagh
Jodhpur,Locality_450,Saran Nagar
Jodhpur,Locality_451,Sardarpura
Jodhpur,Locality_452,Ratanada
Jodhpur,Locality_453,Paota
Jodhpur,Locality_454,Shastri Nagar
Jodhpur,Locality_455,Chopasni Housing Board
Jodhpur,Locality_456,Pal Road
Jodhpur,Locality_457,Shikargarh
Jodhpur,Locality_458,Basni
Jodhpur,Locality_459,Jalori Gate
Jodhpur,Locality_460,Residency Road
Jodhpur,Locality_461,Sangariya
Jodhpur,Locality_462,Mandore
Jodhpur,Locality_463,Kudi Bhagtasni
Jodhpur,Locality_464,Bhagat Ki Kothi
Jodhpur,Locality_465,Pratap Nagar
Jodhpur,Locality_466,Chopasni Road
Jodhpur,Locality_467,AIIMS Road
Jodhpur,Locality_468,Jhalamand
Jodhpur,Locality_469,Boranada
Jodhpur,Locality_470,Shastri Circle
Jodhpur,Locality_471,Nai Sadak
Jodhpur,Locality_472,Sojati Gate
Jodhpur,Locality_473,Umaid Hospital Road
Jodhpur,Locality_474,Rai Ka Bagh
Jodhpur,Locality_475,Saran Nagar
Jodhpur,Locality_476,Sardarpura
Jodhpur,Locality_477,Ratanada
Jodhpur,Locality_478,Paota
Jodhpur,Locality_479,Shastri Nagar
Jodhpur,Locality_480,Chopasni Housing Board
Jodhpur,Locality_481,Pal Road
Jodhpur,Locality_482,Shikargarh
Jodhpur,Locality_483,Basni
Jodhpur,Locality_484,Jalori Gate
Jodhpur,Locality_485,Residency Road
Jodhpur,Locality_486,Sangariya
Jodhpur,Locality_487,Mandore
Jodhpur,Locality_488,Kudi Bhagtasni
Jodhpur,Locality_489,Bhagat Ki Kothi
Jodhpur,Locality_490,Pratap Nagar
Jodhpur,Locality_491,Chopasni Road
Jodhpur,Locality_492,AIIMS Road
Jodhpur,Locality_493,Jhalamand
Jodhpur,Locality_494,Boranada
Jodhpur,Locality_495,Shastri Circle
Jodhpur,Locality_496,Nai Sadak
Jodhpur,Locality_497,Sojati Gate
Jodhpur,Locality_498,Umaid Hospital Road
Jodhpur,Locality_499,Rai Ka Bagh
Jodhpur,Locality_500,Saran Nagar
Kochi,Locality_1,Kakkanad
Kochi,Locality_2,Edappally
Kochi,Locality_3,Vyttila
Kochi,Locality_4,Kaloor
Kochi,Locality_5,Palarivattom
Kochi,Locality_6,Panampilly Nagar
Kochi,Locality_7,Kadavanthra
Kochi,Locality_8,Fort Kochi
Kochi,Locality_9,Mattancherry
Kochi,Locality_10,Marine Drive
Kochi,Locality_11,Aluva
Kochi,Locality_12,Tripunithura
Kochi,Locality_13,Thrippunithura
Kochi,Locality_14,Pachalam
Kochi,Locality_15,Elamakkara
Kochi,Locality_16,Thevara
Kochi,Locality_17,Willingdon Island
Kochi,Locality_18,Cheranalloor
Kochi,Locality_19,Kundannoor
Kochi,Locality_20,Maradu
Kochi,Locality_21,Thykoodam
Kochi,Locality_22,Kumbalam
Kochi,Locality_23,Kalamassery
Kochi,Locality_24,HMT Colony
Kochi,Locality_25,Kakkanad
Kochi,Locality_26,Edappally
Kochi,Locality_27,Vyttila
Kochi,Locality_28,Kaloor
Kochi,Locality_29,Palarivattom
Kochi,Locality_30,Panampilly Nagar
Kochi,Locality_31,Kadavanthra
Kochi,Locality_32,Fort Kochi
Kochi,Locality_33,Mattancherry
Kochi,Locality_34,Marine Drive
Kochi,Locality_35,Aluva
Kochi,Locality_36,Tripunithura
Kochi,Locality_37,Thrippunithura
Kochi,Locality_38,Pachalam
Kochi,Locality_39,Elamakkara
Kochi,Locality_40,Thevara
Kochi,Locality_41,Willingdon Island
Kochi,Locality_42,Cheranalloor
Kochi,Locality_43,Kundannoor
Kochi,Locality_44,Maradu
Kochi,Locality_45,Thykoodam
Kochi,Locality_46,Kumbalam
Kochi,Locality_47,Kalamassery
Kochi,Locality_48,HMT Colony
Kochi,Locality_49,Kakkanad
Kochi,Locality_50,Edappally
Kochi,Locality_51,Vyttila
Kochi,Locality_52,Kaloor
Kochi,Locality_53,Palarivattom
Kochi,Locality_54,Panampilly Nagar
Kochi,Locality_55,Kadavanthra
Kochi,Locality_56,Fort Kochi
Kochi,Locality_57,Mattancherry
Kochi,Locality_58,Marine Drive
Kochi,Locality_59,Aluva
Kochi,Locality_60,Tripunithura
Kochi,Locality_61,Thrippunithura
Kochi,Locality_62,Pachalam
Kochi,Locality_63,Elamakkara
Kochi,Locality_64,Thevara
Kochi,Locality_65,Willingdon Island
Kochi,Locality_66,Cheranalloor
Kochi,Locality_67,Kundannoor
Kochi,Locality_68,Maradu
Kochi,Locality_69,Thykoodam
Kochi,Locality_70,Kumbalam
Kochi,Locality_71,Kalamassery
Kochi,Locality_72,HMT Colony
Kochi,Locality_73,Kakkanad
Kochi,Locality_74,Edappally
Kochi,Locality_75,Vyttila
Kochi,Locality_76,Kaloor
Kochi,Locality_77,Palarivattom
Kochi,Locality_78,Panampilly Nagar
Kochi,Locality_79,Kadavanthra
Kochi,Locality_80,Fort Kochi
Kochi,Locality_81,Mattancherry
Kochi,Locality_82,Marine Drive
Kochi,Locality_83,Aluva
Kochi,Locality_84,Tripunithura
Kochi,Locality_85,Thrippunithura
Kochi,Locality_86,Pachalam
Kochi,Locality_87,Elamakkara
Kochi,Locality_88,Thevara
Kochi,Locality_89,Willingdon Island
Kochi,Locality_90,Cheranalloor
Kochi,Locality_91,Kundannoor
Kochi,Locality_92,Maradu
Kochi,Locality_93,Thykoodam
Kochi,Locality_94,Kumbalam
Kochi,Locality_95,Kalamassery
Kochi,Locality_96,HMT Colony
Kochi,Locality_97,Kakkanad
Kochi,Locality_98,Edappally
Kochi,Locality_99,Vyttila
Kochi,Locality_100,Kaloor
Kochi,Locality_101,Palarivattom
Kochi,Locality_102,Panampilly Nagar
Kochi,Locality_103,Kadavanthra
Kochi,Locality_104,Fort Kochi
Kochi,Locality_105,Mattancherry
Kochi,Locality_106,Marine Drive
Kochi,Locality_107,Aluva
Kochi,Locality_108,Tripunithura
Kochi,Locality_109,Thrippunithura
Kochi,Locality_110,Pachalam
Kochi,Locality_111,Elamakkara
Kochi,Locality_112,Thevara
Kochi,Locality_113,Willingdon Island
Kochi,Locality_114,Cheranalloor
Kochi,Locality_115,Kundannoor
Kochi,Locality_116,Maradu
Kochi,Locality_117,Thykoodam
Kochi,Locality_118,Kumbalam
Kochi,Locality_119,Kalamassery
Kochi,Locality_120,HMT Colony
Kochi,Locality_121,Kakkanad
Kochi,Locality_122,Edappally
Kochi,Locality_123,Vyttila
Kochi,Locality_124,Kaloor
Kochi,Locality_125,Palarivattom
Kochi,Locality_126,Panampilly Nagar
Kochi,Locality_127,Kadavanthra
Kochi,Locality_128,Fort Kochi
Kochi,Locality_129,Mattancherry
Kochi,Locality_130,Marine Drive
Kochi,Locality_131,Aluva
Kochi,Locality_132,Tripunithura
Kochi,Locality_133,Thrippunithura
Kochi,Locality_134,Pachalam
Kochi,Locality_135,Elamakkara
Kochi,Locality_136,Thevara
Kochi,Locality_137,Willingdon Island
Kochi,Locality_138,Cheranalloor
Kochi,Locality_139,Kundannoor
Kochi,Locality_140,Maradu
Kochi,Locality_141,Thykoodam
Kochi,Locality_142,Kumbalam
Kochi,Locality_143,Kalamassery
Kochi,Locality_144,HMT Colony
Kochi,Locality_145,Kakkanad
Kochi,Locality_146,Edappally
Kochi,Locality_147,Vyttila
Kochi,Locality_148,Kaloor
Kochi,Locality_149,Palarivattom
Kochi,Locality_150,Panampilly Nagar
Kochi,Locality_151,Kadavanthra
Kochi,Locality_152,Fort Kochi
Kochi,Locality_153,Mattancherry
Kochi,Locality_154,Marine Drive
Kochi,Locality_155,Aluva
Kochi,Locality_156,Tripunithura
Kochi,Locality_157,Thrippunithura
Kochi,Locality_158,Pachalam
Kochi,Locality_159,Elamakkara
Kochi,Locality_160,Thevara
Kochi,Locality_161,Willingdon Island
Kochi,Locality_162,Cheranalloor
Kochi,Locality_163,Kundannoor
Kochi,Locality_164,Maradu
Kochi,Locality_165,Thykoodam
Kochi,Locality_166,Kumbalam
Kochi,Locality_167,Kalamassery
Kochi,Locality_168,HMT Colony
Kochi,Locality_169,Kakkanad
Kochi,Locality_170,Edappally
Kochi,Locality_171,Vyttila
Kochi,Locality_172,Kaloor
Kochi,Locality_173,Palarivattom
Kochi,Locality_174,Panampilly Nagar
Kochi,Locality_175,Kadavanthra
Kochi,Locality_176,Fort Kochi
Kochi,Locality_177,Mattancherry
Kochi,Locality_178,Marine Drive
Kochi,Locality_179,Aluva
Kochi,Locality_180,Tripunithura
Kochi,Locality_181,Thrippunithura
Kochi,Locality_182,Pachalam
Kochi,Locality_183,Elamakkara
Kochi,Locality_184,Thevara
Kochi,Locality_185,Willingdon Island
Kochi,Locality_186,Cheranalloor
Kochi,Locality_187,Kundannoor
Kochi,Locality_188,Maradu
Kochi,Locality_189,Thykoodam
Kochi,Locality_190,Kumbalam
Kochi,Locality_191,Kalamassery
Kochi,Locality_192,HMT Colony
Kochi,Locality_193,Kakkanad
Kochi,Locality_194,Edappally
Kochi,Locality_195,Vyttila
Kochi,Locality_196,Kaloor
Kochi,Locality_197,Palarivattom
Kochi,Locality_198,Panampilly Nagar
Kochi,Locality_199,Kadavanthra
Kochi,Locality_200,Fort Kochi
Kochi,Locality_201,Mattancherry
Kochi,Locality_202,Marine Drive
Kochi,Locality_203,Aluva
Kochi,Locality_204,Tripunithura
Kochi,Locality_205,Thrippunithura
Kochi,Locality_206,Pachalam
Kochi,Locality_207,Elamakkara
Kochi,Locality_208,Thevara
Kochi,Locality_209,Willingdon Island
Kochi,Locality_210,Cheranalloor
Kochi,Locality_211,Kundannoor
Kochi,Locality_212,Maradu
Kochi,Locality_213,Thykoodam
Kochi,Locality_214,Kumbalam
Kochi,Locality_215,Kalamassery
Kochi,Locality_216,HMT Colony
Kochi,Locality_217,Kakkanad
Kochi,Locality_218,Edappally
Kochi,Locality_219,Vyttila
Kochi,Locality_220,Kaloor
Kochi,Locality_221,Palarivattom
Kochi,Locality_222,Panampilly Nagar
Kochi,Locality_223,Kadavanthra
Kochi,Locality_224,Fort Kochi
Kochi,Locality_225,Mattancherry
Kochi,Locality_226,Marine Drive
Kochi,Locality_227,Aluva
Kochi,Locality_228,Tripunithura
Kochi,Locality_229,Thrippunithura
Kochi,Locality_230,Pachalam
Kochi,Locality_231,Elamakkara
Kochi,Locality_232,Thevara
Kochi,Locality_233,Willingdon Island
Kochi,Locality_234,Cheranalloor
Kochi,Locality_235,Kundannoor
Kochi,Locality_236,Maradu
Kochi,Locality_237,Thykoodam
Kochi,Locality_238,Kumbalam
Kochi,Locality_239,Kalamassery
Kochi,Locality_240,HMT Colony
Kochi,Locality_241,Kakkanad
Kochi,Locality_242,Edappally
Kochi,Locality_243,Vyttila
Kochi,Locality_244,Kaloor
Kochi,Locality_245,Palarivattom
Kochi,Locality_246,Panampilly Nagar
Kochi,Locality_247,Kadavanthra
Kochi,Locality_248,Fort Kochi
Kochi,Locality_249,Mattancherry
Kochi,Locality_250,Marine Drive
Kochi,Locality_251,Aluva
Kochi,Locality_252,Tripunithura
Kochi,Locality_253,Thrippunithura
Kochi,Locality_254,Pachalam
Kochi,Locality_255,Elamakkara
Kochi,Locality_256,Thevara
Kochi,Locality_257,Willingdon Island
Kochi,Locality_258,Cheranalloor
Kochi,Locality_259,Kundannoor
Kochi,Locality_260,Maradu
Kochi,Locality_261,Thykoodam
Kochi,Locality_262,Kumbalam
Kochi,Locality_263,Kalamassery
Kochi,Locality_264,HMT Colony
Kochi,Locality_265,Kakkanad
Kochi,Locality_266,Edappally
Kochi,Locality_267,Vyttila
Kochi,Locality_268,Kaloor
Kochi,Locality_269,Palarivattom
Kochi,Locality_270,Panampilly Nagar
Kochi,Locality_271,Kadavanthra
Kochi,Locality_272,Fort Kochi
Kochi,Locality_273,Mattancherry
Kochi,Locality_274,Marine Drive
Kochi,Locality_275,Aluva
Kochi,Locality_276,Tripunithura
Kochi,Locality_277,Thrippunithura
Kochi,Locality_278,Pachalam
Kochi,Locality_279,Elamakkara
Kochi,Locality_280,Thevara
Kochi,Locality_281,Willingdon Island
Kochi,Locality_282,Cheranalloor
Kochi,Locality_283,Kundannoor
Kochi,Locality_284,Maradu
Kochi,Locality_285,Thykoodam
Kochi,Locality_286,Kumbalam
Kochi,Locality_287,Kalamassery
Kochi,Locality_288,HMT Colony
Kochi,Locality_289,Kakkanad
Kochi,Locality_290,Edappally
Kochi,Locality_291,Vyttila
Kochi,Locality_292,Kaloor
Kochi,Locality_293,Palarivattom
Kochi,Locality_294,Panampilly Nagar
Kochi,Locality_295,Kadavanthra
Kochi,Locality_296,Fort Kochi
Kochi,Locality_297,Mattancherry
Kochi,Locality_298,Marine Drive
Kochi,Locality_299,Aluva
Kochi,Locality_300,Tripunithura
Kochi,Locality_301,Thrippunithura
Kochi,Locality_302,Pachalam
Kochi,Locality_303,Elamakkara
Kochi,Locality_304,Thevara
Kochi,Locality_305,Willingdon Island
Kochi,Locality_306,Cheranalloor
Kochi,Locality_307,Kundannoor
Kochi,Locality_308,Maradu
Kochi,Locality_309,Thykoodam
Kochi,Locality_310,Kumbalam
Kochi,Locality_311,Kalamassery
Kochi,Locality_312,HMT Colony
Kochi,Locality_313,Kakkanad
Kochi,Locality_314,Edappally
Kochi,Locality_315,Vyttila
Kochi,Locality_316,Kaloor
Kochi,Locality_317,Palarivattom
Kochi,Locality_318,Panampilly Nagar
Kochi,Locality_319,Kadavanthra
Kochi,Locality_320,Fort Kochi
Kochi,Locality_321,Mattancherry
Kochi,Locality_322,Marine Drive
Kochi,Locality_323,Aluva
Kochi,Locality_324,Tripunithura
Kochi,Locality_325,Thrippunithura
Kochi,Locality_326,Pachalam
Kochi,Locality_327,Elamakkara
Kochi,Locality_328,Thevara
Kochi,Locality_329,Willingdon Island
Kochi,Locality_330,Cheranalloor
Kochi,Locality_331,Kundannoor
Kochi,Locality_332,Maradu
Kochi,Locality_333,Thykoodam
Kochi,Locality_334,Kumbalam
Kochi,Locality_335,Kalamassery
Kochi,Locality_336,HMT Colony
Kochi,Locality_337,Kakkanad
Kochi,Locality_338,Edappally
Kochi,Locality_339,Vyttila
Kochi,Locality_340,Kaloor
Kochi,Locality_341,Palarivattom
Kochi,Locality_342,Panampilly Nagar
Kochi,Locality_343,Kadavanthra
Kochi,Locality_344,Fort Kochi
Kochi,Locality_345,Mattancherry
Kochi,Locality_346,Marine Drive
Kochi,Locality_347,Aluva
Kochi,Locality_348,Tripunithura
Kochi,Locality_349,Thrippunithura
Kochi,Locality_350,Pachalam
Kochi,Locality_351,Elamakkara
Kochi,Locality_352,Thevara
Kochi,Locality_353,Willingdon Island
Kochi,Locality_354,Cheranalloor
Kochi,Locality_355,Kundannoor
Kochi,Locality_356,Maradu
Kochi,Locality_357,Thykoodam
Kochi,Locality_358,Kumbalam
Kochi,Locality_359,Kalamassery
Kochi,Locality_360,HMT Colony
Kochi,Locality_361,Kakkanad
Kochi,Locality_362,Edappally
Kochi,Locality_363,Vyttila
Kochi,Locality_364,Kaloor
Kochi,Locality_365,Palarivattom
Kochi,Locality_366,Panampilly Nagar
Kochi,Locality_367,Kadavanthra
Kochi,Locality_368,Fort Kochi
Kochi,Locality_369,Mattancherry
Kochi,Locality_370,Marine Drive
Kochi,Locality_371,Aluva
Kochi,Locality_372,Tripunithura
Kochi,Locality_373,Thrippunithura
Kochi,Locality_374,Pachalam
Kochi,Locality_375,Elamakkara
Kochi,Locality_376,Thevara
Kochi,Locality_377,Willingdon Island
Kochi,Locality_378,Cheranalloor
Kochi,Locality_379,Kundannoor
Kochi,Locality_380,Maradu
Kochi,Locality_381,Thykoodam
Kochi,Locality_382,Kumbalam
Kochi,Locality_383,Kalamassery
Kochi,Locality_384,HMT Colony
Kochi,Locality_385,Kakkanad
Kochi,Locality_386,Edappally
Kochi,Locality_387,Vyttila
Kochi,Locality_388,Kaloor
Kochi,Locality_389,Palarivattom
Kochi,Locality_390,Panampilly Nagar
Kochi,Locality_391,Kadavanthra
Kochi,Locality_392,Fort Kochi
Kochi,Locality_393,Mattancherry
Kochi,Locality_394,Marine Drive
Kochi,Locality_395,Aluva
Kochi,Locality_396,Tripunithura
Kochi,Locality_397,Thrippunithura
Kochi,Locality_398,Pachalam
Kochi,Locality_399,Elamakkara
Kochi,Locality_400,Thevara
Kochi,Locality_401,Willingdon Island
Kochi,Locality_402,Cheranalloor
Kochi,Locality_403,Kundannoor
Kochi,Locality_404,Maradu
Kochi,Locality_405,Thykoodam
Kochi,Locality_406,Kumbalam
Kochi,Locality_407,Kalamassery
Kochi,Locality_408,HMT Colony
Kochi,Locality_409,Kakkanad
Kochi,Locality_410,Edappally
Kochi,Locality_411,Vyttila
Kochi,Locality_412,Kaloor
Kochi,Locality_413,Palarivattom
Kochi,Locality_414,Panampilly Nagar
Kochi,Locality_415,Kadavanthra
Kochi,Locality_416,Fort Kochi
Kochi,Locality_417,Mattancherry
Kochi,Locality_418,Marine Drive
Kochi,Locality_419,Aluva
Kochi,Locality_420,Tripunithura
Kochi,Locality_421,Thrippunithura
Kochi,Locality_422,Pachalam
Kochi,Locality_423,Elamakkara
Kochi,Locality_424,Thevara
Kochi,Locality_425,Willingdon Island
Kochi,Locality_426,Cheranalloor
Kochi,Locality_427,Kundannoor
Kochi,Locality_428,Maradu
Kochi,Locality_429,Thykoodam
Kochi,Locality_430,Kumbalam
Kochi,Locality_431,Kalamassery
Kochi,Locality_432,HMT Colony
Kochi,Locality_433,Kakkanad
Kochi,Locality_434,Edappally
Kochi,Locality_435,Vyttila
Kochi,Locality_436,Kaloor
Kochi,Locality_437,Palarivattom
Kochi,Locality_438,Panampilly Nagar
Kochi,Locality_439,Kadavanthra
Kochi,Locality_440,Fort Kochi
Kochi,Locality_441,Mattancherry
Kochi,Locality_442,Marine Drive
Kochi,Locality_443,Aluva
Kochi,Locality_444,Tripunithura
Kochi,Locality_445,Thrippunithura
Kochi,Locality_446,Pachalam
Kochi,Locality_447,Elamakkara
Kochi,Locality_448,Thevara
Kochi,Locality_449,Willingdon Island
Kochi,Locality_450,Cheranalloor
Kochi,Locality_451,Kundannoor
Kochi,Locality_452,Maradu
Kochi,Locality_453,Thykoodam
Kochi,Locality_454,Kumbalam
Kochi,Locality_455,Kalamassery
Kochi,Locality_456,HMT Colony
Kochi,Locality_457,Kakkanad
Kochi,Locality_458,Edappally
Kochi,Locality_459,Vyttila
Kochi,Locality_460,Kaloor
Kochi,Locality_461,Palarivattom
Kochi,Locality_462,Panampilly Nagar
Kochi,Locality_463,Kadavanthra
Kochi,Locality_464,Fort Kochi
Kochi,Locality_465,Mattancherry
Kochi,Locality_466,Marine Drive
Kochi,Locality_467,Aluva
Kochi,Locality_468,Tripunithura
Kochi,Locality_469,Thrippunithura
Kochi,Locality_470,Pachalam
Kochi,Locality_471,Elamakkara
Kochi,Locality_472,Thevara
Kochi,Locality_473,Willingdon Island
Kochi,Locality_474,Cheranalloor
Kochi,Locality_475,Kundannoor
Kochi,Locality_476,Maradu
Kochi,Locality_477,Thykoodam
Kochi,Locality_478,Kumbalam
Kochi,Locality_479,Kalamassery
Kochi,Locality_480,HMT Colony
Kochi,Locality_481,Kakkanad
Kochi,Locality_482,Edappally
Kochi,Locality_483,Vyttila
Kochi,Locality_484,Kaloor
Kochi,Locality_485,Palarivattom
Kochi,Locality_486,Panampilly Nagar
Kochi,Locality_487,Kadavanthra
Kochi,Locality_488,Fort Kochi
Kochi,Locality_489,Mattancherry
Kochi,Locality_490,Marine Drive
Kochi,Locality_491,Aluva
Kochi,Locality_492,Tripunithura
Kochi,Locality_493,Thrippunithura
Kochi,Locality_494,Pachalam
Kochi,Locality_495,Elamakkara
Kochi,Locality_496,Thevara
Kochi,Locality_497,Willingdon Island
Kochi,Locality_498,Cheranalloor
Kochi,Locality_499,Kundannoor
Kochi,Locality_500,Maradu
Kolkata,Locality_1,Salt Lake
Kolkata,Locality_2,New Town
Kolkata,Locality_3,Alipore
Kolkata,Locality_4,Ballygunge
Kolkata,Locality_5,Park Street
Kolkata,Locality_6,Tollygunge
Kolkata,Locality_7,Garia
Kolkata,Locality_8,Jadavpur
Kolkata,Locality_9,Behala
Kolkata,Locality_10,Dum Dum
Kolkata,Locality_11,Lake Town
Kolkata,Locality_12,Rajarhat
Kolkata,Locality_13,Kasba
Kolkata,Locality_14,Mukundapur
Kolkata,Locality_15,EM Bypass
Kolkata,Locality_16,Howrah
Kolkata,Locality_17,Shyambazar
Kolkata,Locality_18,Maniktala
Kolkata,Locality_19,Baguiati
Kolkata,Locality_20,Kestopur
Kolkata,Locality_21,Ultadanga
Kolkata,Locality_22,Bhowanipore
Kolkata,Locality_23,Dhakuria
Kolkata,Locality_24,New Alipore
Kolkata,Locality_25,Barasat
Kolkata,Locality_26,Salt Lake
Kolkata,Locality_27,New Town
Kolkata,Locality_28,Alipore
Kolkata,Locality_29,Ballygunge
Kolkata,Locality_30,Park Street
Kolkata,Locality_31,Tollygunge
Kolkata,Locality_32,Garia
Kolkata,Locality_33,Jadavpur
Kolkata,Locality_34,Behala
Kolkata,Locality_35,Dum Dum
Kolkata,Locality_36,Lake Town
Kolkata,Locality_37,Rajarhat
Kolkata,Locality_38,Kasba
Kolkata,Locality_39,Mukundapur
Kolkata,Locality_40,EM Bypass
Kolkata,Locality_41,Howrah
Kolkata,Locality_42,Shyambazar
Kolkata,Locality_43,Maniktala
Kolkata,Locality_44,Baguiati
Kolkata,Locality_45,Kestopur
Kolkata,Locality_46,Ultadanga
Kolkata,Locality_47,Bhowanipore
Kolkata,Locality_48,Dhakuria
Kolkata,Locality_49,New Alipore
Kolkata,Locality_50,Barasat
Kolkata,Locality_51,Salt Lake
Kolkata,Locality_52,New Town
Kolkata,Locality_53,Alipore
Kolkata,Locality_54,Ballygunge
Kolkata,Locality_55,Park Street
Kolkata,Locality_56,Tollygunge
Kolkata,Locality_57,Garia
Kolkata,Locality_58,Jadavpur
Kolkata,Locality_59,Behala
Kolkata,Locality_60,Dum Dum
Kolkata,Locality_61,Lake Town
Kolkata,Locality_62,Rajarhat
Kolkata,Locality_63,Kasba
Kolkata,Locality_64,Mukundapur
Kolkata,Locality_65,EM Bypass
Kolkata,Locality_66,Howrah
Kolkata,Locality_67,Shyambazar
Kolkata,Locality_68,Maniktala
Kolkata,Locality_69,Baguiati
Kolkata,Locality_70,Kestopur
Kolkata,Locality_71,Ultadanga
Kolkata,Locality_72,Bhowanipore
Kolkata,Locality_73,Dhakuria
Kolkata,Locality_74,New Alipore
Kolkata,Locality_75,Barasat
Kolkata,Locality_76,Salt Lake
Kolkata,Locality_77,New Town
Kolkata,Locality_78,Alipore
Kolkata,Locality_79,Ballygunge
Kolkata,Locality_80,Park Street
Kolkata,Locality_81,Tollygunge
Kolkata,Locality_82,Garia
Kolkata,Locality_83,Jadavpur
Kolkata,Locality_84,Behala
Kolkata,Locality_85,Dum Dum
Kolkata,Locality_86,Lake Town
Kolkata,Locality_87,Rajarhat
Kolkata,Locality_88,Kasba
Kolkata,Locality_89,Mukundapur
Kolkata,Locality_90,EM Bypass
Kolkata,Locality_91,Howrah
Kolkata,Locality_92,Shyambazar
Kolkata,Locality_93,Maniktala
Kolkata,Locality_94,Baguiati
Kolkata,Locality_95,Kestopur
Kolkata,Locality_96,Ultadanga
Kolkata,Locality_97,Bhowanipore
Kolkata,Locality_98,Dhakuria
Kolkata,Locality_99,New Alipore
Kolkata,Locality_100,Barasat
Kolkata,Locality_101,Salt Lake
Kolkata,Locality_102,New Town
Kolkata,Locality_103,Alipore
Kolkata,Locality_104,Ballygunge
Kolkata,Locality_105,Park Street
Kolkata,Locality_106,Tollygunge
Kolkata,Locality_107,Garia
Kolkata,Locality_108,Jadavpur
Kolkata,Locality_109,Behala
Kolkata,Locality_110,Dum Dum
Kolkata,Locality_111,Lake Town
Kolkata,Locality_112,Rajarhat
Kolkata,Locality_113,Kasba
Kolkata,Locality_114,Mukundapur
Kolkata,Locality_115,EM Bypass
Kolkata,Locality_116,Howrah
Kolkata,Locality_117,Shyambazar
Kolkata,Locality_118,Maniktala
Kolkata,Locality_119,Baguiati
Kolkata,Locality_120,Kestopur
Kolkata,Locality_121,Ultadanga
Kolkata,Locality_122,Bhowanipore
Kolkata,Locality_123,Dhakuria
Kolkata,Locality_124,New Alipore
Kolkata,Locality_125,Barasat
Kolkata,Locality_126,Salt Lake
Kolkata,Locality_127,New Town
Kolkata,Locality_128,Alipore
Kolkata,Locality_129,Ballygunge
Kolkata,Locality_130,Park Street
Kolkata,Locality_131,Tollygunge
Kolkata,Locality_132,Garia
Kolkata,Locality_133,Jadavpur
Kolkata,Locality_134,Behala
Kolkata,Locality_135,Dum Dum
Kolkata,Locality_136,Lake Town
Kolkata,Locality_137,Rajarhat
Kolkata,Locality_138,Kasba
Kolkata,Locality_139,Mukundapur
Kolkata,Locality_140,EM Bypass
Kolkata,Locality_141,Howrah
Kolkata,Locality_142,Shyambazar
Kolkata,Locality_143,Maniktala
Kolkata,Locality_144,Baguiati
Kolkata,Locality_145,Kestopur
Kolkata,Locality_146,Ultadanga
Kolkata,Locality_147,Bhowanipore
Kolkata,Locality_148,Dhakuria
Kolkata,Locality_149,New Alipore
Kolkata,Locality_150,Barasat
Kolkata,Locality_151,Salt Lake
Kolkata,Locality_152,New Town
Kolkata,Locality_153,Alipore
Kolkata,Locality_154,Ballygunge
Kolkata,Locality_155,Park Street
Kolkata,Locality_156,Tollygunge
Kolkata,Locality_157,Garia
Kolkata,Locality_158,Jadavpur
Kolkata,Locality_159,Behala
Kolkata,Locality_160,Dum Dum
Kolkata,Locality_161,Lake Town
Kolkata,Locality_162,Rajarhat
Kolkata,Locality_163,Kasba
Kolkata,Locality_164,Mukundapur
Kolkata,Locality_165,EM Bypass
Kolkata,Locality_166,Howrah
Kolkata,Locality_167,Shyambazar
Kolkata,Locality_168,Maniktala
Kolkata,Locality_169,Baguiati
Kolkata,Locality_170,Kestopur
Kolkata,Locality_171,Ultadanga
Kolkata,Locality_172,Bhowanipore
Kolkata,Locality_173,Dhakuria
Kolkata,Locality_174,New Alipore
Kolkata,Locality_175,Barasat
Kolkata,Locality_176,Salt Lake
Kolkata,Locality_177,New Town
Kolkata,Locality_178,Alipore
Kolkata,Locality_179,Ballygunge
Kolkata,Locality_180,Park Street
Kolkata,Locality_181,Tollygunge
Kolkata,Locality_182,Garia
Kolkata,Locality_183,Jadavpur
Kolkata,Locality_184,Behala
Kolkata,Locality_185,Dum Dum
Kolkata,Locality_186,Lake Town
Kolkata,Locality_187,Rajarhat
Kolkata,Locality_188,Kasba
Kolkata,Locality_189,Mukundapur
Kolkata,Locality_190,EM Bypass
Kolkata,Locality_191,Howrah
Kolkata,Locality_192,Shyambazar
Kolkata,Locality_193,Maniktala
Kolkata,Locality_194,Baguiati
Kolkata,Locality_195,Kestopur
Kolkata,Locality_196,Ultadanga
Kolkata,Locality_197,Bhowanipore
Kolkata,Locality_198,Dhakuria
Kolkata,Locality_199,New Alipore
Kolkata,Locality_200,Barasat
Kolkata,Locality_201,Salt Lake
Kolkata,Locality_202,New Town
Kolkata,Locality_203,Alipore
Kolkata,Locality_204,Ballygunge
Kolkata,Locality_205,Park Street
Kolkata,Locality_206,Tollygunge
Kolkata,Locality_207,Garia
Kolkata,Locality_208,Jadavpur
Kolkata,Locality_209,Behala
Kolkata,Locality_210,Dum Dum
Kolkata,Locality_211,Lake Town
Kolkata,Locality_212,Rajarhat
Kolkata,Locality_213,Kasba
Kolkata,Locality_214,Mukundapur
Kolkata,Locality_215,EM Bypass
Kolkata,Locality_216,Howrah
Kolkata,Locality_217,Shyambazar
Kolkata,Locality_218,Maniktala
Kolkata,Locality_219,Baguiati
Kolkata,Locality_220,Kestopur
Kolkata,Locality_221,Ultadanga
Kolkata,Locality_222,Bhowanipore
Kolkata,Locality_223,Dhakuria
Kolkata,Locality_224,New Alipore
Kolkata,Locality_225,Barasat
Kolkata,Locality_226,Salt Lake
Kolkata,Locality_227,New Town
Kolkata,Locality_228,Alipore
Kolkata,Locality_229,Ballygunge
Kolkata,Locality_230,Park Street
Kolkata,Locality_231,Tollygunge
Kolkata,Locality_232,Garia
Kolkata,Locality_233,Jadavpur
Kolkata,Locality_234,Behala
Kolkata,Locality_235,Dum Dum
Kolkata,Locality_236,Lake Town
Kolkata,Locality_237,Rajarhat
Kolkata,Locality_238,Kasba
Kolkata,Locality_239,Mukundapur
Kolkata,Locality_240,EM Bypass
Kolkata,Locality_241,Howrah
Kolkata,Locality_242,Shyambazar
Kolkata,Locality_243,Maniktala
Kolkata,Locality_244,Baguiati
Kolkata,Locality_245,Kestopur
Kolkata,Locality_246,Ultadanga
Kolkata,Locality_247,Bhowanipore
Kolkata,Locality_248,Dhakuria
Kolkata,Locality_249,New Alipore
Kolkata,Locality_250,Barasat
Kolkata,Locality_251,Salt Lake
Kolkata,Locality_252,New Town
Kolkata,Locality_253,Alipore
Kolkata,Locality_254,Ballygunge
Kolkata,Locality_255,Park Street
Kolkata,Locality_256,Tollygunge
Kolkata,Locality_257,Garia
Kolkata,Locality_258,Jadavpur
Kolkata,Locality_259,Behala
Kolkata,Locality_260,Dum Dum
Kolkata,Locality_261,Lake Town
Kolkata,Locality_262,Rajarhat
Kolkata,Locality_263,Kasba
Kolkata,Locality_264,Mukundapur
Kolkata,Locality_265,EM Bypass
Kolkata,Locality_266,Howrah
Kolkata,Locality_267,Shyambazar
Kolkata,Locality_268,Maniktala
Kolkata,Locality_269,Baguiati
Kolkata,Locality_270,Kestopur
Kolkata,Locality_271,Ultadanga
Kolkata,Locality_272,Bhowanipore
Kolkata,Locality_273,Dhakuria
Kolkata,Locality_274,New Alipore
Kolkata,Locality_275,Barasat
Kolkata,Locality_276,Salt Lake
Kolkata,Locality_277,New Town
Kolkata,Locality_278,Alipore
Kolkata,Locality_279,Ballygunge
Kolkata,Locality_280,Park Street
Kolkata,Locality_281,Tollygunge
Kolkata,Locality_282,Garia
Kolkata,Locality_283,Jadavpur
Kolkata,Locality_284,Behala
Kolkata,Locality_285,Dum Dum
Kolkata,Locality_286,Lake Town
Kolkata,Locality_287,Rajarhat
Kolkata,Locality_288,Kasba
Kolkata,Locality_289,Mukundapur
Kolkata,Locality_290,EM Bypass
Kolkata,Locality_291,Howrah
Kolkata,Locality_292,Shyambazar
Kolkata,Locality_293,Maniktala
Kolkata,Locality_294,Baguiati
Kolkata,Locality_295,Kestopur
Kolkata,Locality_296,Ultadanga
Kolkata,Locality_297,Bhowanipore
Kolkata,Locality_298,Dhakuria
Kolkata,Locality_299,New Alipore
Kolkata,Locality_300,Barasat
Kolkata,Locality_301,Salt Lake
Kolkata,Locality_302,New Town
Kolkata,Locality_303,Alipore
Kolkata,Locality_304,Ballygunge
Kolkata,Locality_305,Park Street
Kolkata,Locality_306,Tollygunge
Kolkata,Locality_307,Garia
Kolkata,Locality_308,Jadavpur
Kolkata,Locality_309,Behala
Kolkata,Locality_310,Dum Dum
Kolkata,Locality_311,Lake Town
Kolkata,Locality_312,Rajarhat
Kolkata,Locality_313,Kasba
Kolkata,Locality_314,Mukundapur
Kolkata,Locality_315,EM Bypass
Kolkata,Locality_316,Howrah
Kolkata,Locality_317,Shyambazar
Kolkata,Locality_318,Maniktala
Kolkata,Locality_319,Baguiati
Kolkata,Locality_320,Kestopur
Kolkata,Locality_321,Ultadanga
Kolkata,Locality_322,Bhowanipore
Kolkata,Locality_323,Dhakuria
Kolkata,Locality_324,New Alipore
Kolkata,Locality_325,Barasat
Kolkata,Locality_326,Salt Lake
Kolkata,Locality_327,New Town
Kolkata,Locality_328,Alipore
Kolkata,Locality_329,Ballygunge
Kolkata,Locality_330,Park Street
Kolkata,Locality_331,Tollygunge
Kolkata,Locality_332,Garia
Kolkata,Locality_333,Jadavpur
Kolkata,Locality_334,Behala
Kolkata,Locality_335,Dum Dum
Kolkata,Locality_336,Lake Town
Kolkata,Locality_337,Rajarhat
Kolkata,Locality_338,Kasba
Kolkata,Locality_339,Mukundapur
Kolkata,Locality_340,EM Bypass
Kolkata,Locality_341,Howrah
Kolkata,Locality_342,Shyambazar
Kolkata,Locality_343,Maniktala
Kolkata,Locality_344,Baguiati
Kolkata,Locality_345,Kestopur
Kolkata,Locality_346,Ultadanga
Kolkata,Locality_347,Bhowanipore
Kolkata,Locality_348,Dhakuria
Kolkata,Locality_349,New Alipore
Kolkata,Locality_350,Barasat
Kolkata,Locality_351,Salt Lake
Kolkata,Locality_352,New Town
Kolkata,Locality_353,Alipore
Kolkata,Locality_354,Ballygunge
Kolkata,Locality_355,Park Street
Kolkata,Locality_356,Tollygunge
Kolkata,Locality_357,Garia
Kolkata,Locality_358,Jadavpur
Kolkata,Locality_359,Behala
Kolkata,Locality_360,Dum Dum
Kolkata,Locality_361,Lake Town
Kolkata,Locality_362,Rajarhat
Kolkata,Locality_363,Kasba
Kolkata,Locality_364,Mukundapur
Kolkata,Locality_365,EM Bypass
Kolkata,Locality_366,Howrah
Kolkata,Locality_367,Shyambazar
Kolkata,Locality_368,Maniktala
Kolkata,Locality_369,Baguiati
Kolkata,Locality_370,Kestopur
Kolkata,Locality_371,Ultadanga
Kolkata,Locality_372,Bhowanipore
Kolkata,Locality_373,Dhakuria
Kolkata,Locality_374,New Alipore
Kolkata,Locality_375,Barasat
Kolkata,Locality_376,Salt Lake
Kolkata,Locality_377,New Town
Kolkata,Locality_378,Alipore
Kolkata,Locality_379,Ballygunge
Kolkata,Locality_380,Park Street
Kolkata,Locality_381,Tollygunge
Kolkata,Locality_382,Garia
Kolkata,Locality_383,Jadavpur
Kolkata,Locality_384,Behala
Kolkata,Locality_385,Dum Dum
Kolkata,Locality_386,Lake Town
Kolkata,Locality_387,Rajarhat
Kolkata,Locality_388,Kasba
Kolkata,Locality_389,Mukundapur
Kolkata,Locality_390,EM Bypass
Kolkata,Locality_391,Howrah
Kolkata,Locality_392,Shyambazar
Kolkata,Locality_393,Maniktala
Kolkata,Locality_394,Baguiati
Kolkata,Locality_395,Kestopur
Kolkata,Locality_396,Ultadanga
Kolkata,Locality_397,Bhowanipore
Kolkata,Locality_398,Dhakuria
Kolkata,Locality_399,New Alipore
Kolkata,Locality_400,Barasat
Kolkata,Locality_401,Salt Lake
Kolkata,Locality_402,New Town
Kolkata,Locality_403,Alipore
Kolkata,Locality_404,Ballygunge
Kolkata,Locality_405,Park Street
Kolkata,Locality_406,Tollygunge
Kolkata,Locality_407,Garia
Kolkata,Locality_408,Jadavpur
Kolkata,Locality_409,Behala
Kolkata,Locality_410,Dum Dum
Kolkata,Locality_411,Lake Town
Kolkata,Locality_412,Rajarhat
Kolkata,Locality_413,Kasba
Kolkata,Locality_414,Mukundapur
Kolkata,Locality_415,EM Bypass
Kolkata,Locality_416,Howrah
Kolkata,Locality_417,Shyambazar
Kolkata,Locality_418,Maniktala
Kolkata,Locality_419,Baguiati
Kolkata,Locality_420,Kestopur
Kolkata,Locality_421,Ultadanga
Kolkata,Locality_422,Bhowanipore
Kolkata,Locality_423,Dhakuria
Kolkata,Locality_424,New Alipore
Kolkata,Locality_425,Barasat
Kolkata,Locality_426,Salt Lake
Kolkata,Locality_427,New Town
Kolkata,Locality_428,Alipore
Kolkata,Locality_429,Ballygunge
Kolkata,Locality_430,Park Street
Kolkata,Locality_431,Tollygunge
Kolkata,Locality_432,Garia
Kolkata,Locality_433,Jadavpur
Kolkata,Locality_434,Behala
Kolkata,Locality_435,Dum Dum
Kolkata,Locality_436,Lake Town
Kolkata,Locality_437,Rajarhat
Kolkata,Locality_438,Kasba
Kolkata,Locality_439,Mukundapur
Kolkata,Locality_440,EM Bypass
Kolkata,Locality_441,Howrah
Kolkata,Locality_442,Shyambazar
Kolkata,Locality_443,Maniktala
Kolkata,Locality_444,Baguiati
Kolkata,Locality_445,Kestopur
Kolkata,Locality_446,Ultadanga
Kolkata,Locality_447,Bhowanipore
Kolkata,Locality_448,Dhakuria
Kolkata,Locality_449,New Alipore
Kolkata,Locality_450,Barasat
Kolkata,Locality_451,Salt Lake
Kolkata,Locality_452,New Town
Kolkata,Locality_453,Alipore
Kolkata,Locality_454,Ballygunge
Kolkata,Locality_455,Park Street
Kolkata,Locality_456,Tollygunge
Kolkata,Locality_457,Garia
Kolkata,Locality_458,Jadavpur
Kolkata,Locality_459,Behala
Kolkata,Locality_460,Dum Dum
Kolkata,Locality_461,Lake Town
Kolkata,Locality_462,Rajarhat
Kolkata,Locality_463,Kasba
Kolkata,Locality_464,Mukundapur
Kolkata,Locality_465,EM Bypass
Kolkata,Locality_466,Howrah
Kolkata,Locality_467,Shyambazar
Kolkata,Locality_468,Maniktala
Kolkata,Locality_469,Baguiati
Kolkata,Locality_470,Kestopur
Kolkata,Locality_471,Ultadanga
Kolkata,Locality_472,Bhowanipore
Kolkata,Locality_473,Dhakuria
Kolkata,Locality_474,New Alipore
Kolkata,Locality_475,Barasat
Kolkata,Locality_476,Salt Lake
Kolkata,Locality_477,New Town
Kolkata,Locality_478,Alipore
Kolkata,Locality_479,Ballygunge
Kolkata,Locality_480,Park Street
Kolkata,Locality_481,Tollygunge
Kolkata,Locality_482,Garia
Kolkata,Locality_483,Jadavpur
Kolkata,Locality_484,Behala
Kolkata,Locality_485,Dum Dum
Kolkata,Locality_486,Lake Town
Kolkata,Locality_487,Rajarhat
Kolkata,Locality_488,Kasba
Kolkata,Locality_489,Mukundapur
Kolkata,Locality_490,EM Bypass
Kolkata,Locality_491,Howrah
Kolkata,Locality_492,Shyambazar
Kolkata,Locality_493,Maniktala
Kolkata,Locality_494,Baguiati
Kolkata,Locality_495,Kestopur
Kolkata,Locality_496,Ultadanga
Kolkata,Locality_497,Bhowanipore
Kolkata,Locality_498,Dhakuria
Kolkata,Locality_499,New Alipore
Kolkata,Locality_500,Barasat
Lucknow,Locality_1,Gomti Nagar
Lucknow,Locality_2,Hazratganj
Lucknow,Locality_3,Aliganj
Lucknow,Locality_4,Indira Nagar
Lucknow,Locality_5,Mahanagar
Lucknow,Locality_6,Alambagh
Lucknow,Locality_7,Vikas Nagar
Lucknow,Locality_8,Jankipuram
Lucknow,Locality_9,Faizabad Road
Lucknow,Locality_10,Sushant Golf City
Lucknow,Locality_11,Vrindavan Yojna
Lucknow,Locality_12,Chinhat
Lucknow,Locality_13,Rajajipuram
Lucknow,Locality_14,Aminabad
Lucknow,Locality_15,Kapoorthala
Lucknow,Locality_16,Mahanagar Extension
Lucknow,Locality_17,Ashiyana
Lucknow,Locality_18,Telibagh
Lucknow,Locality_19,Krishna Nagar
Lucknow,Locality_20,Charbagh
Lucknow,Locality_21,Nirala Nagar
Lucknow,Locality_22,Vibhuti Khand
Lucknow,Locality_23,Vineet Khand
Lucknow,Locality_24,Singar Nagar
Lucknow,Locality_25,Kalyanpur
Lucknow,Locality_26,Gomti Nagar
Lucknow,Locality_27,Hazratganj
Lucknow,Locality_28,Aliganj
Lucknow,Locality_29,Indira Nagar
Lucknow,Locality_30,Mahanagar
Lucknow,Locality_31,Alambagh
Lucknow,Locality_32,Vikas Nagar
Lucknow,Locality_33,Jankipuram
Lucknow,Locality_34,Faizabad Road
Lucknow,Locality_35,Sushant Golf City
Lucknow,Locality_36,Vrindavan Yojna
Lucknow,Locality_37,Chinhat
Lucknow,Locality_38,Rajajipuram
Lucknow,Locality_39,Aminabad
Lucknow,Locality_40,Kapoorthala
Lucknow,Locality_41,Mahanagar Extension
Lucknow,Locality_42,Ashiyana
Lucknow,Locality_43,Telibagh
Lucknow,Locality_44,Krishna Nagar
Lucknow,Locality_45,Charbagh
Lucknow,Locality_46,Nirala Nagar
Lucknow,Locality_47,Vibhuti Khand
Lucknow,Locality_48,Vineet Khand
Lucknow,Locality_49,Singar Nagar
Lucknow,Locality_50,Kalyanpur
Lucknow,Locality_51,Gomti Nagar
Lucknow,Locality_52,Hazratganj
Lucknow,Locality_53,Aliganj
Lucknow,Locality_54,Indira Nagar
Lucknow,Locality_55,Mahanagar
Lucknow,Locality_56,Alambagh
Lucknow,Locality_57,Vikas Nagar
Lucknow,Locality_58,Jankipuram
Lucknow,Locality_59,Faizabad Road
Lucknow,Locality_60,Sushant Golf City
Lucknow,Locality_61,Vrindavan Yojna
Lucknow,Locality_62,Chinhat
Lucknow,Locality_63,Rajajipuram
Lucknow,Locality_64,Aminabad
Lucknow,Locality_65,Kapoorthala
Lucknow,Locality_66,Mahanagar Extension
Lucknow,Locality_67,Ashiyana
Lucknow,Locality_68,Telibagh
Lucknow,Locality_69,Krishna Nagar
Lucknow,Locality_70,Charbagh
Lucknow,Locality_71,Nirala Nagar
Lucknow,Locality_72,Vibhuti Khand
Lucknow,Locality_73,Vineet Khand
Lucknow,Locality_74,Singar Nagar
Lucknow,Locality_75,Kalyanpur
Lucknow,Locality_76,Gomti Nagar
Lucknow,Locality_77,Hazratganj
Lucknow,Locality_78,Aliganj
Lucknow,Locality_79,Indira Nagar
Lucknow,Locality_80,Mahanagar
Lucknow,Locality_81,Alambagh
Lucknow,Locality_82,Vikas Nagar
Lucknow,Locality_83,Jankipuram
Lucknow,Locality_84,Faizabad Road
Lucknow,Locality_85,Sushant Golf City
Lucknow,Locality_86,Vrindavan Yojna
Lucknow,Locality_87,Chinhat
Lucknow,Locality_88,Rajajipuram
Lucknow,Locality_89,Aminabad
Lucknow,Locality_90,Kapoorthala
Lucknow,Locality_91,Mahanagar Extension
Lucknow,Locality_92,Ashiyana
Lucknow,Locality_93,Telibagh
Lucknow,Locality_94,Krishna Nagar
Lucknow,Locality_95,Charbagh
Lucknow,Locality_96,Nirala Nagar
Lucknow,Locality_97,Vibhuti Khand
Lucknow,Locality_98,Vineet Khand
Lucknow,Locality_99,Singar Nagar
Lucknow,Locality_100,Kalyanpur
Lucknow,Locality_101,Gomti Nagar
Lucknow,Locality_102,Hazratganj
Lucknow,Locality_103,Aliganj
Lucknow,Locality_104,Indira Nagar
Lucknow,Locality_105,Mahanagar
Lucknow,Locality_106,Alambagh
Lucknow,Locality_107,Vikas Nagar
Lucknow,Locality_108,Jankipuram
Lucknow,Locality_109,Faizabad Road
Lucknow,Locality_110,Sushant Golf City
Lucknow,Locality_111,Vrindavan Yojna
Lucknow,Locality_112,Chinhat
Lucknow,Locality_113,Rajajipuram
Lucknow,Locality_114,Aminabad
Lucknow,Locality_115,Kapoorthala
Lucknow,Locality_116,Mahanagar Extension
Lucknow,Locality_117,Ashiyana
Lucknow,Locality_118,Telibagh
Lucknow,Locality_119,Krishna Nagar
Lucknow,Locality_120,Charbagh
Lucknow,Locality_121,Nirala Nagar
Lucknow,Locality_122,Vibhuti Khand
Lucknow,Locality_123,Vineet Khand
Lucknow,Locality_124,Singar Nagar
Lucknow,Locality_125,Kalyanpur
Lucknow,Locality_126,Gomti Nagar
Lucknow,Locality_127,Hazratganj
Lucknow,Locality_128,Aliganj
Lucknow,Locality_129,Indira Nagar
Lucknow,Locality_130,Mahanagar
Lucknow,Locality_131,Alambagh
Lucknow,Locality_132,Vikas Nagar
Lucknow,Locality_133,Jankipuram
Lucknow,Locality_134,Faizabad Road
Lucknow,Locality_135,Sushant Golf City
Lucknow,Locality_136,Vrindavan Yojna
Lucknow,Locality_137,Chinhat
Lucknow,Locality_138,Rajajipuram
Lucknow,Locality_139,Aminabad
Lucknow,Locality_140,Kapoorthala
Lucknow,Locality_141,Mahanagar Extension
Lucknow,Locality_142,Ashiyana
Lucknow,Locality_143,Telibagh
Lucknow,Locality_144,Krishna Nagar
Lucknow,Locality_145,Charbagh
Lucknow,Locality_146,Nirala Nagar
Lucknow,Locality_147,Vibhuti Khand
Lucknow,Locality_148,Vineet Khand
Lucknow,Locality_149,Singar Nagar
Lucknow,Locality_150,Kalyanpur
Lucknow,Locality_151,Gomti Nagar
Lucknow,Locality_152,Hazratganj
Lucknow,Locality_153,Aliganj
Lucknow,Locality_154,Indira Nagar
Lucknow,Locality_155,Mahanagar
Lucknow,Locality_156,Alambagh
Lucknow,Locality_157,Vikas Nagar
Lucknow,Locality_158,Jankipuram
Lucknow,Locality_159,Faizabad Road
Lucknow,Locality_160,Sushant Golf City
Lucknow,Locality_161,Vrindavan Yojna
Lucknow,Locality_162,Chinhat
Lucknow,Locality_163,Rajajipuram
Lucknow,Locality_164,Aminabad
Lucknow,Locality_165,Kapoorthala
Lucknow,Locality_166,Mahanagar Extension
Lucknow,Locality_167,Ashiyana
Lucknow,Locality_168,Telibagh
Lucknow,Locality_169,Krishna Nagar
Lucknow,Locality_170,Charbagh
Lucknow,Locality_171,Nirala Nagar
Lucknow,Locality_172,Vibhuti Khand
Lucknow,Locality_173,Vineet Khand
Lucknow,Locality_174,Singar Nagar
Lucknow,Locality_175,Kalyanpur
Lucknow,Locality_176,Gomti Nagar
Lucknow,Locality_177,Hazratganj
Lucknow,Locality_178,Aliganj
Lucknow,Locality_179,Indira Nagar
Lucknow,Locality_180,Mahanagar
Lucknow,Locality_181,Alambagh
Lucknow,Locality_182,Vikas Nagar
Lucknow,Locality_183,Jankipuram
Lucknow,Locality_184,Faizabad Road
Lucknow,Locality_185,Sushant Golf City
Lucknow,Locality_186,Vrindavan Yojna
Lucknow,Locality_187,Chinhat
Lucknow,Locality_188,Rajajipuram
Lucknow,Locality_189,Aminabad
Lucknow,Locality_190,Kapoorthala
Lucknow,Locality_191,Mahanagar Extension
Lucknow,Locality_192,Ashiyana
Lucknow,Locality_193,Telibagh
Lucknow,Locality_194,Krishna Nagar
Lucknow,Locality_195,Charbagh
Lucknow,Locality_196,Nirala Nagar
Lucknow,Locality_197,Vibhuti Khand
Lucknow,Locality_198,Vineet Khand
Lucknow,Locality_199,Singar Nagar
Lucknow,Locality_200,Kalyanpur
Lucknow,Locality_201,Gomti Nagar
Lucknow,Locality_202,Hazratganj
Lucknow,Locality_203,Aliganj
Lucknow,Locality_204,Indira Nagar
Lucknow,Locality_205,Mahanagar
Lucknow,Locality_206,Alambagh
Lucknow,Locality_207,Vikas Nagar
Lucknow,Locality_208,Jankipuram
Lucknow,Locality_209,Faizabad Road
Lucknow,Locality_210,Sushant Golf City
Lucknow,Locality_211,Vrindavan Yojna
Lucknow,Locality_212,Chinhat
Lucknow,Locality_213,Rajajipuram
Lucknow,Locality_214,Aminabad
Lucknow,Locality_215,Kapoorthala
Lucknow,Locality_216,Mahanagar Extension
Lucknow,Locality_217,Ashiyana
Lucknow,Locality_218,Telibagh
Lucknow,Locality_219,Krishna Nagar
Lucknow,Locality_220,Charbagh
Lucknow,Locality_221,Nirala Nagar
Lucknow,Locality_222,Vibhuti Khand
Lucknow,Locality_223,Vineet Khand
Lucknow,Locality_224,Singar Nagar
Lucknow,Locality_225,Kalyanpur
Lucknow,Locality_226,Gomti Nagar
Lucknow,Locality_227,Hazratganj
Lucknow,Locality_228,Aliganj
Lucknow,Locality_229,Indira Nagar
Lucknow,Locality_230,Mahanagar
Lucknow,Locality_231,Alambagh
Lucknow,Locality_232,Vikas Nagar
Lucknow,Locality_233,Jankipuram
Lucknow,Locality_234,Faizabad Road
Lucknow,Locality_235,Sushant Golf City
Lucknow,Locality_236,Vrindavan Yojna
Lucknow,Locality_237,Chinhat
Lucknow,Locality_238,Rajajipuram
Lucknow,Locality_239,Aminabad
Lucknow,Locality_240,Kapoorthala
Lucknow,Locality_241,Mahanagar Extension
Lucknow,Locality_242,Ashiyana
Lucknow,Locality_243,Telibagh
Lucknow,Locality_244,Krishna Nagar
Lucknow,Locality_245,Charbagh
Lucknow,Locality_246,Nirala Nagar
Lucknow,Locality_247,Vibhuti Khand
Lucknow,Locality_248,Vineet Khand
Lucknow,Locality_249,Singar Nagar
Lucknow,Locality_250,Kalyanpur
Lucknow,Locality_251,Gomti Nagar
Lucknow,Locality_252,Hazratganj
Lucknow,Locality_253,Aliganj
Lucknow,Locality_254,Indira Nagar
Lucknow,Locality_255,Mahanagar
Lucknow,Locality_256,Alambagh
Lucknow,Locality_257,Vikas Nagar
Lucknow,Locality_258,Jankipuram
Lucknow,Locality_259,Faizabad Road
Lucknow,Locality_260,Sushant Golf City
Lucknow,Locality_261,Vrindavan Yojna
Lucknow,Locality_262,Chinhat
Lucknow,Locality_263,Rajajipuram
Lucknow,Locality_264,Aminabad
Lucknow,Locality_265,Kapoorthala
Lucknow,Locality_266,Mahanagar Extension
Lucknow,Locality_267,Ashiyana
Lucknow,Locality_268,Telibagh
Lucknow,Locality_269,Krishna Nagar
Lucknow,Locality_270,Charbagh
Lucknow,Locality_271,Nirala Nagar
Lucknow,Locality_272,Vibhuti Khand
Lucknow,Locality_273,Vineet Khand
Lucknow,Locality_274,Singar Nagar
Lucknow,Locality_275,Kalyanpur
Lucknow,Locality_276,Gomti Nagar
Lucknow,Locality_277,Hazratganj
Lucknow,Locality_278,Aliganj
Lucknow,Locality_279,Indira Nagar
Lucknow,Locality_280,Mahanagar
Lucknow,Locality_281,Alambagh
Lucknow,Locality_282,Vikas Nagar
Lucknow,Locality_283,Jankipuram
Lucknow,Locality_284,Faizabad Road
Lucknow,Locality_285,Sushant Golf City
Lucknow,Locality_286,Vrindavan Yojna
Lucknow,Locality_287,Chinhat
Lucknow,Locality_288,Rajajipuram
Lucknow,Locality_289,Aminabad
Lucknow,Locality_290,Kapoorthala
Lucknow,Locality_291,Mahanagar Extension
Lucknow,Locality_292,Ashiyana
Lucknow,Locality_293,Telibagh
Lucknow,Locality_294,Krishna Nagar
Lucknow,Locality_295,Charbagh
Lucknow,Locality_296,Nirala Nagar
Lucknow,Locality_297,Vibhuti Khand
Lucknow,Locality_298,Vineet Khand
Lucknow,Locality_299,Singar Nagar
Lucknow,Locality_300,Kalyanpur
Lucknow,Locality_301,Gomti Nagar
Lucknow,Locality_302,Hazratganj
Lucknow,Locality_303,Aliganj
Lucknow,Locality_304,Indira Nagar
Lucknow,Locality_305,Mahanagar
Lucknow,Locality_306,Alambagh
Lucknow,Locality_307,Vikas Nagar
Lucknow,Locality_308,Jankipuram
Lucknow,Locality_309,Faizabad Road
Lucknow,Locality_310,Sushant Golf City
Lucknow,Locality_311,Vrindavan Yojna
Lucknow,Locality_312,Chinhat
Lucknow,Locality_313,Rajajipuram
Lucknow,Locality_314,Aminabad
Lucknow,Locality_315,Kapoorthala
Lucknow,Locality_316,Mahanagar Extension
Lucknow,Locality_317,Ashiyana
Lucknow,Locality_318,Telibagh
Lucknow,Locality_319,Krishna Nagar
Lucknow,Locality_320,Charbagh
Lucknow,Locality_321,Nirala Nagar
Lucknow,Locality_322,Vibhuti Khand
Lucknow,Locality_323,Vineet Khand
Lucknow,Locality_324,Singar Nagar
Lucknow,Locality_325,Kalyanpur
Lucknow,Locality_326,Gomti Nagar
Lucknow,Locality_327,Hazratganj
Lucknow,Locality_328,Aliganj
Lucknow,Locality_329,Indira Nagar
Lucknow,Locality_330,Mahanagar
Lucknow,Locality_331,Alambagh
Lucknow,Locality_332,Vikas Nagar
Lucknow,Locality_333,Jankipuram
Lucknow,Locality_334,Faizabad Road
Lucknow,Locality_335,Sushant Golf City
Lucknow,Locality_336,Vrindavan Yojna
Lucknow,Locality_337,Chinhat
Lucknow,Locality_338,Rajajipuram
Lucknow,Locality_339,Aminabad
Lucknow,Locality_340,Kapoorthala
Lucknow,Locality_341,Mahanagar Extension
Lucknow,Locality_342,Ashiyana
Lucknow,Locality_343,Telibagh
Lucknow,Locality_344,Krishna Nagar
Lucknow,Locality_345,Charbagh
Lucknow,Locality_346,Nirala Nagar
Lucknow,Locality_347,Vibhuti Khand
Lucknow,Locality_348,Vineet Khand
Lucknow,Locality_349,Singar Nagar
Lucknow,Locality_350,Kalyanpur
Lucknow,Locality_351,Gomti Nagar
Lucknow,Locality_352,Hazratganj
Lucknow,Locality_353,Aliganj
Lucknow,Locality_354,Indira Nagar
Lucknow,Locality_355,Mahanagar
Lucknow,Locality_356,Alambagh
Lucknow,Locality_357,Vikas Nagar
Lucknow,Locality_358,Jankipuram
Lucknow,Locality_359,Faizabad Road
Lucknow,Locality_360,Sushant Golf City
Lucknow,Locality_361,Vrindavan Yojna
Lucknow,Locality_362,Chinhat
Lucknow,Locality_363,Rajajipuram
Lucknow,Locality_364,Aminabad
Lucknow,Locality_365,Kapoorthala
Lucknow,Locality_366,Mahanagar Extension
Lucknow,Locality_367,Ashiyana
Lucknow,Locality_368,Telibagh
Lucknow,Locality_369,Krishna Nagar
Lucknow,Locality_370,Charbagh
Lucknow,Locality_371,Nirala Nagar
Lucknow,Locality_372,Vibhuti Khand
Lucknow,Locality_373,Vineet Khand
Lucknow,Locality_374,Singar Nagar
Lucknow,Locality_375,Kalyanpur
Lucknow,Locality_376,Gomti Nagar
Lucknow,Locality_377,Hazratganj
Lucknow,Locality_378,Aliganj
Lucknow,Locality_379,Indira Nagar
Lucknow,Locality_380,Mahanagar
Lucknow,Locality_381,Alambagh
Lucknow,Locality_382,Vikas Nagar
Lucknow,Locality_383,Jankipuram
Lucknow,Locality_384,Faizabad Road
Lucknow,Locality_385,Sushant Golf City
Lucknow,Locality_386,Vrindavan Yojna
Lucknow,Locality_387,Chinhat
Lucknow,Locality_388,Rajajipuram
Lucknow,Locality_389,Aminabad
Lucknow,Locality_390,Kapoorthala
Lucknow,Locality_391,Mahanagar Extension
Lucknow,Locality_392,Ashiyana
Lucknow,Locality_393,Telibagh
Lucknow,Locality_394,Krishna Nagar
Lucknow,Locality_395,Charbagh
Lucknow,Locality_396,Nirala Nagar
Lucknow,Locality_397,Vibhuti Khand
Lucknow,Locality_398,Vineet Khand
Lucknow,Locality_399,Singar Nagar
Lucknow,Locality_400,Kalyanpur
Lucknow,Locality_401,Gomti Nagar
Lucknow,Locality_402,Hazratganj
Lucknow,Locality_403,Aliganj
Lucknow,Locality_404,Indira Nagar
Lucknow,Locality_405,Mahanagar
Lucknow,Locality_406,Alambagh
Lucknow,Locality_407,Vikas Nagar
Lucknow,Locality_408,Jankipuram
Lucknow,Locality_409,Faizabad Road
Lucknow,Locality_410,Sushant Golf City
Lucknow,Locality_411,Vrindavan Yojna
Lucknow,Locality_412,Chinhat
Lucknow,Locality_413,Rajajipuram
Lucknow,Locality_414,Aminabad
Lucknow,Locality_415,Kapoorthala
Lucknow,Locality_416,Mahanagar Extension
Lucknow,Locality_417,Ashiyana
Lucknow,Locality_418,Telibagh
Lucknow,Locality_419,Krishna Nagar
Lucknow,Locality_420,Charbagh
Lucknow,Locality_421,Nirala Nagar
Lucknow,Locality_422,Vibhuti Khand
Lucknow,Locality_423,Vineet Khand
Lucknow,Locality_424,Singar Nagar
Lucknow,Locality_425,Kalyanpur
Lucknow,Locality_426,Gomti Nagar
Lucknow,Locality_427,Hazratganj
Lucknow,Locality_428,Aliganj
Lucknow,Locality_429,Indira Nagar
Lucknow,Locality_430,Mahanagar
Lucknow,Locality_431,Alambagh
Lucknow,Locality_432,Vikas Nagar
Lucknow,Locality_433,Jankipuram
Lucknow,Locality_434,Faizabad Road
Lucknow,Locality_435,Sushant Golf City
Lucknow,Locality_436,Vrindavan Yojna
Lucknow,Locality_437,Chinhat
Lucknow,Locality_438,Rajajipuram
Lucknow,Locality_439,Aminabad
Lucknow,Locality_440,Kapoorthala
Lucknow,Locality_441,Mahanagar Extension
Lucknow,Locality_442,Ashiyana
Lucknow,Locality_443,Telibagh
Lucknow,Locality_444,Krishna Nagar
Lucknow,Locality_445,Charbagh
Lucknow,Locality_446,Nirala Nagar
Lucknow,Locality_447,Vibhuti Khand
Lucknow,Locality_448,Vineet Khand
Lucknow,Locality_449,Singar Nagar
Lucknow,Locality_450,Kalyanpur
Lucknow,Locality_451,Gomti Nagar
Lucknow,Locality_452,Hazratganj
Lucknow,Locality_453,Aliganj
Lucknow,Locality_454,Indira Nagar
Lucknow,Locality_455,Mahanagar
Lucknow,Locality_456,Alambagh
Lucknow,Locality_457,Vikas Nagar
Lucknow,Locality_458,Jankipuram
Lucknow,Locality_459,Faizabad Road
Lucknow,Locality_460,Sushant Golf City
Lucknow,Locality_461,Vrindavan Yojna
Lucknow,Locality_462,Chinhat
Lucknow,Locality_463,Rajajipuram
Lucknow,Locality_464,Aminabad
Lucknow,Locality_465,Kapoorthala
Lucknow,Locality_466,Mahanagar Extension
Lucknow,Locality_467,Ashiyana
Lucknow,Locality_468,Telibagh
Lucknow,Locality_469,Krishna Nagar
Lucknow,Locality_470,Charbagh
Lucknow,Locality_471,Nirala Nagar
Lucknow,Locality_472,Vibhuti Khand
Lucknow,Locality_473,Vineet Khand
Lucknow,Locality_474,Singar Nagar
Lucknow,Locality_475,Kalyanpur
Lucknow,Locality_476,Gomti Nagar
Lucknow,Locality_477,Hazratganj
Lucknow,Locality_478,Aliganj
Lucknow,Locality_479,Indira Nagar
Lucknow,Locality_480,Mahanagar
Lucknow,Locality_481,Alambagh
Lucknow,Locality_482,Vikas Nagar
Lucknow,Locality_483,Jankipuram
Lucknow,Locality_484,Faizabad Road
Lucknow,Locality_485,Sushant Golf City
Lucknow,Locality_486,Vrindavan Yojna
Lucknow,Locality_487,Chinhat
Lucknow,Locality_488,Rajajipuram
Lucknow,Locality_489,Aminabad
Lucknow,Locality_490,Kapoorthala
Lucknow,Locality_491,Mahanagar Extension
Lucknow,Locality_492,Ashiyana
Lucknow,Locality_493,Telibagh
Lucknow,Locality_494,Krishna Nagar
Lucknow,Locality_495,Charbagh
Lucknow,Locality_496,Nirala Nagar
Lucknow,Locality_497,Vibhuti Khand
Lucknow,Locality_498,Vineet Khand
Lucknow,Locality_499,Singar Nagar
Lucknow,Locality_500,Kalyanpur
Ludhiana,Locality_1,Model Town
Ludhiana,Locality_2,Sarabha Nagar
Ludhiana,Locality_3,Pakhowal Road
Ludhiana,Locality_4,Ferozepur Road
Ludhiana,Locality_5,Dugri
Ludhiana,Locality_6,BRS Nagar
Ludhiana,Locality_7,Rajguru Nagar
Ludhiana,Locality_8,Civil Lines
Ludhiana,Locality_9,Miller Ganj
Ludhiana,Locality_10,Haibowal Kalan
Ludhiana,Locality_11,Bhai Randhir Singh Nagar
Ludhiana,Locality_12,South City
Ludhiana,Locality_13,Gill Road
Ludhiana,Locality_14,Dhandari Kalan
Ludhiana,Locality_15,Shimlapuri
Ludhiana,Locality_16,Jamallpur
Ludhiana,Locality_17,Field Ganj
Ludhiana,Locality_18,Basti Jodhewal
Ludhiana,Locality_19,Chandigarh Road
Ludhiana,Locality_20,Barewal Road
Ludhiana,Locality_21,Rishi Nagar
Ludhiana,Locality_22,Kitchlu Nagar
Ludhiana,Locality_23,Kochar Market
Ludhiana,Locality_24,PAU Campus
Ludhiana,Locality_25,Jawahar Nagar
Ludhiana,Locality_26,Model Town
Ludhiana,Locality_27,Sarabha Nagar
Ludhiana,Locality_28,Pakhowal Road
Ludhiana,Locality_29,Ferozepur Road
Ludhiana,Locality_30,Dugri
Ludhiana,Locality_31,BRS Nagar
Ludhiana,Locality_32,Rajguru Nagar
Ludhiana,Locality_33,Civil Lines
Ludhiana,Locality_34,Miller Ganj
Ludhiana,Locality_35,Haibowal Kalan
Ludhiana,Locality_36,Bhai Randhir Singh Nagar
Ludhiana,Locality_37,South City
Ludhiana,Locality_38,Gill Road
Ludhiana,Locality_39,Dhandari Kalan
Ludhiana,Locality_40,Shimlapuri
Ludhiana,Locality_41,Jamallpur
Ludhiana,Locality_42,Field Ganj
Ludhiana,Locality_43,Basti Jodhewal
Ludhiana,Locality_44,Chandigarh Road
Ludhiana,Locality_45,Barewal Road
Ludhiana,Locality_46,Rishi Nagar
Ludhiana,Locality_47,Kitchlu Nagar
Ludhiana,Locality_48,Kochar Market
Ludhiana,Locality_49,PAU Campus
Ludhiana,Locality_50,Jawahar Nagar
Ludhiana,Locality_51,Model Town
Ludhiana,Locality_52,Sarabha Nagar
Ludhiana,Locality_53,Pakhowal Road
Ludhiana,Locality_54,Ferozepur Road
Ludhiana,Locality_55,Dugri
Ludhiana,Locality_56,BRS Nagar
Ludhiana,Locality_57,Rajguru Nagar
Ludhiana,Locality_58,Civil Lines
Ludhiana,Locality_59,Miller Ganj
Ludhiana,Locality_60,Haibowal Kalan
Ludhiana,Locality_61,Bhai Randhir Singh Nagar
Ludhiana,Locality_62,South City
Ludhiana,Locality_63,Gill Road
Ludhiana,Locality_64,Dhandari Kalan
Ludhiana,Locality_65,Shimlapuri
Ludhiana,Locality_66,Jamallpur
Ludhiana,Locality_67,Field Ganj
Ludhiana,Locality_68,Basti Jodhewal
Ludhiana,Locality_69,Chandigarh Road
Ludhiana,Locality_70,Barewal Road
Ludhiana,Locality_71,Rishi Nagar
Ludhiana,Locality_72,Kitchlu Nagar
Ludhiana,Locality_73,Kochar Market
Ludhiana,Locality_74,PAU Campus
Ludhiana,Locality_75,Jawahar Nagar
Ludhiana,Locality_76,Model Town
Ludhiana,Locality_77,Sarabha Nagar
Ludhiana,Locality_78,Pakhowal Road
Ludhiana,Locality_79,Ferozepur Road
Ludhiana,Locality_80,Dugri
Ludhiana,Locality_81,BRS Nagar
Ludhiana,Locality_82,Rajguru Nagar
Ludhiana,Locality_83,Civil Lines
Ludhiana,Locality_84,Miller Ganj
Ludhiana,Locality_85,Haibowal Kalan
Ludhiana,Locality_86,Bhai Randhir Singh Nagar
Ludhiana,Locality_87,South City
Ludhiana,Locality_88,Gill Road
Ludhiana,Locality_89,Dhandari Kalan
Ludhiana,Locality_90,Shimlapuri
Ludhiana,Locality_91,Jamallpur
Ludhiana,Locality_92,Field Ganj
Ludhiana,Locality_93,Basti Jodhewal
Ludhiana,Locality_94,Chandigarh Road
Ludhiana,Locality_95,Barewal Road
Ludhiana,Locality_96,Rishi Nagar
Ludhiana,Locality_97,Kitchlu Nagar
Ludhiana,Locality_98,Kochar Market
Ludhiana,Locality_99,PAU Campus
Ludhiana,Locality_100,Jawahar Nagar
Ludhiana,Locality_101,Model Town
Ludhiana,Locality_102,Sarabha Nagar
Ludhiana,Locality_103,Pakhowal Road
Ludhiana,Locality_104,Ferozepur Road
Ludhiana,Locality_105,Dugri
Ludhiana,Locality_106,BRS Nagar
Ludhiana,Locality_107,Rajguru Nagar
Ludhiana,Locality_108,Civil Lines
Ludhiana,Locality_109,Miller Ganj
Ludhiana,Locality_110,Haibowal Kalan
Ludhiana,Locality_111,Bhai Randhir Singh Nagar
Ludhiana,Locality_112,South City
Ludhiana,Locality_113,Gill Road
Ludhiana,Locality_114,Dhandari Kalan
Ludhiana,Locality_115,Shimlapuri
Ludhiana,Locality_116,Jamallpur
Ludhiana,Locality_117,Field Ganj
Ludhiana,Locality_118,Basti Jodhewal
Ludhiana,Locality_119,Chandigarh Road
Ludhiana,Locality_120,Barewal Road
Ludhiana,Locality_121,Rishi Nagar
Ludhiana,Locality_122,Kitchlu Nagar
Ludhiana,Locality_123,Kochar Market
Ludhiana,Locality_124,PAU Campus
Ludhiana,Locality_125,Jawahar Nagar
Ludhiana,Locality_126,Model Town
Ludhiana,Locality_127,Sarabha Nagar
Ludhiana,Locality_128,Pakhowal Road
Ludhiana,Locality_129,Ferozepur Road
Ludhiana,Locality_130,Dugri
Ludhiana,Locality_131,BRS Nagar
Ludhiana,Locality_132,Rajguru Nagar
Ludhiana,Locality_133,Civil Lines
Ludhiana,Locality_134,Miller Ganj
Ludhiana,Locality_135,Haibowal Kalan
Ludhiana,Locality_136,Bhai Randhir Singh Nagar
Ludhiana,Locality_137,South City
Ludhiana,Locality_138,Gill Road
Ludhiana,Locality_139,Dhandari Kalan
Ludhiana,Locality_140,Shimlapuri
Ludhiana,Locality_141,Jamallpur
Ludhiana,Locality_142,Field Ganj
Ludhiana,Locality_143,Basti Jodhewal
Ludhiana,Locality_144,Chandigarh Road
Ludhiana,Locality_145,Barewal Road
Ludhiana,Locality_146,Rishi Nagar
Ludhiana,Locality_147,Kitchlu Nagar
Ludhiana,Locality_148,Kochar Market
Ludhiana,Locality_149,PAU Campus
Ludhiana,Locality_150,Jawahar Nagar
Ludhiana,Locality_151,Model Town
Ludhiana,Locality_152,Sarabha Nagar
Ludhiana,Locality_153,Pakhowal Road
Ludhiana,Locality_154,Ferozepur Road
Ludhiana,Locality_155,Dugri
Ludhiana,Locality_156,BRS Nagar
Ludhiana,Locality_157,Rajguru Nagar
Ludhiana,Locality_158,Civil Lines
Ludhiana,Locality_159,Miller Ganj
Ludhiana,Locality_160,Haibowal Kalan
Ludhiana,Locality_161,Bhai Randhir Singh Nagar
Ludhiana,Locality_162,South City
Ludhiana,Locality_163,Gill Road
Ludhiana,Locality_164,Dhandari Kalan
Ludhiana,Locality_165,Shimlapuri
Ludhiana,Locality_166,Jamallpur
Ludhiana,Locality_167,Field Ganj
Ludhiana,Locality_168,Basti Jodhewal
Ludhiana,Locality_169,Chandigarh Road
Ludhiana,Locality_170,Barewal Road
Ludhiana,Locality_171,Rishi Nagar
Ludhiana,Locality_172,Kitchlu Nagar
Ludhiana,Locality_173,Kochar Market
Ludhiana,Locality_174,PAU Campus
Ludhiana,Locality_175,Jawahar Nagar
Ludhiana,Locality_176,Model Town
Ludhiana,Locality_177,Sarabha Nagar
Ludhiana,Locality_178,Pakhowal Road
Ludhiana,Locality_179,Ferozepur Road
Ludhiana,Locality_180,Dugri
Ludhiana,Locality_181,BRS Nagar
Ludhiana,Locality_182,Rajguru Nagar
Ludhiana,Locality_183,Civil Lines
Ludhiana,Locality_184,Miller Ganj
Ludhiana,Locality_185,Haibowal Kalan
Ludhiana,Locality_186,Bhai Randhir Singh Nagar
Ludhiana,Locality_187,South City
Ludhiana,Locality_188,Gill Road
Ludhiana,Locality_189,Dhandari Kalan
Ludhiana,Locality_190,Shimlapuri
Ludhiana,Locality_191,Jamallpur
Ludhiana,Locality_192,Field Ganj
Ludhiana,Locality_193,Basti Jodhewal
Ludhiana,Locality_194,Chandigarh Road
Ludhiana,Locality_195,Barewal Road
Ludhiana,Locality_196,Rishi Nagar
Ludhiana,Locality_197,Kitchlu Nagar
Ludhiana,Locality_198,Kochar Market
Ludhiana,Locality_199,PAU Campus
Ludhiana,Locality_200,Jawahar Nagar
Ludhiana,Locality_201,Model Town
Ludhiana,Locality_202,Sarabha Nagar
Ludhiana,Locality_203,Pakhowal Road
Ludhiana,Locality_204,Ferozepur Road
Ludhiana,Locality_205,Dugri
Ludhiana,Locality_206,BRS Nagar
Ludhiana,Locality_207,Rajguru Nagar
Ludhiana,Locality_208,Civil Lines
Ludhiana,Locality_209,Miller Ganj
Ludhiana,Locality_210,Haibowal Kalan
Ludhiana,Locality_211,Bhai Randhir Singh Nagar
Ludhiana,Locality_212,South City
Ludhiana,Locality_213,Gill Road
Ludhiana,Locality_214,Dhandari Kalan
Ludhiana,Locality_215,Shimlapuri
Ludhiana,Locality_216,Jamallpur
Ludhiana,Locality_217,Field Ganj
Ludhiana,Locality_218,Basti Jodhewal
Ludhiana,Locality_219,Chandigarh Road
Ludhiana,Locality_220,Barewal Road
Ludhiana,Locality_221,Rishi Nagar
Ludhiana,Locality_222,Kitchlu Nagar
Ludhiana,Locality_223,Kochar Market
Ludhiana,Locality_224,PAU Campus
Ludhiana,Locality_225,Jawahar Nagar
Ludhiana,Locality_226,Model Town
Ludhiana,Locality_227,Sarabha Nagar
Ludhiana,Locality_228,Pakhowal Road
Ludhiana,Locality_229,Ferozepur Road
Ludhiana,Locality_230,Dugri
Ludhiana,Locality_231,BRS Nagar
Ludhiana,Locality_232,Rajguru Nagar
Ludhiana,Locality_233,Civil Lines
Ludhiana,Locality_234,Miller Ganj
Ludhiana,Locality_235,Haibowal Kalan
Ludhiana,Locality_236,Bhai Randhir Singh Nagar
Ludhiana,Locality_237,South City
Ludhiana,Locality_238,Gill Road
Ludhiana,Locality_239,Dhandari Kalan
Ludhiana,Locality_240,Shimlapuri
Ludhiana,Locality_241,Jamallpur
Ludhiana,Locality_242,Field Ganj
Ludhiana,Locality_243,Basti Jodhewal
Ludhiana,Locality_244,Chandigarh Road
Ludhiana,Locality_245,Barewal Road
Ludhiana,Locality_246,Rishi Nagar
Ludhiana,Locality_247,Kitchlu Nagar
Ludhiana,Locality_248,Kochar Market
Ludhiana,Locality_249,PAU Campus
Ludhiana,Locality_250,Jawahar Nagar
Ludhiana,Locality_251,Model Town
Ludhiana,Locality_252,Sarabha Nagar
Ludhiana,Locality_253,Pakhowal Road
Ludhiana,Locality_254,Ferozepur Road
Ludhiana,Locality_255,Dugri
Ludhiana,Locality_256,BRS Nagar
Ludhiana,Locality_257,Rajguru Nagar
Ludhiana,Locality_258,Civil Lines
Ludhiana,Locality_259,Miller Ganj
Ludhiana,Locality_260,Haibowal Kalan
Ludhiana,Locality_261,Bhai Randhir Singh Nagar
Ludhiana,Locality_262,South City
Ludhiana,Locality_263,Gill Road
Ludhiana,Locality_264,Dhandari Kalan
Ludhiana,Locality_265,Shimlapuri
Ludhiana,Locality_266,Jamallpur
Ludhiana,Locality_267,Field Ganj
Ludhiana,Locality_268,Basti Jodhewal
Ludhiana,Locality_269,Chandigarh Road
Ludhiana,Locality_270,Barewal Road
Ludhiana,Locality_271,Rishi Nagar
Ludhiana,Locality_272,Kitchlu Nagar
Ludhiana,Locality_273,Kochar Market
Ludhiana,Locality_274,PAU Campus
Ludhiana,Locality_275,Jawahar Nagar
Ludhiana,Locality_276,Model Town
Ludhiana,Locality_277,Sarabha Nagar
Ludhiana,Locality_278,Pakhowal Road
Ludhiana,Locality_279,Ferozepur Road
Ludhiana,Locality_280,Dugri
Ludhiana,Locality_281,BRS Nagar
Ludhiana,Locality_282,Rajguru Nagar
Ludhiana,Locality_283,Civil Lines
Ludhiana,Locality_284,Miller Ganj
Ludhiana,Locality_285,Haibowal Kalan
Ludhiana,Locality_286,Bhai Randhir Singh Nagar
Ludhiana,Locality_287,South City
Ludhiana,Locality_288,Gill Road
Ludhiana,Locality_289,Dhandari Kalan
Ludhiana,Locality_290,Shimlapuri
Ludhiana,Locality_291,Jamallpur
Ludhiana,Locality_292,Field Ganj
Ludhiana,Locality_293,Basti Jodhewal
Ludhiana,Locality_294,Chandigarh Road
Ludhiana,Locality_295,Barewal Road
Ludhiana,Locality_296,Rishi Nagar
Ludhiana,Locality_297,Kitchlu Nagar
Ludhiana,Locality_298,Kochar Market
Ludhiana,Locality_299,PAU Campus
Ludhiana,Locality_300,Jawahar Nagar
Ludhiana,Locality_301,Model Town
Ludhiana,Locality_302,Sarabha Nagar
Ludhiana,Locality_303,Pakhowal Road
Ludhiana,Locality_304,Ferozepur Road
Ludhiana,Locality_305,Dugri
Ludhiana,Locality_306,BRS Nagar
Ludhiana,Locality_307,Rajguru Nagar
Ludhiana,Locality_308,Civil Lines
Ludhiana,Locality_309,Miller Ganj
Ludhiana,Locality_310,Haibowal Kalan
Ludhiana,Locality_311,Bhai Randhir Singh Nagar
Ludhiana,Locality_312,South City
Ludhiana,Locality_313,Gill Road
Ludhiana,Locality_314,Dhandari Kalan
Ludhiana,Locality_315,Shimlapuri
Ludhiana,Locality_316,Jamallpur
Ludhiana,Locality_317,Field Ganj
Ludhiana,Locality_318,Basti Jodhewal
Ludhiana,Locality_319,Chandigarh Road
Ludhiana,Locality_320,Barewal Road
Ludhiana,Locality_321,Rishi Nagar
Ludhiana,Locality_322,Kitchlu Nagar
Ludhiana,Locality_323,Kochar Market
Ludhiana,Locality_324,PAU Campus
Ludhiana,Locality_325,Jawahar Nagar
Ludhiana,Locality_326,Model Town
Ludhiana,Locality_327,Sarabha Nagar
Ludhiana,Locality_328,Pakhowal Road
Ludhiana,Locality_329,Ferozepur Road
Ludhiana,Locality_330,Dugri
Ludhiana,Locality_331,BRS Nagar
Ludhiana,Locality_332,Rajguru Nagar
Ludhiana,Locality_333,Civil Lines
Ludhiana,Locality_334,Miller Ganj
Ludhiana,Locality_335,Haibowal Kalan
Ludhiana,Locality_336,Bhai Randhir Singh Nagar
Ludhiana,Locality_337,South City
Ludhiana,Locality_338,Gill Road
Ludhiana,Locality_339,Dhandari Kalan
Ludhiana,Locality_340,Shimlapuri
Ludhiana,Locality_341,Jamallpur
Ludhiana,Locality_342,Field Ganj
Ludhiana,Locality_343,Basti Jodhewal
Ludhiana,Locality_344,Chandigarh Road
Ludhiana,Locality_345,Barewal Road
Ludhiana,Locality_346,Rishi Nagar
Ludhiana,Locality_347,Kitchlu Nagar
Ludhiana,Locality_348,Kochar Market
Ludhiana,Locality_349,PAU Campus
Ludhiana,Locality_350,Jawahar Nagar
Ludhiana,Locality_351,Model Town
Ludhiana,Locality_352,Sarabha Nagar
Ludhiana,Locality_353,Pakhowal Road
Ludhiana,Locality_354,Ferozepur Road
Ludhiana,Locality_355,Dugri
Ludhiana,Locality_356,BRS Nagar
Ludhiana,Locality_357,Rajguru Nagar
Ludhiana,Locality_358,Civil Lines
Ludhiana,Locality_359,Miller Ganj
Ludhiana,Locality_360,Haibowal Kalan
Ludhiana,Locality_361,Bhai Randhir Singh Nagar
Ludhiana,Locality_362,South City
Ludhiana,Locality_363,Gill Road
Ludhiana,Locality_364,Dhandari Kalan
Ludhiana,Locality_365,Shimlapuri
Ludhiana,Locality_366,Jamallpur
Ludhiana,Locality_367,Field Ganj
Ludhiana,Locality_368,Basti Jodhewal
Ludhiana,Locality_369,Chandigarh Road
Ludhiana,Locality_370,Barewal Road
Ludhiana,Locality_371,Rishi Nagar
Ludhiana,Locality_372,Kitchlu Nagar
Ludhiana,Locality_373,Kochar Market
Ludhiana,Locality_374,PAU Campus
Ludhiana,Locality_375,Jawahar Nagar
Ludhiana,Locality_376,Model Town
Ludhiana,Locality_377,Sarabha Nagar
Ludhiana,Locality_378,Pakhowal Road
Ludhiana,Locality_379,Ferozepur Road
Ludhiana,Locality_380,Dugri
Ludhiana,Locality_381,BRS Nagar
Ludhiana,Locality_382,Rajguru Nagar
Ludhiana,Locality_383,Civil Lines
Ludhiana,Locality_384,Miller Ganj
Ludhiana,Locality_385,Haibowal Kalan
Ludhiana,Locality_386,Bhai Randhir Singh Nagar
Ludhiana,Locality_387,South City
Ludhiana,Locality_388,Gill Road
Ludhiana,Locality_389,Dhandari Kalan
Ludhiana,Locality_390,Shimlapuri
Ludhiana,Locality_391,Jamallpur
Ludhiana,Locality_392,Field Ganj
Ludhiana,Locality_393,Basti Jodhewal
Ludhiana,Locality_394,Chandigarh Road
Ludhiana,Locality_395,Barewal Road
Ludhiana,Locality_396,Rishi Nagar
Ludhiana,Locality_397,Kitchlu Nagar
Ludhiana,Locality_398,Kochar Market
Ludhiana,Locality_399,PAU Campus
Ludhiana,Locality_400,Jawahar Nagar
Ludhiana,Locality_401,Model Town
Ludhiana,Locality_402,Sarabha Nagar
Ludhiana,Locality_403,Pakhowal Road
Ludhiana,Locality_404,Ferozepur Road
Ludhiana,Locality_405,Dugri
Ludhiana,Locality_406,BRS Nagar
Ludhiana,Locality_407,Rajguru Nagar
Ludhiana,Locality_408,Civil Lines
Ludhiana,Locality_409,Miller Ganj
Ludhiana,Locality_410,Haibowal Kalan
Ludhiana,Locality_411,Bhai Randhir Singh Nagar
Ludhiana,Locality_412,South City
Ludhiana,Locality_413,Gill Road
Ludhiana,Locality_414,Dhandari Kalan
Ludhiana,Locality_415,Shimlapuri
Ludhiana,Locality_416,Jamallpur
Ludhiana,Locality_417,Field Ganj
Ludhiana,Locality_418,Basti Jodhewal
Ludhiana,Locality_419,Chandigarh Road
Ludhiana,Locality_420,Barewal Road
Ludhiana,Locality_421,Rishi Nagar
Ludhiana,Locality_422,Kitchlu Nagar
Ludhiana,Locality_423,Kochar Market
Ludhiana,Locality_424,PAU Campus
Ludhiana,Locality_425,Jawahar Nagar
Ludhiana,Locality_426,Model Town
Ludhiana,Locality_427,Sarabha Nagar
Ludhiana,Locality_428,Pakhowal Road
Ludhiana,Locality_429,Ferozepur Road
Ludhiana,Locality_430,Dugri
Ludhiana,Locality_431,BRS Nagar
Ludhiana,Locality_432,Rajguru Nagar
Ludhiana,Locality_433,Civil Lines
Ludhiana,Locality_434,Miller Ganj
Ludhiana,Locality_435,Haibowal Kalan
Ludhiana,Locality_436,Bhai Randhir Singh Nagar
Ludhiana,Locality_437,South City
Ludhiana,Locality_438,Gill Road
Ludhiana,Locality_439,Dhandari Kalan
Ludhiana,Locality_440,Shimlapuri
Ludhiana,Locality_441,Jamallpur
Ludhiana,Locality_442,Field Ganj
Ludhiana,Locality_443,Basti Jodhewal
Ludhiana,Locality_444,Chandigarh Road
Ludhiana,Locality_445,Barewal Road
Ludhiana,Locality_446,Rishi Nagar
Ludhiana,Locality_447,Kitchlu Nagar
Ludhiana,Locality_448,Kochar Market
Ludhiana,Locality_449,PAU Campus
Ludhiana,Locality_450,Jawahar Nagar
Ludhiana,Locality_451,Model Town
Ludhiana,Locality_452,Sarabha Nagar
Ludhiana,Locality_453,Pakhowal Road
Ludhiana,Locality_454,Ferozepur Road
Ludhiana,Locality_455,Dugri
Ludhiana,Locality_456,BRS Nagar
Ludhiana,Locality_457,Rajguru Nagar
Ludhiana,Locality_458,Civil Lines
Ludhiana,Locality_459,Miller Ganj
Ludhiana,Locality_460,Haibowal Kalan
Ludhiana,Locality_461,Bhai Randhir Singh Nagar
Ludhiana,Locality_462,South City
Ludhiana,Locality_463,Gill Road
Ludhiana,Locality_464,Dhandari Kalan
Ludhiana,Locality_465,Shimlapuri
Ludhiana,Locality_466,Jamallpur
Ludhiana,Locality_467,Field Ganj
Ludhiana,Locality_468,Basti Jodhewal
Ludhiana,Locality_469,Chandigarh Road
Ludhiana,Locality_470,Barewal Road
Ludhiana,Locality_471,Rishi Nagar
Ludhiana,Locality_472,Kitchlu Nagar
Ludhiana,Locality_473,Kochar Market
Ludhiana,Locality_474,PAU Campus
Ludhiana,Locality_475,Jawahar Nagar
Ludhiana,Locality_476,Model Town
Ludhiana,Locality_477,Sarabha Nagar
Ludhiana,Locality_478,Pakhowal Road
Ludhiana,Locality_479,Ferozepur Road
Ludhiana,Locality_480,Dugri
Ludhiana,Locality_481,BRS Nagar
Ludhiana,Locality_482,Rajguru Nagar
Ludhiana,Locality_483,Civil Lines
Ludhiana,Locality_484,Miller Ganj
Ludhiana,Locality_485,Haibowal Kalan
Ludhiana,Locality_486,Bhai Randhir Singh Nagar
Ludhiana,Locality_487,South City
Ludhiana,Locality_488,Gill Road
Ludhiana,Locality_489,Dhandari Kalan
Ludhiana,Locality_490,Shimlapuri
Ludhiana,Locality_491,Jamallpur
Ludhiana,Locality_492,Field Ganj
Ludhiana,Locality_493,Basti Jodhewal
Ludhiana,Locality_494,Chandigarh Road
Ludhiana,Locality_495,Barewal Road
Ludhiana,Locality_496,Rishi Nagar
Ludhiana,Locality_497,Kitchlu Nagar
Ludhiana,Locality_498,Kochar Market
Ludhiana,Locality_499,PAU Campus
Ludhiana,Locality_500,Jawahar Nagar
Mangalore,Locality_1,Kadri
Mangalore,Locality_2,Bejai
Mangalore,Locality_3,Kottara
Mangalore,Locality_4,Kankanady
Mangalore,Locality_5,Bendoor
Mangalore,Locality_6,Balmatta
Mangalore,Locality_7,Hampankatta
Mangalore,Locality_8,Attavar
Mangalore,Locality_9,Kavoor
Mangalore,Locality_10,Derebail
Mangalore,Locality_11,Surathkal
Mangalore,Locality_12,Kuloor
Mangalore,Locality_13,Kottara Chowki
Mangalore,Locality_14,Mannagudda
Mangalore,Locality_15,Lalbagh
Mangalore,Locality_16,Valencia
Mangalore,Locality_17,Falnir
Mangalore,Locality_18,Pandeshwar
Mangalore,Locality_19,Jeppu
Mangalore,Locality_20,Bajpe
Mangalore,Locality_21,Ullal
Mangalore,Locality_22,Moodbidri
Mangalore,Locality_23,Kulshekar
Mangalore,Locality_24,Bondel
Mangalore,Locality_25,Nanthoor
Mangalore,Locality_26,Kadri
Mangalore,Locality_27,Bejai
Mangalore,Locality_28,Kottara
Mangalore,Locality_29,Kankanady
Mangalore,Locality_30,Bendoor
Mangalore,Locality_31,Balmatta
Mangalore,Locality_32,Hampankatta
Mangalore,Locality_33,Attavar
Mangalore,Locality_34,Kavoor
Mangalore,Locality_35,Derebail
Mangalore,Locality_36,Surathkal
Mangalore,Locality_37,Kuloor
Mangalore,Locality_38,Kottara Chowki
Mangalore,Locality_39,Mannagudda
Mangalore,Locality_40,Lalbagh
Mangalore,Locality_41,Valencia
Mangalore,Locality_42,Falnir
Mangalore,Locality_43,Pandeshwar
Mangalore,Locality_44,Jeppu
Mangalore,Locality_45,Bajpe
Mangalore,Locality_46,Ullal
Mangalore,Locality_47,Moodbidri
Mangalore,Locality_48,Kulshekar
Mangalore,Locality_49,Bondel
Mangalore,Locality_50,Nanthoor
Mangalore,Locality_51,Kadri
Mangalore,Locality_52,Bejai
Mangalore,Locality_53,Kottara
Mangalore,Locality_54,Kankanady
Mangalore,Locality_55,Bendoor
Mangalore,Locality_56,Balmatta
Mangalore,Locality_57,Hampankatta
Mangalore,Locality_58,Attavar
Mangalore,Locality_59,Kavoor
Mangalore,Locality_60,Derebail
Mangalore,Locality_61,Surathkal
Mangalore,Locality_62,Kuloor
Mangalore,Locality_63,Kottara Chowki
Mangalore,Locality_64,Mannagudda
Mangalore,Locality_65,Lalbagh
Mangalore,Locality_66,Valencia
Mangalore,Locality_67,Falnir
Mangalore,Locality_68,Pandeshwar
Mangalore,Locality_69,Jeppu
Mangalore,Locality_70,Bajpe
Mangalore,Locality_71,Ullal
Mangalore,Locality_72,Moodbidri
Mangalore,Locality_73,Kulshekar
Mangalore,Locality_74,Bondel
Mangalore,Locality_75,Nanthoor
Mangalore,Locality_76,Kadri
Mangalore,Locality_77,Bejai
Mangalore,Locality_78,Kottara
Mangalore,Locality_79,Kankanady
Mangalore,Locality_80,Bendoor
Mangalore,Locality_81,Balmatta
Mangalore,Locality_82,Hampankatta
Mangalore,Locality_83,Attavar
Mangalore,Locality_84,Kavoor
Mangalore,Locality_85,Derebail
Mangalore,Locality_86,Surathkal
Mangalore,Locality_87,Kuloor
Mangalore,Locality_88,Kottara Chowki
Mangalore,Locality_89,Mannagudda
Mangalore,Locality_90,Lalbagh
Mangalore,Locality_91,Valencia
Mangalore,Locality_92,Falnir
Mangalore,Locality_93,Pandeshwar
Mangalore,Locality_94,Jeppu
Mangalore,Locality_95,Bajpe
Mangalore,Locality_96,Ullal
Mangalore,Locality_97,Moodbidri
Mangalore,Locality_98,Kulshekar
Mangalore,Locality_99,Bondel
Mangalore,Locality_100,Nanthoor
Mangalore,Locality_101,Kadri
Mangalore,Locality_102,Bejai
Mangalore,Locality_103,Kottara
Mangalore,Locality_104,Kankanady
Mangalore,Locality_105,Bendoor
Mangalore,Locality_106,Balmatta
Mangalore,Locality_107,Hampankatta
Mangalore,Locality_108,Attavar
Mangalore,Locality_109,Kavoor
Mangalore,Locality_110,Derebail
Mangalore,Locality_111,Surathkal
Mangalore,Locality_112,Kuloor
Mangalore,Locality_113,Kottara Chowki
Mangalore,Locality_114,Mannagudda
Mangalore,Locality_115,Lalbagh
Mangalore,Locality_116,Valencia
Mangalore,Locality_117,Falnir
Mangalore,Locality_118,Pandeshwar
Mangalore,Locality_119,Jeppu
Mangalore,Locality_120,Bajpe
Mangalore,Locality_121,Ullal
Mangalore,Locality_122,Moodbidri
Mangalore,Locality_123,Kulshekar
Mangalore,Locality_124,Bondel
Mangalore,Locality_125,Nanthoor
Mangalore,Locality_126,Kadri
Mangalore,Locality_127,Bejai
Mangalore,Locality_128,Kottara
Mangalore,Locality_129,Kankanady
Mangalore,Locality_130,Bendoor
Mangalore,Locality_131,Balmatta
Mangalore,Locality_132,Hampankatta
Mangalore,Locality_133,Attavar
Mangalore,Locality_134,Kavoor
Mangalore,Locality_135,Derebail
Mangalore,Locality_136,Surathkal
Mangalore,Locality_137,Kuloor
Mangalore,Locality_138,Kottara Chowki
Mangalore,Locality_139,Mannagudda
Mangalore,Locality_140,Lalbagh
Mangalore,Locality_141,Valencia
Mangalore,Locality_142,Falnir
Mangalore,Locality_143,Pandeshwar
Mangalore,Locality_144,Jeppu
Mangalore,Locality_145,Bajpe
Mangalore,Locality_146,Ullal
Mangalore,Locality_147,Moodbidri
Mangalore,Locality_148,Kulshekar
Mangalore,Locality_149,Bondel
Mangalore,Locality_150,Nanthoor
Mangalore,Locality_151,Kadri
Mangalore,Locality_152,Bejai
Mangalore,Locality_153,Kottara
Mangalore,Locality_154,Kankanady
Mangalore,Locality_155,Bendoor
Mangalore,Locality_156,Balmatta
Mangalore,Locality_157,Hampankatta
Mangalore,Locality_158,Attavar
Mangalore,Locality_159,Kavoor
Mangalore,Locality_160,Derebail
Mangalore,Locality_161,Surathkal
Mangalore,Locality_162,Kuloor
Mangalore,Locality_163,Kottara Chowki
Mangalore,Locality_164,Mannagudda
Mangalore,Locality_165,Lalbagh
Mangalore,Locality_166,Valencia
Mangalore,Locality_167,Falnir
Mangalore,Locality_168,Pandeshwar
Mangalore,Locality_169,Jeppu
Mangalore,Locality_170,Bajpe
Mangalore,Locality_171,Ullal
Mangalore,Locality_172,Moodbidri
Mangalore,Locality_173,Kulshekar
Mangalore,Locality_174,Bondel
Mangalore,Locality_175,Nanthoor
Mangalore,Locality_176,Kadri
Mangalore,Locality_177,Bejai
Mangalore,Locality_178,Kottara
Mangalore,Locality_179,Kankanady
Mangalore,Locality_180,Bendoor
Mangalore,Locality_181,Balmatta
Mangalore,Locality_182,Hampankatta
Mangalore,Locality_183,Attavar
Mangalore,Locality_184,Kavoor
Mangalore,Locality_185,Derebail
Mangalore,Locality_186,Surathkal
Mangalore,Locality_187,Kuloor
Mangalore,Locality_188,Kottara Chowki
Mangalore,Locality_189,Mannagudda
Mangalore,Locality_190,Lalbagh
Mangalore,Locality_191,Valencia
Mangalore,Locality_192,Falnir
Mangalore,Locality_193,Pandeshwar
Mangalore,Locality_194,Jeppu
Mangalore,Locality_195,Bajpe
Mangalore,Locality_196,Ullal
Mangalore,Locality_197,Moodbidri
Mangalore,Locality_198,Kulshekar
Mangalore,Locality_199,Bondel
Mangalore,Locality_200,Nanthoor
Mangalore,Locality_201,Kadri
Mangalore,Locality_202,Bejai
Mangalore,Locality_203,Kottara
Mangalore,Locality_204,Kankanady
Mangalore,Locality_205,Bendoor
Mangalore,Locality_206,Balmatta
Mangalore,Locality_207,Hampankatta
Mangalore,Locality_208,Attavar
Mangalore,Locality_209,Kavoor
Mangalore,Locality_210,Derebail
Mangalore,Locality_211,Surathkal
Mangalore,Locality_212,Kuloor
Mangalore,Locality_213,Kottara Chowki
Mangalore,Locality_214,Mannagudda
Mangalore,Locality_215,Lalbagh
Mangalore,Locality_216,Valencia
Mangalore,Locality_217,Falnir
Mangalore,Locality_218,Pandeshwar
Mangalore,Locality_219,Jeppu
Mangalore,Locality_220,Bajpe
Mangalore,Locality_221,Ullal
Mangalore,Locality_222,Moodbidri
Mangalore,Locality_223,Kulshekar
Mangalore,Locality_224,Bondel
Mangalore,Locality_225,Nanthoor
Mangalore,Locality_226,Kadri
Mangalore,Locality_227,Bejai
Mangalore,Locality_228,Kottara
Mangalore,Locality_229,Kankanady
Mangalore,Locality_230,Bendoor
Mangalore,Locality_231,Balmatta
Mangalore,Locality_232,Hampankatta
Mangalore,Locality_233,Attavar
Mangalore,Locality_234,Kavoor
Mangalore,Locality_235,Derebail
Mangalore,Locality_236,Surathkal
Mangalore,Locality_237,Kuloor
Mangalore,Locality_238,Kottara Chowki
Mangalore,Locality_239,Mannagudda
Mangalore,Locality_240,Lalbagh
Mangalore,Locality_241,Valencia
Mangalore,Locality_242,Falnir
Mangalore,Locality_243,Pandeshwar
Mangalore,Locality_244,Jeppu
Mangalore,Locality_245,Bajpe
Mangalore,Locality_246,Ullal
Mangalore,Locality_247,Moodbidri
Mangalore,Locality_248,Kulshekar
Mangalore,Locality_249,Bondel
Mangalore,Locality_250,Nanthoor
Mangalore,Locality_251,Kadri
Mangalore,Locality_252,Bejai
Mangalore,Locality_253,Kottara
Mangalore,Locality_254,Kankanady
Mangalore,Locality_255,Bendoor
Mangalore,Locality_256,Balmatta
Mangalore,Locality_257,Hampankatta
Mangalore,Locality_258,Attavar
Mangalore,Locality_259,Kavoor
Mangalore,Locality_260,Derebail
Mangalore,Locality_261,Surathkal
Mangalore,Locality_262,Kuloor
Mangalore,Locality_263,Kottara Chowki
Mangalore,Locality_264,Mannagudda
Mangalore,Locality_265,Lalbagh
Mangalore,Locality_266,Valencia
Mangalore,Locality_267,Falnir
Mangalore,Locality_268,Pandeshwar
Mangalore,Locality_269,Jeppu
Mangalore,Locality_270,Bajpe
Mangalore,Locality_271,Ullal
Mangalore,Locality_272,Moodbidri
Mangalore,Locality_273,Kulshekar
Mangalore,Locality_274,Bondel
Mangalore,Locality_275,Nanthoor
Mangalore,Locality_276,Kadri
Mangalore,Locality_277,Bejai
Mangalore,Locality_278,Kottara
Mangalore,Locality_279,Kankanady
Mangalore,Locality_280,Bendoor
Mangalore,Locality_281,Balmatta
Mangalore,Locality_282,Hampankatta
Mangalore,Locality_283,Attavar
Mangalore,Locality_284,Kavoor
Mangalore,Locality_285,Derebail
Mangalore,Locality_286,Surathkal
Mangalore,Locality_287,Kuloor
Mangalore,Locality_288,Kottara Chowki
Mangalore,Locality_289,Mannagudda
Mangalore,Locality_290,Lalbagh
Mangalore,Locality_291,Valencia
Mangalore,Locality_292,Falnir
Mangalore,Locality_293,Pandeshwar
Mangalore,Locality_294,Jeppu
Mangalore,Locality_295,Bajpe
Mangalore,Locality_296,Ullal
Mangalore,Locality_297,Moodbidri
Mangalore,Locality_298,Kulshekar
Mangalore,Locality_299,Bondel
Mangalore,Locality_300,Nanthoor
Mangalore,Locality_301,Kadri
Mangalore,Locality_302,Bejai
Mangalore,Locality_303,Kottara
Mangalore,Locality_304,Kankanady
Mangalore,Locality_305,Bendoor
Mangalore,Locality_306,Balmatta
Mangalore,Locality_307,Hampankatta
Mangalore,Locality_308,Attavar
Mangalore,Locality_309,Kavoor
Mangalore,Locality_310,Derebail
Mangalore,Locality_311,Surathkal
Mangalore,Locality_312,Kuloor
Mangalore,Locality_313,Kottara Chowki
Mangalore,Locality_314,Mannagudda
Mangalore,Locality_315,Lalbagh
Mangalore,Locality_316,Valencia
Mangalore,Locality_317,Falnir
Mangalore,Locality_318,Pandeshwar
Mangalore,Locality_319,Jeppu
Mangalore,Locality_320,Bajpe
Mangalore,Locality_321,Ullal
Mangalore,Locality_322,Moodbidri
Mangalore,Locality_323,Kulshekar
Mangalore,Locality_324,Bondel
Mangalore,Locality_325,Nanthoor
Mangalore,Locality_326,Kadri
Mangalore,Locality_327,Bejai
Mangalore,Locality_328,Kottara
Mangalore,Locality_329,Kankanady
Mangalore,Locality_330,Bendoor
Mangalore,Locality_331,Balmatta
Mangalore,Locality_332,Hampankatta
Mangalore,Locality_333,Attavar
Mangalore,Locality_334,Kavoor
Mangalore,Locality_335,Derebail
Mangalore,Locality_336,Surathkal
Mangalore,Locality_337,Kuloor
Mangalore,Locality_338,Kottara Chowki
Mangalore,Locality_339,Mannagudda
Mangalore,Locality_340,Lalbagh
Mangalore,Locality_341,Valencia
Mangalore,Locality_342,Falnir
Mangalore,Locality_343,Pandeshwar
Mangalore,Locality_344,Jeppu
Mangalore,Locality_345,Bajpe
Mangalore,Locality_346,Ullal
Mangalore,Locality_347,Moodbidri
Mangalore,Locality_348,Kulshekar
Mangalore,Locality_349,Bondel
Mangalore,Locality_350,Nanthoor
Mangalore,Locality_351,Kadri
Mangalore,Locality_352,Bejai
Mangalore,Locality_353,Kottara
Mangalore,Locality_354,Kankanady
Mangalore,Locality_355,Bendoor
Mangalore,Locality_356,Balmatta
Mangalore,Locality_357,Hampankatta
Mangalore,Locality_358,Attavar
Mangalore,Locality_359,Kavoor
Mangalore,Locality_360,Derebail
Mangalore,Locality_361,Surathkal
Mangalore,Locality_362,Kuloor
Mangalore,Locality_363,Kottara Chowki
Mangalore,Locality_364,Mannagudda
Mangalore,Locality_365,Lalbagh
Mangalore,Locality_366,Valencia
Mangalore,Locality_367,Falnir
Mangalore,Locality_368,Pandeshwar
Mangalore,Locality_369,Jeppu
Mangalore,Locality_370,Bajpe
Mangalore,Locality_371,Ullal
Mangalore,Locality_372,Moodbidri
Mangalore,Locality_373,Kulshekar
Mangalore,Locality_374,Bondel
Mangalore,Locality_375,Nanthoor
Mangalore,Locality_376,Kadri
Mangalore,Locality_377,Bejai
Mangalore,Locality_378,Kottara
Mangalore,Locality_379,Kankanady
Mangalore,Locality_380,Bendoor
Mangalore,Locality_381,Balmatta
Mangalore,Locality_382,Hampankatta
Mangalore,Locality_383,Attavar
Mangalore,Locality_384,Kavoor
Mangalore,Locality_385,Derebail
Mangalore,Locality_386,Surathkal
Mangalore,Locality_387,Kuloor
Mangalore,Locality_388,Kottara Chowki
Mangalore,Locality_389,Mannagudda
Mangalore,Locality_390,Lalbagh
Mangalore,Locality_391,Valencia
Mangalore,Locality_392,Falnir
Mangalore,Locality_393,Pandeshwar
Mangalore,Locality_394,Jeppu
Mangalore,Locality_395,Bajpe
Mangalore,Locality_396,Ullal
Mangalore,Locality_397,Moodbidri
Mangalore,Locality_398,Kulshekar
Mangalore,Locality_399,Bondel
Mangalore,Locality_400,Nanthoor
Mangalore,Locality_401,Kadri
Mangalore,Locality_402,Bejai
Mangalore,Locality_403,Kottara
Mangalore,Locality_404,Kankanady
Mangalore,Locality_405,Bendoor
Mangalore,Locality_406,Balmatta
Mangalore,Locality_407,Hampankatta
Mangalore,Locality_408,Attavar
Mangalore,Locality_409,Kavoor
Mangalore,Locality_410,Derebail
Mangalore,Locality_411,Surathkal
Mangalore,Locality_412,Kuloor
Mangalore,Locality_413,Kottara Chowki
Mangalore,Locality_414,Mannagudda
Mangalore,Locality_415,Lalbagh
Mangalore,Locality_416,Valencia
Mangalore,Locality_417,Falnir
Mangalore,Locality_418,Pandeshwar
Mangalore,Locality_419,Jeppu
Mangalore,Locality_420,Bajpe
Mangalore,Locality_421,Ullal
Mangalore,Locality_422,Moodbidri
Mangalore,Locality_423,Kulshekar
Mangalore,Locality_424,Bondel
Mangalore,Locality_425,Nanthoor
Mangalore,Locality_426,Kadri
Mangalore,Locality_427,Bejai
Mangalore,Locality_428,Kottara
Mangalore,Locality_429,Kankanady
Mangalore,Locality_430,Bendoor
Mangalore,Locality_431,Balmatta
Mangalore,Locality_432,Hampankatta
Mangalore,Locality_433,Attavar
Mangalore,Locality_434,Kavoor
Mangalore,Locality_435,Derebail
Mangalore,Locality_436,Surathkal
Mangalore,Locality_437,Kuloor
Mangalore,Locality_438,Kottara Chowki
Mangalore,Locality_439,Mannagudda
Mangalore,Locality_440,Lalbagh
Mangalore,Locality_441,Valencia
Mangalore,Locality_442,Falnir
Mangalore,Locality_443,Pandeshwar
Mangalore,Locality_444,Jeppu
Mangalore,Locality_445,Bajpe
Mangalore,Locality_446,Ullal
Mangalore,Locality_447,Moodbidri
Mangalore,Locality_448,Kulshekar
Mangalore,Locality_449,Bondel
Mangalore,Locality_450,Nanthoor
Mangalore,Locality_451,Kadri
Mangalore,Locality_452,Bejai
Mangalore,Locality_453,Kottara
Mangalore,Locality_454,Kankanady
Mangalore,Locality_455,Bendoor
Mangalore,Locality_456,Balmatta
Mangalore,Locality_457,Hampankatta
Mangalore,Locality_458,Attavar
Mangalore,Locality_459,Kavoor
Mangalore,Locality_460,Derebail
Mangalore,Locality_461,Surathkal
Mangalore,Locality_462,Kuloor
Mangalore,Locality_463,Kottara Chowki
Mangalore,Locality_464,Mannagudda
Mangalore,Locality_465,Lalbagh
Mangalore,Locality_466,Valencia
Mangalore,Locality_467,Falnir
Mangalore,Locality_468,Pandeshwar
Mangalore,Locality_469,Jeppu
Mangalore,Locality_470,Bajpe
Mangalore,Locality_471,Ullal
Mangalore,Locality_472,Moodbidri
Mangalore,Locality_473,Kulshekar
Mangalore,Locality_474,Bondel
Mangalore,Locality_475,Nanthoor
Mangalore,Locality_476,Kadri
Mangalore,Locality_477,Bejai
Mangalore,Locality_478,Kottara
Mangalore,Locality_479,Kankanady
Mangalore,Locality_480,Bendoor
Mangalore,Locality_481,Balmatta
Mangalore,Locality_482,Hampankatta
Mangalore,Locality_483,Attavar
Mangalore,Locality_484,Kavoor
Mangalore,Locality_485,Derebail
Mangalore,Locality_486,Surathkal
Mangalore,Locality_487,Kuloor
Mangalore,Locality_488,Kottara Chowki
Mangalore,Locality_489,Mannagudda
Mangalore,Locality_490,Lalbagh
Mangalore,Locality_491,Valencia
Mangalore,Locality_492,Falnir
Mangalore,Locality_493,Pandeshwar
Mangalore,Locality_494,Jeppu
Mangalore,Locality_495,Bajpe
Mangalore,Locality_496,Ullal
Mangalore,Locality_497,Moodbidri
Mangalore,Locality_498,Kulshekar
Mangalore,Locality_499,Bondel
Mangalore,Locality_500,Nanthoor
Mumbai,Locality_1,Andheri West
Mumbai,Locality_2,Andheri East
Mumbai,Locality_3,Bandra West
Mumbai,Locality_4,Bandra East
Mumbai,Locality_5,Powai
Mumbai,Locality_6,Borivali West
Mumbai,Locality_7,Borivali East
Mumbai,Locality_8,Kandivali West
Mumbai,Locality_9,Kandivali East
Mumbai,Locality_10,Malad West
Mumbai,Locality_11,Malad East
Mumbai,Locality_12,Goregaon West
Mumbai,Locality_13,Goregaon East
Mumbai,Locality_14,Chembur
Mumbai,Locality_15,Mulund West
Mumbai,Locality_16,Mulund East
Mumbai,Locality_17,Thane West
Mumbai,Locality_18,Dadar West
Mumbai,Locality_19,Dadar East
Mumbai,Locality_20,Worli
Mumbai,Locality_21,Lower Parel
Mumbai,Locality_22,Vikhroli
Mumbai,Locality_23,Ghatkopar West
Mumbai,Locality_24,Ghatkopar East
Mumbai,Locality_25,Colaba
Mumbai,Locality_26,Andheri West
Mumbai,Locality_27,Andheri East
Mumbai,Locality_28,Bandra West
Mumbai,Locality_29,Bandra East
Mumbai,Locality_30,Powai
Mumbai,Locality_31,Borivali West
Mumbai,Locality_32,Borivali East
Mumbai,Locality_33,Kandivali West
Mumbai,Locality_34,Kandivali East
Mumbai,Locality_35,Malad West
Mumbai,Locality_36,Malad East
Mumbai,Locality_37,Goregaon West
Mumbai,Locality_38,Goregaon East
Mumbai,Locality_39,Chembur
Mumbai,Locality_40,Mulund West
Mumbai,Locality_41,Mulund East
Mumbai,Locality_42,Thane West
Mumbai,Locality_43,Dadar West
Mumbai,Locality_44,Dadar East
Mumbai,Locality_45,Worli
Mumbai,Locality_46,Lower Parel
Mumbai,Locality_47,Vikhroli
Mumbai,Locality_48,Ghatkopar West
Mumbai,Locality_49,Ghatkopar East
Mumbai,Locality_50,Colaba
Mumbai,Locality_51,Andheri West
Mumbai,Locality_52,Andheri East
Mumbai,Locality_53,Bandra West
Mumbai,Locality_54,Bandra East
Mumbai,Locality_55,Powai
Mumbai,Locality_56,Borivali West
Mumbai,Locality_57,Borivali East
Mumbai,Locality_58,Kandivali West
Mumbai,Locality_59,Kandivali East
Mumbai,Locality_60,Malad West
Mumbai,Locality_61,Malad East
Mumbai,Locality_62,Goregaon West
Mumbai,Locality_63,Goregaon East
Mumbai,Locality_64,Chembur
Mumbai,Locality_65,Mulund West
Mumbai,Locality_66,Mulund East
Mumbai,Locality_67,Thane West
Mumbai,Locality_68,Dadar West
Mumbai,Locality_69,Dadar East
Mumbai,Locality_70,Worli
Mumbai,Locality_71,Lower Parel
Mumbai,Locality_72,Vikhroli
Mumbai,Locality_73,Ghatkopar West
Mumbai,Locality_74,Ghatkopar East
Mumbai,Locality_75,Colaba
Mumbai,Locality_76,Andheri West
Mumbai,Locality_77,Andheri East
Mumbai,Locality_78,Bandra West
Mumbai,Locality_79,Bandra East
Mumbai,Locality_80,Powai
Mumbai,Locality_81,Borivali West
Mumbai,Locality_82,Borivali East
Mumbai,Locality_83,Kandivali West
Mumbai,Locality_84,Kandivali East
Mumbai,Locality_85,Malad West
Mumbai,Locality_86,Malad East
Mumbai,Locality_87,Goregaon West
Mumbai,Locality_88,Goregaon East
Mumbai,Locality_89,Chembur
Mumbai,Locality_90,Mulund West
Mumbai,Locality_91,Mulund East
Mumbai,Locality_92,Thane West
Mumbai,Locality_93,Dadar West
Mumbai,Locality_94,Dadar East
Mumbai,Locality_95,Worli
Mumbai,Locality_96,Lower Parel
Mumbai,Locality_97,Vikhroli
Mumbai,Locality_98,Ghatkopar West
Mumbai,Locality_99,Ghatkopar East
Mumbai,Locality_100,Colaba
Mumbai,Locality_101,Andheri West
Mumbai,Locality_102,Andheri East
Mumbai,Locality_103,Bandra West
Mumbai,Locality_104,Bandra East
Mumbai,Locality_105,Powai
Mumbai,Locality_106,Borivali West
Mumbai,Locality_107,Borivali East
Mumbai,Locality_108,Kandivali West
Mumbai,Locality_109,Kandivali East
Mumbai,Locality_110,Malad West
Mumbai,Locality_111,Malad East
Mumbai,Locality_112,Goregaon West
Mumbai,Locality_113,Goregaon East
Mumbai,Locality_114,Chembur
Mumbai,Locality_115,Mulund West
Mumbai,Locality_116,Mulund East
Mumbai,Locality_118,Thane West
Mumbai,Locality_119,Dadar West
Mumbai,Locality_120,Dadar East
Mumbai,Locality_121,Worli
Mumbai,Locality_122,Lower Parel
Mumbai,Locality_123,Vikhroli
Mumbai,Locality_124,Ghatkopar West
Mumbai,Locality_125,Ghatkopar East
Mumbai,Locality_126,Colaba
Mumbai,Locality_127,Andheri West
Mumbai,Locality_128,Andheri East
Mumbai,Locality_129,Bandra West
Mumbai,Locality_130,Bandra East
Mumbai,Locality_131,Powai
Mumbai,Locality_132,Borivali West
Mumbai,Locality_133,Borivali East
Mumbai,Locality_134,Kandivali West
Mumbai,Locality_135,Kandivali East
Mumbai,Locality_136,Malad West
Mumbai,Locality_137,Malad East
Mumbai,Locality_138,Goregaon West
Mumbai,Locality_139,Goregaon East
Mumbai,Locality_140,Chembur
Mumbai,Locality_141,Mulund West
Mumbai,Locality_142,Mulund East
Mumbai,Locality_143,Thane West
Mumbai,Locality_144,Dadar West
Mumbai,Locality_145,Dadar East
Mumbai,Locality_146,Worli
Mumbai,Locality_147,Lower Parel
Mumbai,Locality_148,Vikhroli
Mumbai,Locality_149,Ghatkopar West
Mumbai,Locality_150,Ghatkopar East
Mumbai,Locality_151,Colaba
Mumbai,Locality_152,Andheri West
Mumbai,Locality_153,Andheri East
Mumbai,Locality_154,Bandra West
Mumbai,Locality_155,Bandra East
Mumbai,Locality_156,Powai
Mumbai,Locality_157,Borivali West
Mumbai,Locality_158,Borivali East
Mumbai,Locality_159,Kandivali West
Mumbai,Locality_160,Kandivali East
Mumbai,Locality_161,Malad West
Mumbai,Locality_162,Malad East
Mumbai,Locality_163,Goregaon West
Mumbai,Locality_164,Goregaon East
Mumbai,Locality_165,Chembur
Mumbai,Locality_166,Mulund West
Mumbai,Locality_167,Mulund East
Mumbai,Locality_168,Thane West
Mumbai,Locality_169,Dadar West
Mumbai,Locality_170,Dadar East
Mumbai,Locality_171,Worli
Mumbai,Locality_172,Lower Parel
Mumbai,Locality_173,Vikhroli
Mumbai,Locality_174,Ghatkopar West
Mumbai,Locality_175,Ghatkopar East
Mumbai,Locality_176,Colaba
Mumbai,Locality_177,Andheri West
Mumbai,Locality_178,Andheri East
Mumbai,Locality_179,Bandra West
Mumbai,Locality_180,Bandra East
Mumbai,Locality_181,Powai
Mumbai,Locality_182,Borivali West
Mumbai,Locality_183,Borivali East
Mumbai,Locality_184,Kandivali West
Mumbai,Locality_185,Kandivali East
Mumbai,Locality_186,Malad West
Mumbai,Locality_187,Malad East
Mumbai,Locality_188,Goregaon West
Mumbai,Locality_189,Goregaon East
Mumbai,Locality_190,Chembur
Mumbai,Locality_191,Mulund West
Mumbai,Locality_192,Mulund East
Mumbai,Locality_193,Thane West
Mumbai,Locality_194,Dadar West
Mumbai,Locality_195,Dadar East
Mumbai,Locality_196,Worli
Mumbai,Locality_197,Lower Parel
Mumbai,Locality_198,Vikhroli
Mumbai,Locality_199,Ghatkopar West
Mumbai,Locality_200,Ghatkopar East
Mumbai,Locality_201,Colaba
Mumbai,Locality_202,Andheri West
Mumbai,Locality_203,Andheri East
Mumbai,Locality_204,Bandra West
Mumbai,Locality_205,Bandra East
Mumbai,Locality_206,Powai
Mumbai,Locality_207,Borivali West
Mumbai,Locality_208,Borivali East
Mumbai,Locality_209,Kandivali West
Mumbai,Locality_210,Kandivali East
Mumbai,Locality_211,Malad West
Mumbai,Locality_212,Malad East
Mumbai,Locality_213,Goregaon West
Mumbai,Locality_214,Goregaon East
Mumbai,Locality_215,Chembur
Mumbai,Locality_216,Mulund West
Mumbai,Locality_217,Mulund East
Mumbai,Locality_218,Thane West
Mumbai,Locality_219,Dadar West
Mumbai,Locality_220,Dadar East
Mumbai,Locality_221,Worli
Mumbai,Locality_222,Lower Parel
Mumbai,Locality_223,Vikhroli
Mumbai,Locality_224,Ghatkopar West
Mumbai,Locality_225,Ghatkopar East
Mumbai,Locality_226,Colaba
Mumbai,Locality_227,Andheri West
Mumbai,Locality_228,Andheri East
Mumbai,Locality_229,Bandra West
Mumbai,Locality_230,Bandra East
Mumbai,Locality_231,Powai
Mumbai,Locality_232,Borivali West
Mumbai,Locality_233,Borivali East
Mumbai,Locality_234,Kandivali West
Mumbai,Locality_235,Kandivali East
Mumbai,Locality_236,Malad West
Mumbai,Locality_237,Malad East
Mumbai,Locality_238,Goregaon West
Mumbai,Locality_239,Goregaon East
Mumbai,Locality_240,Chembur
Mumbai,Locality_241,Mulund West
Mumbai,Locality_242,Mulund East
Mumbai,Locality_243,Thane West
Mumbai,Locality_244,Dadar West
Mumbai,Locality_245,Dadar East
Mumbai,Locality_246,Worli
Mumbai,Locality_247,Lower Parel
Mumbai,Locality_248,Vikhroli
Mumbai,Locality_249,Ghatkopar West
Mumbai,Locality_250,Ghatkopar East
Mumbai,Locality_251,Colaba
Mumbai,Locality_252,Andheri West
Mumbai,Locality_253,Andheri East
Mumbai,Locality_254,Bandra West
Mumbai,Locality_255,Bandra East
Mumbai,Locality_256,Powai
Mumbai,Locality_257,Borivali West
Mumbai,Locality_258,Borivali East
Mumbai,Locality_259,Kandivali West
Mumbai,Locality_260,Kandivali East
Mumbai,Locality_261,Malad West
Mumbai,Locality_262,Malad East
Mumbai,Locality_263,Goregaon West
Mumbai,Locality_264,Goregaon East
Mumbai,Locality_265,Chembur
Mumbai,Locality_266,Mulund West
Mumbai,Locality_267,Mulund East
Mumbai,Locality_268,Thane West
Mumbai,Locality_269,Dadar West
Mumbai,Locality_270,Dadar East
Mumbai,Locality_271,Worli
Mumbai,Locality_272,Lower Parel
Mumbai,Locality_273,Vikhroli
Mumbai,Locality_274,Ghatkopar West
Mumbai,Locality_275,Ghatkopar East
Mumbai,Locality_276,Colaba
Mumbai,Locality_277,Andheri West
Mumbai,Locality_278,Andheri East
Mumbai,Locality_279,Bandra West
Mumbai,Locality_280,Bandra East
Mumbai,Locality_281,Powai
Mumbai,Locality_282,Borivali West
Mumbai,Locality_283,Borivali East
Mumbai,Locality_284,Kandivali West
Mumbai,Locality_285,Kandivali East
Mumbai,Locality_286,Malad West
Mumbai,Locality_287,Malad East
Mumbai,Locality_288,Goregaon West
Mumbai,Locality_289,Goregaon East
Mumbai,Locality_290,Chembur
Mumbai,Locality_291,Mulund West
Mumbai,Locality_292,Mulund East
Mumbai,Locality_293,Thane West
Mumbai,Locality_294,Dadar West
Mumbai,Locality_295,Dadar East
Mumbai,Locality_296,Worli
Mumbai,Locality_297,Lower Parel
Mumbai,Locality_298,Vikhroli
Mumbai,Locality_299,Ghatkopar West
Mumbai,Locality_300,Ghatkopar East
Mumbai,Locality_301,Colaba
Mumbai,Locality_302,Andheri West
Mumbai,Locality_303,Andheri East
Mumbai,Locality_304,Bandra West
Mumbai,Locality_305,Bandra East
Mumbai,Locality_306,Powai
Mumbai,Locality_307,Borivali West
Mumbai,Locality_308,Borivali East
Mumbai,Locality_309,Kandivali West
Mumbai,Locality_310,Kandivali East
Mumbai,Locality_311,Malad West
Mumbai,Locality_312,Malad East
Mumbai,Locality_313,Goregaon West
Mumbai,Locality_314,Goregaon East
Mumbai,Locality_315,Chembur
Mumbai,Locality_316,Mulund West
Mumbai,Locality_317,Mulund East
Mumbai,Locality_318,Thane West
Mumbai,Locality_319,Dadar West
Mumbai,Locality_320,Dadar East
Mumbai,Locality_321,Worli
Mumbai,Locality_322,Lower Parel
Mumbai,Locality_323,Vikhroli
Mumbai,Locality_324,Ghatkopar West
Mumbai,Locality_325,Ghatkopar East
Mumbai,Locality_326,Colaba
Mumbai,Locality_327,Andheri West
Mumbai,Locality_328,Andheri East
Mumbai,Locality_329,Bandra West
Mumbai,Locality_330,Bandra East
Mumbai,Locality_331,Powai
Mumbai,Locality_332,Borivali West
Mumbai,Locality_333,Borivali East
Mumbai,Locality_334,Kandivali West
Mumbai,Locality_335,Kandivali East
Mumbai,Locality_336,Malad West
Mumbai,Locality_337,Malad East
Mumbai,Locality_338,Goregaon West
Mumbai,Locality_339,Goregaon East
Mumbai,Locality_340,Chembur
Mumbai,Locality_341,Mulund West
Mumbai,Locality_342,Mulund East
Mumbai,Locality_343,Thane West
Mumbai,Locality_344,Dadar West
Mumbai,Locality_345,Dadar East
Mumbai,Locality_346,Worli
Mumbai,Locality_347,Lower Parel
Mumbai,Locality_348,Vikhroli
Mumbai,Locality_349,Ghatkopar West
Mumbai,Locality_350,Ghatkopar East
Mumbai,Locality_351,Colaba
Mumbai,Locality_352,Andheri West
Mumbai,Locality_353,Andheri East
Mumbai,Locality_354,Bandra West
Mumbai,Locality_355,Bandra East
Mumbai,Locality_356,Powai
Mumbai,Locality_357,Borivali West
Mumbai,Locality_358,Borivali East
Mumbai,Locality_359,Kandivali West
Mumbai,Locality_360,Kandivali East
Mumbai,Locality_361,Malad West
Mumbai,Locality_362,Malad East
Mumbai,Locality_363,Goregaon West
Mumbai,Locality_364,Goregaon East
Mumbai,Locality_365,Chembur
Mumbai,Locality_366,Mulund West
Mumbai,Locality_367,Mulund East
Mumbai,Locality_368,Thane West
Mumbai,Locality_369,Dadar West
Mumbai,Locality_370,Dadar East
Mumbai,Locality_371,Worli
Mumbai,Locality_372,Lower Parel
Mumbai,Locality_373,Vikhroli
Mumbai,Locality_374,Ghatkopar West
Mumbai,Locality_375,Ghatkopar East
Mumbai,Locality_376,Colaba
Mumbai,Locality_377,Andheri West
Mumbai,Locality_378,Andheri East
Mumbai,Locality_379,Bandra West
Mumbai,Locality_380,Bandra East
Mumbai,Locality_381,Powai
Mumbai,Locality_382,Borivali West
Mumbai,Locality_383,Borivali East
Mumbai,Locality_384,Kandivali West
Mumbai,Locality_385,Kandivali East
Mumbai,Locality_386,Malad West
Mumbai,Locality_387,Malad East
Mumbai,Locality_388,Goregaon West
Mumbai,Locality_389,Goregaon East
Mumbai,Locality_390,Chembur
Mumbai,Locality_391,Mulund West
Mumbai,Locality_392,Mulund East
Mumbai,Locality_393,Thane West
Mumbai,Locality_394,Dadar West
Mumbai,Locality_395,Dadar East
Mumbai,Locality_396,Worli
Mumbai,Locality_397,Lower Parel
Mumbai,Locality_398,Vikhroli
Mumbai,Locality_399,Ghatkopar West
Mumbai,Locality_400,Ghatkopar East
Mumbai,Locality_401,Colaba
Mumbai,Locality_402,Andheri West
Mumbai,Locality_403,Andheri East
Mumbai,Locality_404,Bandra West
Mumbai,Locality_405,Bandra East
Mumbai,Locality_406,Powai
Mumbai,Locality_407,Borivali West
Mumbai,Locality_408,Borivali East
Mumbai,Locality_409,Kandivali West
Mumbai,Locality_410,Kandivali East
Mumbai,Locality_411,Malad West
Mumbai,Locality_412,Malad East
Mumbai,Locality_413,Goregaon West
Mumbai,Locality_414,Goregaon East
Mumbai,Locality_415,Chembur
Mumbai,Locality_416,Mulund West
Mumbai,Locality_417,Mulund East
Mumbai,Locality_418,Thane West
Mumbai,Locality_419,Dadar West
Mumbai,Locality_420,Dadar East
Mumbai,Locality_421,Worli
Mumbai,Locality_422,Lower Parel
Mumbai,Locality_423,Vikhroli
Mumbai,Locality_424,Ghatkopar West
Mumbai,Locality_425,Ghatkopar East
Mumbai,Locality_426,Colaba
Mumbai,Locality_427,Andheri West
Mumbai,Locality_428,Andheri East
Mumbai,Locality_429,Bandra West
Mumbai,Locality_430,Bandra East
Mumbai,Locality_431,Powai
Mumbai,Locality_432,Borivali West
Mumbai,Locality_433,Borivali East
Mumbai,Locality_434,Kandivali West
Mumbai,Locality_435,Kandivali East
Mumbai,Locality_436,Malad West
Mumbai,Locality_437,Malad East
Mumbai,Locality_438,Goregaon West
Mumbai,Locality_439,Goregaon East
Mumbai,Locality_440,Chembur
Mumbai,Locality_441,Mulund West
Mumbai,Locality_442,Mulund East
Mumbai,Locality_443,Thane West
Mumbai,Locality_444,Dadar West
Mumbai,Locality_445,Dadar East
Mumbai,Locality_446,Worli
Mumbai,Locality_447,Lower Parel
Mumbai,Locality_448,Vikhroli
Mumbai,Locality_449,Ghatkopar West
Mumbai,Locality_450,Ghatkopar East
Mumbai,Locality_451,Colaba
Mumbai,Locality_452,Andheri West
Mumbai,Locality_453,Andheri East
Mumbai,Locality_454,Bandra West
Mumbai,Locality_455,Bandra East
Mumbai,Locality_456,Powai
Mumbai,Locality_457,Borivali West
Mumbai,Locality_458,Borivali East
Mumbai,Locality_459,Kandivali West
Mumbai,Locality_460,Kandivali East
Mumbai,Locality_461,Malad West
Mumbai,Locality_462,Malad East
Mumbai,Locality_463,Goregaon West
Mumbai,Locality_464,Goregaon East
Mumbai,Locality_465,Chembur
Mumbai,Locality_466,Mulund West
Mumbai,Locality_467,Mulund East
Mumbai,Locality_468,Thane West
Mumbai,Locality_469,Dadar West
Mumbai,Locality_470,Dadar East
Mumbai,Locality_471,Worli
Mumbai,Locality_472,Lower Parel
Mumbai,Locality_473,Vikhroli
Mumbai,Locality_474,Ghatkopar West
Mumbai,Locality_475,Ghatkopar East
Mumbai,Locality_476,Colaba
Mumbai,Locality_477,Andheri West
Mumbai,Locality_478,Andheri East
Mumbai,Locality_479,Bandra West
Mumbai,Locality_480,Bandra East
Mumbai,Locality_481,Powai
Mumbai,Locality_482,Borivali West
Mumbai,Locality_483,Borivali East
Mumbai,Locality_484,Kandivali West
Mumbai,Locality_485,Kandivali East
Mumbai,Locality_486,Malad West
Mumbai,Locality_487,Malad East
Mumbai,Locality_488,Goregaon West
Mumbai,Locality_489,Goregaon East
Mumbai,Locality_490,Chembur
Mumbai,Locality_491,Mulund West
Mumbai,Locality_492,Mulund East
Mumbai,Locality_493,Thane West
Mumbai,Locality_494,Dadar West
Mumbai,Locality_495,Dadar East
Mumbai,Locality_496,Worli
Mumbai,Locality_497,Lower Parel
Mumbai,Locality_498,Vikhroli
Mumbai,Locality_499,Ghatkopar West
Mumbai,Locality_500,Ghatkopar East
Mysore,Locality_1,Vijayanagar
Mysore,Locality_2,Kuvempunagar
Mysore,Locality_3,Saraswathipuram
Mysore,Locality_4,Jayalakshmipuram
Mysore,Locality_5,Hebbal
Mysore,Locality_6,VV Mohalla
Mysore,Locality_7,Gokulam
Mysore,Locality_8,Lakshmipuram
Mysore,Locality_9,Nazarbad
Mysore,Locality_10,Dattagalli
Mysore,Locality_11,Bogadi
Mysore,Locality_12,Bannur Road
Mysore,Locality_13,Hootagalli
Mysore,Locality_14,Siddharthanagar
Mysore,Locality_15,Ramakrishnanagar
Mysore,Locality_16,Udayagiri
Mysore,Locality_17,Rajiv Nagar
Mysore,Locality_18,Mandi Mohalla
Mysore,Locality_19,Chamundipuram
Mysore,Locality_20,JP Nagar
Mysore,Locality_21,Kalyanagiri
Mysore,Locality_22,BEML Layout
Mysore,Locality_23,Yadavagiri
Mysore,Locality_24,Srirampura
Mysore,Locality_25,Alanahalli
Mysore,Locality_26,Vijayanagar
Mysore,Locality_27,Kuvempunagar
Mysore,Locality_28,Saraswathipuram
Mysore,Locality_29,Jayalakshmipuram
Mysore,Locality_30,Hebbal
Mysore,Locality_31,VV Mohalla
Mysore,Locality_32,Gokulam
Mysore,Locality_33,Lakshmipuram
Mysore,Locality_34,Nazarbad
Mysore,Locality_35,Dattagalli
Mysore,Locality_36,Bogadi
Mysore,Locality_37,Bannur Road
Mysore,Locality_38,Hootagalli
Mysore,Locality_39,Siddharthanagar
Mysore,Locality_40,Ramakrishnanagar
Mysore,Locality_41,Udayagiri
Mysore,Locality_42,Rajiv Nagar
Mysore,Locality_43,Mandi Mohalla
Mysore,Locality_44,Chamundipuram
Mysore,Locality_45,JP Nagar
Mysore,Locality_46,Kalyanagiri
Mysore,Locality_47,BEML Layout
Mysore,Locality_48,Yadavagiri
Mysore,Locality_49,Srirampura
Mysore,Locality_50,Alanahalli
Mysore,Locality_51,Vijayanagar
Mysore,Locality_52,Kuvempunagar
Mysore,Locality_53,Saraswathipuram
Mysore,Locality_54,Jayalakshmipuram
Mysore,Locality_55,Hebbal
Mysore,Locality_56,VV Mohalla
Mysore,Locality_57,Gokulam
Mysore,Locality_58,Lakshmipuram
Mysore,Locality_59,Nazarbad
Mysore,Locality_60,Dattagalli
Mysore,Locality_61,Bogadi
Mysore,Locality_62,Bannur Road
Mysore,Locality_63,Hootagalli
Mysore,Locality_64,Siddharthanagar
Mysore,Locality_65,Ramakrishnanagar
Mysore,Locality_66,Udayagiri
Mysore,Locality_67,Rajiv Nagar
Mysore,Locality_68,Mandi Mohalla
Mysore,Locality_69,Chamundipuram
Mysore,Locality_70,JP Nagar
Mysore,Locality_71,Kalyanagiri
Mysore,Locality_72,BEML Layout
Mysore,Locality_73,Yadavagiri
Mysore,Locality_74,Srirampura
Mysore,Locality_75,Alanahalli
Mysore,Locality_76,Vijayanagar
Mysore,Locality_77,Kuvempunagar
Mysore,Locality_78,Saraswathipuram
Mysore,Locality_79,Jayalakshmipuram
Mysore,Locality_80,Hebbal
Mysore,Locality_81,VV Mohalla
Mysore,Locality_82,Gokulam
Mysore,Locality_83,Lakshmipuram
Mysore,Locality_84,Nazarbad
Mysore,Locality_85,Dattagalli
Mysore,Locality_86,Bogadi
Mysore,Locality_87,Bannur Road
Mysore,Locality_88,Hootagalli
Mysore,Locality_89,Siddharthanagar
Mysore,Locality_90,Ramakrishnanagar
Mysore,Locality_91,Udayagiri
Mysore,Locality_92,Rajiv Nagar
Mysore,Locality_93,Mandi Mohalla
Mysore,Locality_94,Chamundipuram
Mysore,Locality_95,JP Nagar
Mysore,Locality_96,Kalyanagiri
Mysore,Locality_97,BEML Layout
Mysore,Locality_98,Yadavagiri
Mysore,Locality_99,Srirampura
Mysore,Locality_100,Alanahalli
Mysore,Locality_101,Vijayanagar
Mysore,Locality_102,Kuvempunagar
Mysore,Locality_103,Saraswathipuram
Mysore,Locality_104,Jayalakshmipuram
Mysore,Locality_105,Hebbal
Mysore,Locality_106,VV Mohalla
Mysore,Locality_107,Gokulam
Mysore,Locality_108,Lakshmipuram
Mysore,Locality_109,Nazarbad
Mysore,Locality_110,Dattagalli
Mysore,Locality_111,Bogadi
Mysore,Locality_112,Bannur Road
Mysore,Locality_113,Hootagalli
Mysore,Locality_114,Siddharthanagar
Mysore,Locality_115,Ramakrishnanagar
Mysore,Locality_116,Udayagiri
Mysore,Locality_117,Rajiv Nagar
Mysore,Locality_118,Mandi Mohalla
Mysore,Locality_119,Chamundipuram
Mysore,Locality_120,JP Nagar
Mysore,Locality_121,Kalyanagiri
Mysore,Locality_122,BEML Layout
Mysore,Locality_123,Yadavagiri
Mysore,Locality_124,Srirampura
Mysore,Locality_125,Alanahalli
Mysore,Locality_126,Vijayanagar
Mysore,Locality_127,Kuvempunagar
Mysore,Locality_128,Saraswathipuram
Mysore,Locality_129,Jayalakshmipuram
Mysore,Locality_130,Hebbal
Mysore,Locality_131,VV Mohalla
Mysore,Locality_132,Gokulam
Mysore,Locality_133,Lakshmipuram
Mysore,Locality_134,Nazarbad
Mysore,Locality_135,Dattagalli
Mysore,Locality_136,Bogadi
Mysore,Locality_137,Bannur Road
Mysore,Locality_138,Hootagalli
Mysore,Locality_139,Siddharthanagar
Mysore,Locality_140,Ramakrishnanagar
Mysore,Locality_141,Udayagiri
Mysore,Locality_142,Rajiv Nagar
Mysore,Locality_143,Mandi Mohalla
Mysore,Locality_144,Chamundipuram
Mysore,Locality_145,JP Nagar
Mysore,Locality_146,Kalyanagiri
Mysore,Locality_147,BEML Layout
Mysore,Locality_148,Yadavagiri
Mysore,Locality_149,Srirampura
Mysore,Locality_150,Alanahalli
Mysore,Locality_151,Vijayanagar
Mysore,Locality_152,Kuvempunagar
Mysore,Locality_153,Saraswathipuram
Mysore,Locality_154,Jayalakshmipuram
Mysore,Locality_155,Hebbal
Mysore,Locality_156,VV Mohalla
Mysore,Locality_157,Gokulam
Mysore,Locality_158,Lakshmipuram
Mysore,Locality_159,Nazarbad
Mysore,Locality_160,Dattagalli
Mysore,Locality_161,Bogadi
Mysore,Locality_162,Bannur Road
Mysore,Locality_163,Hootagalli
Mysore,Locality_164,Siddharthanagar
Mysore,Locality_165,Ramakrishnanagar
Mysore,Locality_166,Udayagiri
Mysore,Locality_167,Rajiv Nagar
Mysore,Locality_168,Mandi Mohalla
Mysore,Locality_169,Chamundipuram
Mysore,Locality_170,JP Nagar
Mysore,Locality_171,Kalyanagiri
Mysore,Locality_172,BEML Layout
Mysore,Locality_173,Yadavagiri
Mysore,Locality_174,Srirampura
Mysore,Locality_175,Alanahalli
Mysore,Locality_176,Vijayanagar
Mysore,Locality_177,Kuvempunagar
Mysore,Locality_178,Saraswathipuram
Mysore,Locality_179,Jayalakshmipuram
Mysore,Locality_180,Hebbal
Mysore,Locality_181,VV Mohalla
Mysore,Locality_182,Gokulam
Mysore,Locality_183,Lakshmipuram
Mysore,Locality_184,Nazarbad
Mysore,Locality_185,Dattagalli
Mysore,Locality_186,Bogadi
Mysore,Locality_187,Bannur Road
Mysore,Locality_188,Hootagalli
Mysore,Locality_189,Siddharthanagar
Mysore,Locality_190,Ramakrishnanagar
Mysore,Locality_191,Udayagiri
Mysore,Locality_192,Rajiv Nagar
Mysore,Locality_193,Mandi Mohalla
Mysore,Locality_194,Chamundipuram
Mysore,Locality_195,JP Nagar
Mysore,Locality_196,Kalyanagiri
Mysore,Locality_197,BEML Layout
Mysore,Locality_198,Yadavagiri
Mysore,Locality_199,Srirampura
Mysore,Locality_200,Alanahalli
Mysore,Locality_201,Vijayanagar
Mysore,Locality_202,Kuvempunagar
Mysore,Locality_203,Saraswathipuram
Mysore,Locality_204,Jayalakshmipuram
Mysore,Locality_205,Hebbal
Mysore,Locality_206,VV Mohalla
Mysore,Locality_207,Gokulam
Mysore,Locality_208,Lakshmipuram
Mysore,Locality_209,Nazarbad
Mysore,Locality_210,Dattagalli
Mysore,Locality_211,Bogadi
Mysore,Locality_212,Bannur Road
Mysore,Locality_213,Hootagalli
Mysore,Locality_214,Siddharthanagar
Mysore,Locality_215,Ramakrishnanagar
Mysore,Locality_216,Udayagiri
Mysore,Locality_217,Rajiv Nagar
Mysore,Locality_218,Mandi Mohalla
Mysore,Locality_219,Chamundipuram
Mysore,Locality_220,JP Nagar
Mysore,Locality_221,Kalyanagiri
Mysore,Locality_222,BEML Layout
Mysore,Locality_223,Yadavagiri
Mysore,Locality_224,Srirampura
Mysore,Locality_225,Alanahalli
Mysore,Locality_226,Vijayanagar
Mysore,Locality_227,Kuvempunagar
Mysore,Locality_228,Saraswathipuram
Mysore,Locality_229,Jayalakshmipuram
Mysore,Locality_230,Hebbal
Mysore,Locality_231,VV Mohalla
Mysore,Locality_232,Gokulam
Mysore,Locality_233,Lakshmipuram
Mysore,Locality_234,Nazarbad
Mysore,Locality_235,Dattagalli
Mysore,Locality_236,Bogadi
Mysore,Locality_237,Bannur Road
Mysore,Locality_238,Hootagalli
Mysore,Locality_239,Siddharthanagar
Mysore,Locality_240,Ramakrishnanagar
Mysore,Locality_241,Udayagiri
Mysore,Locality_242,Rajiv Nagar
Mysore,Locality_243,Mandi Mohalla
Mysore,Locality_244,Chamundipuram
Mysore,Locality_245,JP Nagar
Mysore,Locality_246,Kalyanagiri
Mysore,Locality_247,BEML Layout
Mysore,Locality_248,Yadavagiri
Mysore,Locality_249,Srirampura
Mysore,Locality_250,Alanahalli
Mysore,Locality_251,Vijayanagar
Mysore,Locality_252,Kuvempunagar
Mysore,Locality_253,Saraswathipuram
Mysore,Locality_254,Jayalakshmipuram
Mysore,Locality_255,Hebbal
Mysore,Locality_256,VV Mohalla
Mysore,Locality_257,Gokulam
Mysore,Locality_258,Lakshmipuram
Mysore,Locality_259,Nazarbad
Mysore,Locality_260,Dattagalli
Mysore,Locality_261,Bogadi
Mysore,Locality_262,Bannur Road
Mysore,Locality_263,Hootagalli
Mysore,Locality_264,Siddharthanagar
Mysore,Locality_265,Ramakrishnanagar
Mysore,Locality_266,Udayagiri
Mysore,Locality_267,Rajiv Nagar
Mysore,Locality_268,Mandi Mohalla
Mysore,Locality_269,Chamundipuram
Mysore,Locality_270,JP Nagar
Mysore,Locality_271,Kalyanagiri
Mysore,Locality_272,BEML Layout
Mysore,Locality_273,Yadavagiri
Mysore,Locality_274,Srirampura
Mysore,Locality_275,Alanahalli
Mysore,Locality_276,Vijayanagar
Mysore,Locality_277,Kuvempunagar
Mysore,Locality_278,Saraswathipuram
Mysore,Locality_279,Jayalakshmipuram
Mysore,Locality_280,Hebbal
Mysore,Locality_281,VV Mohalla
Mysore,Locality_282,Gokulam
Mysore,Locality_283,Lakshmipuram
Mysore,Locality_284,Nazarbad
Mysore,Locality_285,Dattagalli
Mysore,Locality_286,Bogadi
Mysore,Locality_287,Bannur Road
Mysore,Locality_288,Hootagalli
Mysore,Locality_289,Siddharthanagar
Mysore,Locality_290,Ramakrishnanagar
Mysore,Locality_291,Udayagiri
Mysore,Locality_292,Rajiv Nagar
Mysore,Locality_293,Mandi Mohalla
Mysore,Locality_294,Chamundipuram
Mysore,Locality_295,JP Nagar
Mysore,Locality_296,Kalyanagiri
Mysore,Locality_297,BEML Layout
Mysore,Locality_298,Yadavagiri
Mysore,Locality_299,Srirampura
Mysore,Locality_300,Alanahalli
Mysore,Locality_301,Vijayanagar
Mysore,Locality_302,Kuvempunagar
Mysore,Locality_303,Saraswathipuram
Mysore,Locality_304,Jayalakshmipuram
Mysore,Locality_305,Hebbal
Mysore,Locality_306,VV Mohalla
Mysore,Locality_307,Gokulam
Mysore,Locality_308,Lakshmipuram
Mysore,Locality_309,Nazarbad
Mysore,Locality_310,Dattagalli
Mysore,Locality_311,Bogadi
Mysore,Locality_312,Bannur Road
Mysore,Locality_313,Hootagalli
Mysore,Locality_314,Siddharthanagar
Mysore,Locality_315,Ramakrishnanagar
Mysore,Locality_316,Udayagiri
Mysore,Locality_317,Rajiv Nagar
Mysore,Locality_318,Mandi Mohalla
Mysore,Locality_319,Chamundipuram
Mysore,Locality_320,JP Nagar
Mysore,Locality_321,Kalyanagiri
Mysore,Locality_322,BEML Layout
Mysore,Locality_323,Yadavagiri
Mysore,Locality_324,Srirampura
Mysore,Locality_325,Alanahalli
Mysore,Locality_326,Vijayanagar
Mysore,Locality_327,Kuvempunagar
Mysore,Locality_328,Saraswathipuram
Mysore,Locality_329,Jayalakshmipuram
Mysore,Locality_330,Hebbal
Mysore,Locality_331,VV Mohalla
Mysore,Locality_332,Gokulam
Mysore,Locality_333,Lakshmipuram
Mysore,Locality_334,Nazarbad
Mysore,Locality_335,Dattagalli
Mysore,Locality_336,Bogadi
Mysore,Locality_337,Bannur Road
Mysore,Locality_338,Hootagalli
Mysore,Locality_339,Siddharthanagar
Mysore,Locality_340,Ramakrishnanagar
Mysore,Locality_341,Udayagiri
Mysore,Locality_342,Rajiv Nagar
Mysore,Locality_343,Mandi Mohalla
Mysore,Locality_344,Chamundipuram
Mysore,Locality_345,JP Nagar
Mysore,Locality_346,Kalyanagiri
Mysore,Locality_347,BEML Layout
Mysore,Locality_348,Yadavagiri
Mysore,Locality_349,Srirampura
Mysore,Locality_350,Alanahalli
Mysore,Locality_351,Vijayanagar
Mysore,Locality_352,Kuvempunagar
Mysore,Locality_353,Saraswathipuram
Mysore,Locality_354,Jayalakshmipuram
Mysore,Locality_355,Hebbal
Mysore,Locality_356,VV Mohalla
Mysore,Locality_357,Gokulam
Mysore,Locality_358,Lakshmipuram
Mysore,Locality_359,Nazarbad
Mysore,Locality_360,Dattagalli
Mysore,Locality_361,Bogadi
Mysore,Locality_362,Bannur Road
Mysore,Locality_363,Hootagalli
Mysore,Locality_364,Siddharthanagar
Mysore,Locality_365,Ramakrishnanagar
Mysore,Locality_366,Udayagiri
Mysore,Locality_367,Rajiv Nagar
Mysore,Locality_368,Mandi Mohalla
Mysore,Locality_369,Chamundipuram
Mysore,Locality_370,JP Nagar
Mysore,Locality_371,Kalyanagiri
Mysore,Locality_372,BEML Layout
Mysore,Locality_373,Yadavagiri
Mysore,Locality_374,Srirampura
Mysore,Locality_375,Alanahalli
Mysore,Locality_376,Vijayanagar
Mysore,Locality_377,Kuvempunagar
Mysore,Locality_378,Saraswathipuram
Mysore,Locality_379,Jayalakshmipuram
Mysore,Locality_380,Hebbal
Mysore,Locality_381,VV Mohalla
Mysore,Locality_382,Gokulam
Mysore,Locality_383,Lakshmipuram
Mysore,Locality_384,Nazarbad
Mysore,Locality_385,Dattagalli
Mysore,Locality_386,Bogadi
Mysore,Locality_387,Bannur Road
Mysore,Locality_388,Hootagalli
Mysore,Locality_389,Siddharthanagar
Mysore,Locality_390,Ramakrishnanagar
Mysore,Locality_391,Udayagiri
Mysore,Locality_392,Rajiv Nagar
Mysore,Locality_393,Mandi Mohalla
Mysore,Locality_394,Chamundipuram
Mysore,Locality_395,JP Nagar
Mysore,Locality_396,Kalyanagiri
Mysore,Locality_397,BEML Layout
Mysore,Locality_398,Yadavagiri
Mysore,Locality_399,Srirampura
Mysore,Locality_400,Alanahalli
Mysore,Locality_401,Vijayanagar
Mysore,Locality_402,Kuvempunagar
Mysore,Locality_403,Saraswathipuram
Mysore,Locality_404,Jayalakshmipuram
Mysore,Locality_405,Hebbal
Mysore,Locality_406,VV Mohalla
Mysore,Locality_407,Gokulam
Mysore,Locality_408,Lakshmipuram
Mysore,Locality_409,Nazarbad
Mysore,Locality_410,Dattagalli
Mysore,Locality_411,Bogadi
Mysore,Locality_412,Bannur Road
Mysore,Locality_413,Hootagalli
Mysore,Locality_414,Siddharthanagar
Mysore,Locality_415,Ramakrishnanagar
Mysore,Locality_416,Udayagiri
Mysore,Locality_417,Rajiv Nagar
Mysore,Locality_418,Mandi Mohalla
Mysore,Locality_419,Chamundipuram
Mysore,Locality_420,JP Nagar
Mysore,Locality_421,Kalyanagiri
Mysore,Locality_422,BEML Layout
Mysore,Locality_423,Yadavagiri
Mysore,Locality_424,Srirampura
Mysore,Locality_425,Alanahalli
Mysore,Locality_426,Vijayanagar
Mysore,Locality_427,Kuvempunagar
Mysore,Locality_428,Saraswathipuram
Mysore,Locality_429,Jayalakshmipuram
Mysore,Locality_430,Hebbal
Mysore,Locality_431,VV Mohalla
Mysore,Locality_432,Gokulam
Mysore,Locality_433,Lakshmipuram
Mysore,Locality_434,Nazarbad
Mysore,Locality_435,Dattagalli
Mysore,Locality_436,Bogadi
Mysore,Locality_437,Bannur Road
Mysore,Locality_438,Hootagalli
Mysore,Locality_439,Siddharthanagar
Mysore,Locality_440,Ramakrishnanagar
Mysore,Locality_441,Udayagiri
Mysore,Locality_442,Rajiv Nagar
Mysore,Locality_443,Mandi Mohalla
Mysore,Locality_444,Chamundipuram
Mysore,Locality_445,JP Nagar
Mysore,Locality_446,Kalyanagiri
Mysore,Locality_447,BEML Layout
Mysore,Locality_448,Yadavagiri
Mysore,Locality_449,Srirampura
Mysore,Locality_450,Alanahalli
Mysore,Locality_451,Vijayanagar
Mysore,Locality_452,Kuvempunagar
Mysore,Locality_453,Saraswathipuram
Mysore,Locality_454,Jayalakshmipuram
Mysore,Locality_455,Hebbal
Mysore,Locality_456,VV Mohalla
Mysore,Locality_457,Gokulam
Mysore,Locality_458,Lakshmipuram
Mysore,Locality_459,Nazarbad
Mysore,Locality_460,Dattagalli
Mysore,Locality_461,Bogadi
Mysore,Locality_462,Bannur Road
Mysore,Locality_463,Hootagalli
Mysore,Locality_464,Siddharthanagar
Mysore,Locality_465,Ramakrishnanagar
Mysore,Locality_466,Udayagiri
Mysore,Locality_467,Rajiv Nagar
Mysore,Locality_468,Mandi Mohalla
Mysore,Locality_469,Chamundipuram
Mysore,Locality_470,JP Nagar
Mysore,Locality_471,Kalyanagiri
Mysore,Locality_472,BEML Layout
Mysore,Locality_473,Yadavagiri
Mysore,Locality_474,Srirampura
Mysore,Locality_475,Alanahalli
Mysore,Locality_476,Vijayanagar
Mysore,Locality_477,Kuvempunagar
Mysore,Locality_478,Saraswathipuram
Mysore,Locality_479,Jayalakshmipuram
Mysore,Locality_480,Hebbal
Mysore,Locality_481,VV Mohalla
Mysore,Locality_482,Gokulam
Mysore,Locality_483,Lakshmipuram
Mysore,Locality_484,Nazarbad
Mysore,Locality_485,Dattagalli
Mysore,Locality_486,Bogadi
Mysore,Locality_487,Bannur Road
Mysore,Locality_488,Hootagalli
Mysore,Locality_489,Siddharthanagar
Mysore,Locality_490,Ramakrishnanagar
Mysore,Locality_491,Udayagiri
Mysore,Locality_492,Rajiv Nagar
Mysore,Locality_493,Mandi Mohalla
Mysore,Locality_494,Chamundipuram
Mysore,Locality_495,JP Nagar
Mysore,Locality_496,Kalyanagiri
Mysore,Locality_497,BEML Layout
Mysore,Locality_498,Yadavagiri
Mysore,Locality_499,Srirampura
Mysore,Locality_500,Alanahalli
Nagpur,Locality_1,Dharampeth
Nagpur,Locality_2,Sadar
Nagpur,Locality_3,Civil Lines
Nagpur,Locality_4,Manish Nagar
Nagpur,Locality_5,Wardha Road
Nagpur,Locality_6,Pratap Nagar
Nagpur,Locality_7,Trimurti Nagar
Nagpur,Locality_8,Bajaj Nagar
Nagpur,Locality_9,Ramdaspeth
Nagpur,Locality_10,Laxmi Nagar
Nagpur,Locality_11,Khamla
Nagpur,Locality_12,Seminary Hills
Nagpur,Locality_13,Mahal
Nagpur,Locality_14,Sitabuldi
Nagpur,Locality_15,Hingna Road
Nagpur,Locality_16,Mankapur
Nagpur,Locality_17,Jaripatka
Nagpur,Locality_18,Nandanvan
Nagpur,Locality_19,Dighori
Nagpur,Locality_20,Koradi Road
Nagpur,Locality_21,Wadi
Nagpur,Locality_22,Besa
Nagpur,Locality_23,Hudkeshwar
Nagpur,Locality_24,Somalwada
Nagpur,Locality_25,Chhatrapati Square
Nagpur,Locality_26,Dharampeth
Nagpur,Locality_27,Sadar
Nagpur,Locality_28,Civil Lines
Nagpur,Locality_29,Manish Nagar
Nagpur,Locality_30,Wardha Road
Nagpur,Locality_31,Pratap Nagar
Nagpur,Locality_32,Trimurti Nagar
Nagpur,Locality_33,Bajaj Nagar
Nagpur,Locality_34,Ramdaspeth
Nagpur,Locality_35,Laxmi Nagar
Nagpur,Locality_36,Khamla
Nagpur,Locality_37,Seminary Hills
Nagpur,Locality_38,Mahal
Nagpur,Locality_39,Sitabuldi
Nagpur,Locality_40,Hingna Road
Nagpur,Locality_41,Mankapur
Nagpur,Locality_42,Jaripatka
Nagpur,Locality_43,Nandanvan
Nagpur,Locality_44,Dighori
Nagpur,Locality_45,Koradi Road
Nagpur,Locality_46,Wadi
Nagpur,Locality_47,Besa
Nagpur,Locality_48,Hudkeshwar
Nagpur,Locality_49,Somalwada
Nagpur,Locality_50,Chhatrapati Square
Nagpur,Locality_51,Dharampeth
Nagpur,Locality_52,Sadar
Nagpur,Locality_53,Civil Lines
Nagpur,Locality_54,Manish Nagar
Nagpur,Locality_55,Wardha Road
Nagpur,Locality_56,Pratap Nagar
Nagpur,Locality_57,Trimurti Nagar
Nagpur,Locality_58,Bajaj Nagar
Nagpur,Locality_59,Ramdaspeth
Nagpur,Locality_60,Laxmi Nagar
Nagpur,Locality_61,Khamla
Nagpur,Locality_62,Seminary Hills
Nagpur,Locality_63,Mahal
Nagpur,Locality_64,Sitabuldi
Nagpur,Locality_65,Hingna Road
Nagpur,Locality_66,Mankapur
Nagpur,Locality_67,Jaripatka
Nagpur,Locality_68,Nandanvan
Nagpur,Locality_69,Dighori
Nagpur,Locality_70,Koradi Road
Nagpur,Locality_71,Wadi
Nagpur,Locality_72,Besa
Nagpur,Locality_73,Hudkeshwar
Nagpur,Locality_74,Somalwada
Nagpur,Locality_75,Chhatrapati Square
Nagpur,Locality_76,Dharampeth
Nagpur,Locality_77,Sadar
Nagpur,Locality_78,Civil Lines
Nagpur,Locality_79,Manish Nagar
Nagpur,Locality_80,Wardha Road
Nagpur,Locality_81,Pratap Nagar
Nagpur,Locality_82,Trimurti Nagar
Nagpur,Locality_83,Bajaj Nagar
Nagpur,Locality_84,Ramdaspeth
Nagpur,Locality_85,Laxmi Nagar
Nagpur,Locality_86,Khamla
Nagpur,Locality_87,Seminary Hills
Nagpur,Locality_88,Mahal
Nagpur,Locality_89,Sitabuldi
Nagpur,Locality_90,Hingna Road
Nagpur,Locality_91,Mankapur
Nagpur,Locality_92,Jaripatka
Nagpur,Locality_93,Nandanvan
Nagpur,Locality_94,Dighori
Nagpur,Locality_95,Koradi Road
Nagpur,Locality_96,Wadi
Nagpur,Locality_97,Besa
Nagpur,Locality_98,Hudkeshwar
Nagpur,Locality_99,Somalwada
Nagpur,Locality_100,Chhatrapati Square
Nagpur,Locality_101,Dharampeth
Nagpur,Locality_102,Sadar
Nagpur,Locality_103,Civil Lines
Nagpur,Locality_104,Manish Nagar
Nagpur,Locality_105,Wardha Road
Nagpur,Locality_106,Pratap Nagar
Nagpur,Locality_107,Trimurti Nagar
Nagpur,Locality_108,Bajaj Nagar
Nagpur,Locality_109,Ramdaspeth
Nagpur,Locality_110,Laxmi Nagar
Nagpur,Locality_111,Khamla
Nagpur,Locality_112,Seminary Hills
Nagpur,Locality_113,Mahal
Nagpur,Locality_114,Sitabuldi
Nagpur,Locality_115,Hingna Road
Nagpur,Locality_116,Mankapur
Nagpur,Locality_117,Jaripatka
Nagpur,Locality_118,Nandanvan
Nagpur,Locality_119,Dighori
Nagpur,Locality_120,Koradi Road
Nagpur,Locality_121,Wadi
Nagpur,Locality_122,Besa
Nagpur,Locality_123,Hudkeshwar
Nagpur,Locality_124,Somalwada
Nagpur,Locality_125,Chhatrapati Square
Nagpur,Locality_126,Dharampeth
Nagpur,Locality_127,Sadar
Nagpur,Locality_128,Civil Lines
Nagpur,Locality_129,Manish Nagar
Nagpur,Locality_130,Wardha Road
Nagpur,Locality_131,Pratap Nagar
Nagpur,Locality_132,Trimurti Nagar
Nagpur,Locality_133,Bajaj Nagar
Nagpur,Locality_134,Ramdaspeth
Nagpur,Locality_135,Laxmi Nagar
Nagpur,Locality_136,Khamla
Nagpur,Locality_137,Seminary Hills
Nagpur,Locality_138,Mahal
Nagpur,Locality_139,Sitabuldi
Nagpur,Locality_140,Hingna Road
Nagpur,Locality_141,Mankapur
Nagpur,Locality_142,Jaripatka
Nagpur,Locality_143,Nandanvan
Nagpur,Locality_144,Dighori
Nagpur,Locality_145,Koradi Road
Nagpur,Locality_146,Wadi
Nagpur,Locality_147,Besa
Nagpur,Locality_148,Hudkeshwar
Nagpur,Locality_149,Somalwada
Nagpur,Locality_150,Chhatrapati Square
Nagpur,Locality_151,Dharampeth
Nagpur,Locality_152,Sadar
Nagpur,Locality_153,Civil Lines
Nagpur,Locality_154,Manish Nagar
Nagpur,Locality_155,Wardha Road
Nagpur,Locality_156,Pratap Nagar
Nagpur,Locality_157,Trimurti Nagar
Nagpur,Locality_158,Bajaj Nagar
Nagpur,Locality_159,Ramdaspeth
Nagpur,Locality_160,Laxmi Nagar
Nagpur,Locality_161,Khamla
Nagpur,Locality_162,Seminary Hills
Nagpur,Locality_163,Mahal
Nagpur,Locality_164,Sitabuldi
Nagpur,Locality_165,Hingna Road
Nagpur,Locality_166,Mankapur
Nagpur,Locality_167,Jaripatka
Nagpur,Locality_168,Nandanvan
Nagpur,Locality_169,Dighori
Nagpur,Locality_170,Koradi Road
Nagpur,Locality_171,Wadi
Nagpur,Locality_172,Besa
Nagpur,Locality_173,Hudkeshwar
Nagpur,Locality_174,Somalwada
Nagpur,Locality_175,Chhatrapati Square
Nagpur,Locality_176,Dharampeth
Nagpur,Locality_177,Sadar
Nagpur,Locality_178,Civil Lines
Nagpur,Locality_179,Manish Nagar
Nagpur,Locality_180,Wardha Road
Nagpur,Locality_181,Pratap Nagar
Nagpur,Locality_182,Trimurti Nagar
Nagpur,Locality_183,Bajaj Nagar
Nagpur,Locality_184,Ramdaspeth
Nagpur,Locality_185,Laxmi Nagar
Nagpur,Locality_186,Khamla
Nagpur,Locality_187,Seminary Hills
Nagpur,Locality_188,Mahal
Nagpur,Locality_189,Sitabuldi
Nagpur,Locality_190,Hingna Road
Nagpur,Locality_191,Mankapur
Nagpur,Locality_192,Jaripatka
Nagpur,Locality_193,Nandanvan
Nagpur,Locality_194,Dighori
Nagpur,Locality_195,Koradi Road
Nagpur,Locality_196,Wadi
Nagpur,Locality_197,Besa
Nagpur,Locality_198,Hudkeshwar
Nagpur,Locality_199,Somalwada
Nagpur,Locality_200,Chhatrapati Square
Nagpur,Locality_201,Dharampeth
Nagpur,Locality_202,Sadar
Nagpur,Locality_203,Civil Lines
Nagpur,Locality_204,Manish Nagar
Nagpur,Locality_205,Wardha Road
Nagpur,Locality_206,Pratap Nagar
Nagpur,Locality_207,Trimurti Nagar
Nagpur,Locality_208,Bajaj Nagar
Nagpur,Locality_209,Ramdaspeth
Nagpur,Locality_210,Laxmi Nagar
Nagpur,Locality_211,Khamla
Nagpur,Locality_212,Seminary Hills
Nagpur,Locality_213,Mahal
Nagpur,Locality_214,Sitabuldi
Nagpur,Locality_215,Hingna Road
Nagpur,Locality_216,Mankapur
Nagpur,Locality_217,Jaripatka
Nagpur,Locality_218,Nandanvan
Nagpur,Locality_219,Dighori
Nagpur,Locality_220,Koradi Road
Nagpur,Locality_221,Wadi
Nagpur,Locality_222,Besa
Nagpur,Locality_223,Hudkeshwar
Nagpur,Locality_224,Somalwada
Nagpur,Locality_225,Chhatrapati Square
Nagpur,Locality_226,Dharampeth
Nagpur,Locality_227,Sadar
Nagpur,Locality_228,Civil Lines
Nagpur,Locality_229,Manish Nagar
Nagpur,Locality_230,Wardha Road
Nagpur,Locality_231,Pratap Nagar
Nagpur,Locality_232,Trimurti Nagar
Nagpur,Locality_233,Bajaj Nagar
Nagpur,Locality_234,Ramdaspeth
Nagpur,Locality_235,Laxmi Nagar
Nagpur,Locality_236,Khamla
Nagpur,Locality_237,Seminary Hills
Nagpur,Locality_238,Mahal
Nagpur,Locality_239,Sitabuldi
Nagpur,Locality_240,Hingna Road
Nagpur,Locality_241,Mankapur
Nagpur,Locality_242,Jaripatka
Nagpur,Locality_243,Nandanvan
Nagpur,Locality_244,Dighori
Nagpur,Locality_245,Koradi Road
Nagpur,Locality_246,Wadi
Nagpur,Locality_247,Besa
Nagpur,Locality_248,Hudkeshwar
Nagpur,Locality_249,Somalwada
Nagpur,Locality_250,Chhatrapati Square
Nagpur,Locality_251,Dharampeth
Nagpur,Locality_252,Sadar
Nagpur,Locality_253,Civil Lines
Nagpur,Locality_254,Manish Nagar
Nagpur,Locality_255,Wardha Road
Nagpur,Locality_256,Pratap Nagar
Nagpur,Locality_257,Trimurti Nagar
Nagpur,Locality_258,Bajaj Nagar
Nagpur,Locality_259,Ramdaspeth
Nagpur,Locality_260,Laxmi Nagar
Nagpur,Locality_261,Khamla
Nagpur,Locality_262,Seminary Hills
Nagpur,Locality_263,Mahal
Nagpur,Locality_264,Sitabuldi
Nagpur,Locality_265,Hingna Road
Nagpur,Locality_266,Mankapur
Nagpur,Locality_267,Jaripatka
Nagpur,Locality_268,Nandanvan
Nagpur,Locality_269,Dighori
Nagpur,Locality_270,Koradi Road
Nagpur,Locality_271,Wadi
Nagpur,Locality_272,Besa
Nagpur,Locality_273,Hudkeshwar
Nagpur,Locality_274,Somalwada
Nagpur,Locality_275,Chhatrapati Square
Nagpur,Locality_276,Dharampeth
Nagpur,Locality_277,Sadar
Nagpur,Locality_278,Civil Lines
Nagpur,Locality_279,Manish Nagar
Nagpur,Locality_280,Wardha Road
Nagpur,Locality_281,Pratap Nagar
Nagpur,Locality_282,Trimurti Nagar
Nagpur,Locality_283,Bajaj Nagar
Nagpur,Locality_284,Ramdaspeth
Nagpur,Locality_285,Laxmi Nagar
Nagpur,Locality_286,Khamla
Nagpur,Locality_287,Seminary Hills
Nagpur,Locality_288,Mahal
Nagpur,Locality_289,Sitabuldi
Nagpur,Locality_290,Hingna Road
Nagpur,Locality_291,Mankapur
Nagpur,Locality_292,Jaripatka
Nagpur,Locality_293,Nandanvan
Nagpur,Locality_294,Dighori
Nagpur,Locality_295,Koradi Road
Nagpur,Locality_296,Wadi
Nagpur,Locality_297,Besa
Nagpur,Locality_298,Hudkeshwar
Nagpur,Locality_299,Somalwada
Nagpur,Locality_300,Chhatrapati Square
Nagpur,Locality_301,Dharampeth
Nagpur,Locality_302,Sadar
Nagpur,Locality_303,Civil Lines
Nagpur,Locality_304,Manish Nagar
Nagpur,Locality_305,Wardha Road
Nagpur,Locality_306,Pratap Nagar
Nagpur,Locality_307,Trimurti Nagar
Nagpur,Locality_308,Bajaj Nagar
Nagpur,Locality_309,Ramdaspeth
Nagpur,Locality_310,Laxmi Nagar
Nagpur,Locality_311,Khamla
Nagpur,Locality_312,Seminary Hills
Nagpur,Locality_313,Mahal
Nagpur,Locality_314,Sitabuldi
Nagpur,Locality_315,Hingna Road
Nagpur,Locality_316,Mankapur
Nagpur,Locality_317,Jaripatka
Nagpur,Locality_318,Nandanvan
Nagpur,Locality_319,Dighori
Nagpur,Locality_320,Koradi Road
Nagpur,Locality_321,Wadi
Nagpur,Locality_322,Besa
Nagpur,Locality_323,Hudkeshwar
Nagpur,Locality_324,Somalwada
Nagpur,Locality_325,Chhatrapati Square
Nagpur,Locality_326,Dharampeth
Nagpur,Locality_327,Sadar
Nagpur,Locality_328,Civil Lines
Nagpur,Locality_329,Manish Nagar
Nagpur,Locality_330,Wardha Road
Nagpur,Locality_331,Pratap Nagar
Nagpur,Locality_332,Trimurti Nagar
Nagpur,Locality_333,Bajaj Nagar
Nagpur,Locality_334,Ramdaspeth
Nagpur,Locality_335,Laxmi Nagar
Nagpur,Locality_336,Khamla
Nagpur,Locality_337,Seminary Hills
Nagpur,Locality_338,Mahal
Nagpur,Locality_339,Sitabuldi
Nagpur,Locality_340,Hingna Road
Nagpur,Locality_341,Mankapur
Nagpur,Locality_342,Jaripatka
Nagpur,Locality_343,Nandanvan
Nagpur,Locality_344,Dighori
Nagpur,Locality_345,Koradi Road
Nagpur,Locality_346,Wadi
Nagpur,Locality_347,Besa
Nagpur,Locality_348,Hudkeshwar
Nagpur,Locality_349,Somalwada
Nagpur,Locality_350,Chhatrapati Square
Nagpur,Locality_351,Dharampeth
Nagpur,Locality_352,Sadar
Nagpur,Locality_353,Civil Lines
Nagpur,Locality_354,Manish Nagar
Nagpur,Locality_355,Wardha Road
Nagpur,Locality_356,Pratap Nagar
Nagpur,Locality_357,Trimurti Nagar
Nagpur,Locality_358,Bajaj Nagar
Nagpur,Locality_359,Ramdaspeth
Nagpur,Locality_360,Laxmi Nagar
Nagpur,Locality_361,Khamla
Nagpur,Locality_362,Seminary Hills
Nagpur,Locality_363,Mahal
Nagpur,Locality_364,Sitabuldi
Nagpur,Locality_365,Hingna Road
Nagpur,Locality_366,Mankapur
Nagpur,Locality_367,Jaripatka
Nagpur,Locality_368,Nandanvan
Nagpur,Locality_369,Dighori
Nagpur,Locality_370,Koradi Road
Nagpur,Locality_371,Wadi
Nagpur,Locality_372,Besa
Nagpur,Locality_373,Hudkeshwar
Nagpur,Locality_374,Somalwada
Nagpur,Locality_375,Chhatrapati Square
Nagpur,Locality_376,Dharampeth
Nagpur,Locality_377,Sadar
Nagpur,Locality_378,Civil Lines
Nagpur,Locality_379,Manish Nagar
Nagpur,Locality_380,Wardha Road
Nagpur,Locality_381,Pratap Nagar
Nagpur,Locality_382,Trimurti Nagar
Nagpur,Locality_383,Bajaj Nagar
Nagpur,Locality_384,Ramdaspeth
Nagpur,Locality_385,Laxmi Nagar
Nagpur,Locality_386,Khamla
Nagpur,Locality_387,Seminary Hills
Nagpur,Locality_388,Mahal
Nagpur,Locality_389,Sitabuldi
Nagpur,Locality_390,Hingna Road
Nagpur,Locality_391,Mankapur
Nagpur,Locality_392,Jaripatka
Nagpur,Locality_393,Nandanvan
Nagpur,Locality_394,Dighori
Nagpur,Locality_395,Koradi Road
Nagpur,Locality_396,Wadi
Nagpur,Locality_397,Besa
Nagpur,Locality_398,Hudkeshwar
Nagpur,Locality_399,Somalwada
Nagpur,Locality_400,Chhatrapati Square
Nagpur,Locality_401,Dharampeth
Nagpur,Locality_402,Sadar
Nagpur,Locality_403,Civil Lines
Nagpur,Locality_404,Manish Nagar
Nagpur,Locality_405,Wardha Road
Nagpur,Locality_406,Pratap Nagar
Nagpur,Locality_407,Trimurti Nagar
Nagpur,Locality_408,Bajaj Nagar
Nagpur,Locality_409,Ramdaspeth
Nagpur,Locality_410,Laxmi Nagar
Nagpur,Locality_411,Khamla
Nagpur,Locality_412,Seminary Hills
Nagpur,Locality_413,Mahal
Nagpur,Locality_414,Sitabuldi
Nagpur,Locality_415,Hingna Road
Nagpur,Locality_416,Mankapur
Nagpur,Locality_417,Jaripatka
Nagpur,Locality_418,Nandanvan
Nagpur,Locality_419,Dighori
Nagpur,Locality_420,Koradi Road
Nagpur,Locality_421,Wadi
Nagpur,Locality_422,Besa
Nagpur,Locality_423,Hudkeshwar
Nagpur,Locality_424,Somalwada
Nagpur,Locality_425,Chhatrapati Square
Nagpur,Locality_426,Dharampeth
Nagpur,Locality_427,Sadar
Nagpur,Locality_428,Civil Lines
Nagpur,Locality_429,Manish Nagar
Nagpur,Locality_430,Wardha Road
Nagpur,Locality_431,Pratap Nagar
Nagpur,Locality_432,Trimurti Nagar
Nagpur,Locality_433,Bajaj Nagar
Nagpur,Locality_434,Ramdaspeth
Nagpur,Locality_435,Laxmi Nagar
Nagpur,Locality_436,Khamla
Nagpur,Locality_437,Seminary Hills
Nagpur,Locality_438,Mahal
Nagpur,Locality_439,Sitabuldi
Nagpur,Locality_440,Hingna Road
Nagpur,Locality_441,Mankapur
Nagpur,Locality_442,Jaripatka
Nagpur,Locality_443,Nandanvan
Nagpur,Locality_444,Dighori
Nagpur,Locality_445,Koradi Road
Nagpur,Locality_446,Wadi
Nagpur,Locality_447,Besa
Nagpur,Locality_448,Hudkeshwar
Nagpur,Locality_449,Somalwada
Nagpur,Locality_450,Chhatrapati Square
Nagpur,Locality_451,Dharampeth
Nagpur,Locality_452,Sadar
Nagpur,Locality_453,Civil Lines
Nagpur,Locality_454,Manish Nagar
Nagpur,Locality_455,Wardha Road
Nagpur,Locality_456,Pratap Nagar
Nagpur,Locality_457,Trimurti Nagar
Nagpur,Locality_458,Bajaj Nagar
Nagpur,Locality_459,Ramdaspeth
Nagpur,Locality_460,Laxmi Nagar
Nagpur,Locality_461,Khamla
Nagpur,Locality_462,Seminary Hills
Nagpur,Locality_463,Mahal
Nagpur,Locality_464,Sitabuldi
Nagpur,Locality_465,Hingna Road
Nagpur,Locality_466,Mankapur
Nagpur,Locality_467,Jaripatka
Nagpur,Locality_468,Nandanvan
Nagpur,Locality_469,Dighori
Nagpur,Locality_470,Koradi Road
Nagpur,Locality_471,Wadi
Nagpur,Locality_472,Besa
Nagpur,Locality_473,Hudkeshwar
Nagpur,Locality_474,Somalwada
Nagpur,Locality_475,Chhatrapati Square
Nagpur,Locality_476,Dharampeth
Nagpur,Locality_477,Sadar
Nagpur,Locality_478,Civil Lines
Nagpur,Locality_479,Manish Nagar
Nagpur,Locality_480,Wardha Road
Nagpur,Locality_481,Pratap Nagar
Nagpur,Locality_482,Trimurti Nagar
Nagpur,Locality_483,Bajaj Nagar
Nagpur,Locality_484,Ramdaspeth
Nagpur,Locality_485,Laxmi Nagar
Nagpur,Locality_486,Khamla
Nagpur,Locality_487,Seminary Hills
Nagpur,Locality_488,Mahal
Nagpur,Locality_489,Sitabuldi
Nagpur,Locality_490,Hingna Road
Nagpur,Locality_491,Mankapur
Nagpur,Locality_492,Jaripatka
Nagpur,Locality_493,Nandanvan
Nagpur,Locality_494,Dighori
Nagpur,Locality_495,Koradi Road
Nagpur,Locality_496,Wadi
Nagpur,Locality_497,Besa
Nagpur,Locality_498,Hudkeshwar
Nagpur,Locality_499,Somalwada
Nagpur,Locality_500,Chhatrapati Square
New Delhi,Locality_1,Connaught Place
New Delhi,Locality_2,Karol Bagh
New Delhi,Locality_3,Saket
New Delhi,Locality_4,Vasant Kunj
New Delhi,Locality_5,Hauz Khas
New Delhi,Locality_6,Greater Kailash
New Delhi,Locality_7,Defence Colony
New Delhi,Locality_8,Lajpat Nagar
New Delhi,Locality_9,Dwarka
New Delhi,Locality_10,Rohini
New Delhi,Locality_11,Pitampura
New Delhi,Locality_12,Janakpuri
New Delhi,Locality_13,Rajouri Garden
New Delhi,Locality_14,Punjabi Bagh
New Delhi,Locality_15,Chanakyapuri
New Delhi,Locality_16,Green Park
New Delhi,Locality_17,Malviya Nagar
New Delhi,Locality_18,Kalkaji
New Delhi,Locality_19,Nehru Place
New Delhi,Locality_20,Greater Kailash II
New Delhi,Locality_21,Safdarjung Enclave
New Delhi,Locality_22,Mayur Vihar
New Delhi,Locality_23,Preet Vihar
New Delhi,Locality_24,Patel Nagar
New Delhi,Locality_25,Civil Lines
New Delhi,Locality_26,Connaught Place
New Delhi,Locality_27,Karol Bagh
New Delhi,Locality_28,Saket
New Delhi,Locality_29,Vasant Kunj
New Delhi,Locality_30,Hauz Khas
New Delhi,Locality_31,Greater Kailash
New Delhi,Locality_32,Defence Colony
New Delhi,Locality_33,Lajpat Nagar
New Delhi,Locality_34,Dwarka
New Delhi,Locality_35,Rohini
New Delhi,Locality_36,Pitampura
New Delhi,Locality_37,Janakpuri
New Delhi,Locality_38,Rajouri Garden
New Delhi,Locality_39,Punjabi Bagh
New Delhi,Locality_40,Chanakyapuri
New Delhi,Locality_41,Green Park
New Delhi,Locality_42,Malviya Nagar
New Delhi,Locality_43,Kalkaji
New Delhi,Locality_44,Nehru Place
New Delhi,Locality_45,Greater Kailash II
New Delhi,Locality_46,Safdarjung Enclave
New Delhi,Locality_47,Mayur Vihar
New Delhi,Locality_48,Preet Vihar
New Delhi,Locality_49,Patel Nagar
New Delhi,Locality_50,Civil Lines
New Delhi,Locality_51,Connaught Place
New Delhi,Locality_52,Karol Bagh
New Delhi,Locality_53,Saket
New Delhi,Locality_54,Vasant Kunj
New Delhi,Locality_55,Hauz Khas
New Delhi,Locality_56,Greater Kailash
New Delhi,Locality_57,Defence Colony
New Delhi,Locality_58,Lajpat Nagar
New Delhi,Locality_59,Dwarka
New Delhi,Locality_60,Rohini
New Delhi,Locality_61,Pitampura
New Delhi,Locality_62,Janakpuri
New Delhi,Locality_63,Rajouri Garden
New Delhi,Locality_64,Punjabi Bagh
New Delhi,Locality_65,Chanakyapuri
New Delhi,Locality_66,Green Park
New Delhi,Locality_67,Malviya Nagar
New Delhi,Locality_68,Kalkaji
New Delhi,Locality_69,Nehru Place
New Delhi,Locality_70,Greater Kailash II
New Delhi,Locality_71,Safdarjung Enclave
New Delhi,Locality_72,Mayur Vihar
New Delhi,Locality_73,Preet Vihar
New Delhi,Locality_74,Patel Nagar
New Delhi,Locality_75,Civil Lines
New Delhi,Locality_76,Connaught Place
New Delhi,Locality_77,Karol Bagh
New Delhi,Locality_78,Saket
New Delhi,Locality_79,Vasant Kunj
New Delhi,Locality_80,Hauz Khas
New Delhi,Locality_81,Greater Kailash
New Delhi,Locality_82,Defence Colony
New Delhi,Locality_83,Lajpat Nagar
New Delhi,Locality_84,Dwarka
New Delhi,Locality_85,Rohini
New Delhi,Locality_86,Pitampura
New Delhi,Locality_87,Janakpuri
New Delhi,Locality_88,Rajouri Garden
New Delhi,Locality_89,Punjabi Bagh
New Delhi,Locality_90,Chanakyapuri
New Delhi,Locality_91,Green Park
New Delhi,Locality_92,Malviya Nagar
New Delhi,Locality_93,Kalkaji
New Delhi,Locality_94,Nehru Place
New Delhi,Locality_95,Greater Kailash II
New Delhi,Locality_96,Safdarjung Enclave
New Delhi,Locality_97,Mayur Vihar
New Delhi,Locality_98,Preet Vihar
New Delhi,Locality_99,Patel Nagar
New Delhi,Locality_100,Civil Lines
New Delhi,Locality_101,Connaught Place
New Delhi,Locality_102,Karol Bagh
New Delhi,Locality_103,Saket
New Delhi,Locality_104,Vasant Kunj
New Delhi,Locality_105,Hauz Khas
New Delhi,Locality_106,Greater Kailash
New Delhi,Locality_107,Defence Colony
New Delhi,Locality_108,Lajpat Nagar
New Delhi,Locality_109,Dwarka
New Delhi,Locality_110,Rohini
New Delhi,Locality_111,Pitampura
New Delhi,Locality_112,Janakpuri
New Delhi,Locality_113,Rajouri Garden
New Delhi,Locality_114,Punjabi Bagh
New Delhi,Locality_115,Chanakyapuri
New Delhi,Locality_116,Green Park
New Delhi,Locality_117,Malviya Nagar
New Delhi,Locality_118,Kalkaji
New Delhi,Locality_119,Nehru Place
New Delhi,Locality_120,Greater Kailash II
New Delhi,Locality_121,Safdarjung Enclave
New Delhi,Locality_122,Mayur Vihar
New Delhi,Locality_123,Preet Vihar
New Delhi,Locality_124,Patel Nagar
New Delhi,Locality_125,Civil Lines
New Delhi,Locality_126,Connaught Place
New Delhi,Locality_127,Karol Bagh
New Delhi,Locality_128,Saket
New Delhi,Locality_129,Vasant Kunj
New Delhi,Locality_130,Hauz Khas
New Delhi,Locality_131,Greater Kailash
New Delhi,Locality_132,Defence Colony
New Delhi,Locality_133,Lajpat Nagar
New Delhi,Locality_134,Dwarka
New Delhi,Locality_135,Rohini
New Delhi,Locality_136,Pitampura
New Delhi,Locality_137,Janakpuri
New Delhi,Locality_138,Rajouri Garden
New Delhi,Locality_139,Punjabi Bagh
New Delhi,Locality_140,Chanakyapuri
New Delhi,Locality_141,Green Park
New Delhi,Locality_142,Malviya Nagar
New Delhi,Locality_143,Kalkaji
New Delhi,Locality_144,Nehru Place
New Delhi,Locality_145,Greater Kailash II
New Delhi,Locality_146,Safdarjung Enclave
New Delhi,Locality_147,Mayur Vihar
New Delhi,Locality_148,Preet Vihar
New Delhi,Locality_149,Patel Nagar
New Delhi,Locality_150,Civil Lines
New Delhi,Locality_151,Connaught Place
New Delhi,Locality_152,Karol Bagh
New Delhi,Locality_153,Saket
New Delhi,Locality_154,Vasant Kunj
New Delhi,Locality_155,Hauz Khas
New Delhi,Locality_156,Greater Kailash
New Delhi,Locality_157,Defence Colony
New Delhi,Locality_158,Lajpat Nagar
New Delhi,Locality_159,Dwarka
New Delhi,Locality_160,Rohini
New Delhi,Locality_161,Pitampura
New Delhi,Locality_162,Janakpuri
New Delhi,Locality_163,Rajouri Garden
New Delhi,Locality_164,Punjabi Bagh
New Delhi,Locality_165,Chanakyapuri
New Delhi,Locality_166,Green Park
New Delhi,Locality_167,Malviya Nagar
New Delhi,Locality_168,Kalkaji
New Delhi,Locality_169,Nehru Place
New Delhi,Locality_170,Greater Kailash II
New Delhi,Locality_171,Safdarjung Enclave
New Delhi,Locality_172,Mayur Vihar
New Delhi,Locality_173,Preet Vihar
New Delhi,Locality_174,Patel Nagar
New Delhi,Locality_175,Civil Lines
New Delhi,Locality_176,Connaught Place
New Delhi,Locality_177,Karol Bagh
New Delhi,Locality_178,Saket
New Delhi,Locality_179,Vasant Kunj
New Delhi,Locality_180,Hauz Khas
New Delhi,Locality_181,Greater Kailash
New Delhi,Locality_182,Defence Colony
New Delhi,Locality_183,Lajpat Nagar
New Delhi,Locality_184,Dwarka
New Delhi,Locality_185,Rohini
New Delhi,Locality_186,Pitampura
New Delhi,Locality_187,Janakpuri
New Delhi,Locality_188,Rajouri Garden
New Delhi,Locality_189,Punjabi Bagh
New Delhi,Locality_190,Chanakyapuri
New Delhi,Locality_191,Green Park
New Delhi,Locality_192,Malviya Nagar
New Delhi,Locality_193,Kalkaji
New Delhi,Locality_194,Nehru Place
New Delhi,Locality_195,Greater Kailash II
New Delhi,Locality_196,Safdarjung Enclave
New Delhi,Locality_197,Mayur Vihar
New Delhi,Locality_198,Preet Vihar
New Delhi,Locality_199,Patel Nagar
New Delhi,Locality_200,Civil Lines
New Delhi,Locality_201,Connaught Place
New Delhi,Locality_202,Karol Bagh
New Delhi,Locality_203,Saket
New Delhi,Locality_204,Vasant Kunj
New Delhi,Locality_205,Hauz Khas
New Delhi,Locality_206,Greater Kailash
New Delhi,Locality_207,Defence Colony
New Delhi,Locality_208,Lajpat Nagar
New Delhi,Locality_209,Dwarka
New Delhi,Locality_210,Rohini
New Delhi,Locality_211,Pitampura
New Delhi,Locality_212,Janakpuri
New Delhi,Locality_213,Rajouri Garden
New Delhi,Locality_214,Punjabi Bagh
New Delhi,Locality_215,Chanakyapuri
New Delhi,Locality_216,Green Park
New Delhi,Locality_217,Malviya Nagar
New Delhi,Locality_218,Kalkaji
New Delhi,Locality_219,Nehru Place
New Delhi,Locality_220,Greater Kailash II
New Delhi,Locality_221,Safdarjung Enclave
New Delhi,Locality_222,Mayur Vihar
New Delhi,Locality_223,Preet Vihar
New Delhi,Locality_224,Patel Nagar
New Delhi,Locality_225,Civil Lines
New Delhi,Locality_226,Connaught Place
New Delhi,Locality_227,Karol Bagh
New Delhi,Locality_228,Saket
New Delhi,Locality_229,Vasant Kunj
New Delhi,Locality_230,Hauz Khas
New Delhi,Locality_231,Greater Kailash
New Delhi,Locality_232,Defence Colony
New Delhi,Locality_233,Lajpat Nagar
New Delhi,Locality_234,Dwarka
New Delhi,Locality_235,Rohini
New Delhi,Locality_236,Pitampura
New Delhi,Locality_237,Janakpuri
New Delhi,Locality_238,Rajouri Garden
New Delhi,Locality_239,Punjabi Bagh
New Delhi,Locality_240,Chanakyapuri
New Delhi,Locality_241,Green Park
New Delhi,Locality_242,Malviya Nagar
New Delhi,Locality_243,Kalkaji
New Delhi,Locality_244,Nehru Place
New Delhi,Locality_245,Greater Kailash II
New Delhi,Locality_246,Safdarjung Enclave
New Delhi,Locality_247,Mayur Vihar
New Delhi,Locality_248,Preet Vihar
New Delhi,Locality_249,Patel Nagar
New Delhi,Locality_250,Civil Lines
New Delhi,Locality_251,Connaught Place
New Delhi,Locality_252,Karol Bagh
New Delhi,Locality_253,Saket
New Delhi,Locality_254,Vasant Kunj
New Delhi,Locality_255,Hauz Khas
New Delhi,Locality_256,Greater Kailash
New Delhi,Locality_257,Defence Colony
New Delhi,Locality_258,Lajpat Nagar
New Delhi,Locality_259,Dwarka
New Delhi,Locality_260,Rohini
New Delhi,Locality_261,Pitampura
New Delhi,Locality_262,Janakpuri
New Delhi,Locality_263,Rajouri Garden
New Delhi,Locality_264,Punjabi Bagh
New Delhi,Locality_265,Chanakyapuri
New Delhi,Locality_266,Green Park
New Delhi,Locality_267,Malviya Nagar
New Delhi,Locality_268,Kalkaji
New Delhi,Locality_269,Nehru Place
New Delhi,Locality_270,Greater Kailash II
New Delhi,Locality_271,Safdarjung Enclave
New Delhi,Locality_272,Mayur Vihar
New Delhi,Locality_273,Preet Vihar
New Delhi,Locality_274,Patel Nagar
New Delhi,Locality_275,Civil Lines
New Delhi,Locality_276,Connaught Place
New Delhi,Locality_277,Karol Bagh
New Delhi,Locality_278,Saket
New Delhi,Locality_279,Vasant Kunj
New Delhi,Locality_280,Hauz Khas
New Delhi,Locality_281,Greater Kailash
New Delhi,Locality_282,Defence Colony
New Delhi,Locality_283,Lajpat Nagar
New Delhi,Locality_284,Dwarka
New Delhi,Locality_285,Rohini
New Delhi,Locality_286,Pitampura
New Delhi,Locality_287,Janakpuri
New Delhi,Locality_288,Rajouri Garden
New Delhi,Locality_289,Punjabi Bagh
New Delhi,Locality_290,Chanakyapuri
New Delhi,Locality_291,Green Park
New Delhi,Locality_292,Malviya Nagar
New Delhi,Locality_293,Kalkaji
New Delhi,Locality_294,Nehru Place
New Delhi,Locality_295,Greater Kailash II
New Delhi,Locality_296,Safdarjung Enclave
New Delhi,Locality_297,Mayur Vihar
New Delhi,Locality_298,Preet Vihar
New Delhi,Locality_299,Patel Nagar
New Delhi,Locality_300,Civil Lines
New Delhi,Locality_301,Connaught Place
New Delhi,Locality_302,Karol Bagh
New Delhi,Locality_303,Saket
New Delhi,Locality_304,Vasant Kunj
New Delhi,Locality_305,Hauz Khas
New Delhi,Locality_306,Greater Kailash
New Delhi,Locality_307,Defence Colony
New Delhi,Locality_308,Lajpat Nagar
New Delhi,Locality_309,Dwarka
New Delhi,Locality_310,Rohini
New Delhi,Locality_311,Pitampura
New Delhi,Locality_312,Janakpuri
New Delhi,Locality_313,Rajouri Garden
New Delhi,Locality_314,Punjabi Bagh
New Delhi,Locality_315,Chanakyapuri
New Delhi,Locality_316,Green Park
New Delhi,Locality_317,Malviya Nagar
New Delhi,Locality_318,Kalkaji
New Delhi,Locality_319,Nehru Place
New Delhi,Locality_320,Greater Kailash II
New Delhi,Locality_321,Safdarjung Enclave
New Delhi,Locality_322,Mayur Vihar
New Delhi,Locality_323,Preet Vihar
New Delhi,Locality_324,Patel Nagar
New Delhi,Locality_325,Civil Lines
New Delhi,Locality_326,Connaught Place
New Delhi,Locality_327,Karol Bagh
New Delhi,Locality_328,Saket
New Delhi,Locality_329,Vasant Kunj
New Delhi,Locality_330,Hauz Khas
New Delhi,Locality_331,Greater Kailash
New Delhi,Locality_332,Defence Colony
New Delhi,Locality_333,Lajpat Nagar
New Delhi,Locality_334,Dwarka
New Delhi,Locality_335,Rohini
New Delhi,Locality_336,Pitampura
New Delhi,Locality_337,Janakpuri
New Delhi,Locality_338,Rajouri Garden
New Delhi,Locality_339,Punjabi Bagh
New Delhi,Locality_340,Chanakyapuri
New Delhi,Locality_341,Green Park
New Delhi,Locality_342,Malviya Nagar
New Delhi,Locality_343,Kalkaji
New Delhi,Locality_344,Nehru Place
New Delhi,Locality_345,Greater Kailash II
New Delhi,Locality_346,Safdarjung Enclave
New Delhi,Locality_347,Mayur Vihar
New Delhi,Locality_348,Preet Vihar
New Delhi,Locality_349,Patel Nagar
New Delhi,Locality_350,Civil Lines
New Delhi,Locality_351,Connaught Place
New Delhi,Locality_352,Karol Bagh
New Delhi,Locality_353,Saket
New Delhi,Locality_354,Vasant Kunj
New Delhi,Locality_355,Hauz Khas
New Delhi,Locality_356,Greater Kailash
New Delhi,Locality_357,Defence Colony
New Delhi,Locality_358,Lajpat Nagar
New Delhi,Locality_359,Dwarka
New Delhi,Locality_360,Rohini
New Delhi,Locality_361,Pitampura
New Delhi,Locality_362,Janakpuri
New Delhi,Locality_363,Rajouri Garden
New Delhi,Locality_364,Punjabi Bagh
New Delhi,Locality_365,Chanakyapuri
New Delhi,Locality_366,Green Park
New Delhi,Locality_367,Malviya Nagar
New Delhi,Locality_368,Kalkaji
New Delhi,Locality_369,Nehru Place
New Delhi,Locality_370,Greater Kailash II
New Delhi,Locality_371,Safdarjung Enclave
New Delhi,Locality_372,Mayur Vihar
New Delhi,Locality_373,Preet Vihar
New Delhi,Locality_374,Patel Nagar
New Delhi,Locality_375,Civil Lines
New Delhi,Locality_376,Connaught Place
New Delhi,Locality_377,Karol Bagh
New Delhi,Locality_378,Saket
New Delhi,Locality_379,Vasant Kunj
New Delhi,Locality_380,Hauz Khas
New Delhi,Locality_381,Greater Kailash
New Delhi,Locality_382,Defence Colony
New Delhi,Locality_383,Lajpat Nagar
New Delhi,Locality_384,Dwarka
New Delhi,Locality_385,Rohini
New Delhi,Locality_386,Pitampura
New Delhi,Locality_387,Janakpuri
New Delhi,Locality_388,Rajouri Garden
New Delhi,Locality_389,Punjabi Bagh
New Delhi,Locality_390,Chanakyapuri
New Delhi,Locality_391,Green Park
New Delhi,Locality_392,Malviya Nagar
New Delhi,Locality_393,Kalkaji
New Delhi,Locality_394,Nehru Place
New Delhi,Locality_395,Greater Kailash II
New Delhi,Locality_396,Safdarjung Enclave
New Delhi,Locality_397,Mayur Vihar
New Delhi,Locality_398,Preet Vihar
New Delhi,Locality_399,Patel Nagar
New Delhi,Locality_400,Civil Lines
New Delhi,Locality_401,Connaught Place
New Delhi,Locality_402,Karol Bagh
New Delhi,Locality_403,Saket
New Delhi,Locality_404,Vasant Kunj
New Delhi,Locality_405,Hauz Khas
New Delhi,Locality_406,Greater Kailash
New Delhi,Locality_407,Defence Colony
New Delhi,Locality_408,Lajpat Nagar
New Delhi,Locality_409,Dwarka
New Delhi,Locality_410,Rohini
New Delhi,Locality_411,Pitampura
New Delhi,Locality_412,Janakpuri
New Delhi,Locality_413,Rajouri Garden
New Delhi,Locality_414,Punjabi Bagh
New Delhi,Locality_415,Chanakyapuri
New Delhi,Locality_416,Green Park
New Delhi,Locality_417,Malviya Nagar
New Delhi,Locality_418,Kalkaji
New Delhi,Locality_419,Nehru Place
New Delhi,Locality_420,Greater Kailash II
New Delhi,Locality_421,Safdarjung Enclave
New Delhi,Locality_422,Mayur Vihar
New Delhi,Locality_423,Preet Vihar
New Delhi,Locality_424,Patel Nagar
New Delhi,Locality_425,Civil Lines
New Delhi,Locality_426,Connaught Place
New Delhi,Locality_427,Karol Bagh
New Delhi,Locality_428,Saket
New Delhi,Locality_429,Vasant Kunj
New Delhi,Locality_430,Hauz Khas
New Delhi,Locality_431,Greater Kailash
New Delhi,Locality_432,Defence Colony
New Delhi,Locality_433,Lajpat Nagar
New Delhi,Locality_434,Dwarka
New Delhi,Locality_435,Rohini
New Delhi,Locality_436,Pitampura
New Delhi,Locality_437,Janakpuri
New Delhi,Locality_438,Rajouri Garden
New Delhi,Locality_439,Punjabi Bagh
New Delhi,Locality_440,Chanakyapuri
New Delhi,Locality_441,Green Park
New Delhi,Locality_442,Malviya Nagar
New Delhi,Locality_443,Kalkaji
New Delhi,Locality_444,Nehru Place
New Delhi,Locality_445,Greater Kailash II
New Delhi,Locality_446,Safdarjung Enclave
New Delhi,Locality_447,Mayur Vihar
New Delhi,Locality_448,Preet Vihar
New Delhi,Locality_449,Patel Nagar
New Delhi,Locality_450,Civil Lines
New Delhi,Locality_451,Connaught Place
New Delhi,Locality_452,Karol Bagh
New Delhi,Locality_453,Saket
New Delhi,Locality_454,Vasant Kunj
New Delhi,Locality_455,Hauz Khas
New Delhi,Locality_456,Greater Kailash
New Delhi,Locality_457,Defence Colony
New Delhi,Locality_458,Lajpat Nagar
New Delhi,Locality_459,Dwarka
New Delhi,Locality_460,Rohini
New Delhi,Locality_461,Pitampura
New Delhi,Locality_462,Janakpuri
New Delhi,Locality_463,Rajouri Garden
New Delhi,Locality_464,Punjabi Bagh
New Delhi,Locality_465,Chanakyapuri
New Delhi,Locality_466,Green Park
New Delhi,Locality_467,Malviya Nagar
New Delhi,Locality_468,Kalkaji
New Delhi,Locality_469,Nehru Place
New Delhi,Locality_470,Greater Kailash II
New Delhi,Locality_471,Safdarjung Enclave
New Delhi,Locality_472,Mayur Vihar
New Delhi,Locality_473,Preet Vihar
New Delhi,Locality_474,Patel Nagar
New Delhi,Locality_475,Civil Lines
New Delhi,Locality_476,Connaught Place
New Delhi,Locality_477,Karol Bagh
New Delhi,Locality_478,Saket
New Delhi,Locality_479,Vasant Kunj
New Delhi,Locality_480,Hauz Khas
New Delhi,Locality_481,Greater Kailash
New Delhi,Locality_482,Defence Colony
New Delhi,Locality_483,Lajpat Nagar
New Delhi,Locality_484,Dwarka
New Delhi,Locality_485,Rohini
New Delhi,Locality_486,Pitampura
New Delhi,Locality_487,Janakpuri
New Delhi,Locality_488,Rajouri Garden
New Delhi,Locality_489,Punjabi Bagh
New Delhi,Locality_490,Chanakyapuri
New Delhi,Locality_491,Green Park
New Delhi,Locality_492,Malviya Nagar
New Delhi,Locality_493,Kalkaji
New Delhi,Locality_494,Nehru Place
New Delhi,Locality_495,Greater Kailash II
New Delhi,Locality_496,Safdarjung Enclave
New Delhi,Locality_497,Mayur Vihar
New Delhi,Locality_498,Preet Vihar
New Delhi,Locality_499,Patel Nagar
New Delhi,Locality_500,Civil Lines
Noida,Locality_1,Sector 15
Noida,Locality_2,Sector 16
Noida,Locality_3,Sector 18
Noida,Locality_4,Sector 20
Noida,Locality_5,Sector 21
Noida,Locality_6,Sector 22
Noida,Locality_7,Sector 27
Noida,Locality_8,Sector 28
Noida,Locality_9,Sector 29
Noida,Locality_10,Sector 30
Noida,Locality_11,Sector 34
Noida,Locality_12,Sector 37
Noida,Locality_13,Sector 44
Noida,Locality_14,Sector 45
Noida,Locality_15,Sector 50
Noida,Locality_16,Sector 51
Noida,Locality_17,Sector 52
Noida,Locality_18,Sector 61
Noida,Locality_19,Sector 62
Noida,Locality_20,Sector 74
Noida,Locality_21,Sector 75
Noida,Locality_22,Sector 76
Noida,Locality_23,Sector 93
Noida,Locality_24,Sector 100
Noida,Locality_25,Sector 137
Noida,Locality_26,Sector 15
Noida,Locality_27,Sector 16
Noida,Locality_28,Sector 18
Noida,Locality_29,Sector 20
Noida,Locality_30,Sector 21
Noida,Locality_31,Sector 22
Noida,Locality_32,Sector 27
Noida,Locality_33,Sector 28
Noida,Locality_34,Sector 29
Noida,Locality_35,Sector 30
Noida,Locality_36,Sector 34
Noida,Locality_37,Sector 37
Noida,Locality_38,Sector 44
Noida,Locality_39,Sector 45
Noida,Locality_40,Sector 50
Noida,Locality_41,Sector 51
Noida,Locality_42,Sector 52
Noida,Locality_43,Sector 61
Noida,Locality_44,Sector 62
Noida,Locality_45,Sector 74
Noida,Locality_46,Sector 75
Noida,Locality_47,Sector 76
Noida,Locality_48,Sector 93
Noida,Locality_49,Sector 100
Noida,Locality_50,Sector 137
Noida,Locality_51,Sector 15
Noida,Locality_52,Sector 16
Noida,Locality_53,Sector 18
Noida,Locality_54,Sector 20
Noida,Locality_55,Sector 21
Noida,Locality_56,Sector 22
Noida,Locality_57,Sector 27
Noida,Locality_58,Sector 28
Noida,Locality_59,Sector 29
Noida,Locality_60,Sector 30
Noida,Locality_61,Sector 34
Noida,Locality_62,Sector 37
Noida,Locality_63,Sector 44
Noida,Locality_64,Sector 45
Noida,Locality_65,Sector 50
Noida,Locality_66,Sector 51
Noida,Locality_67,Sector 52
Noida,Locality_68,Sector 61
Noida,Locality_69,Sector 62
Noida,Locality_70,Sector 74
Noida,Locality_71,Sector 75
Noida,Locality_72,Sector 76
Noida,Locality_73,Sector 93
Noida,Locality_74,Sector 100
Noida,Locality_75,Sector 137
Noida,Locality_76,Sector 15
Noida,Locality_77,Sector 16
Noida,Locality_78,Sector 18
Noida,Locality_79,Sector 20
Noida,Locality_80,Sector 21
Noida,Locality_81,Sector 22
Noida,Locality_82,Sector 27
Noida,Locality_83,Sector 28
Noida,Locality_84,Sector 29
Noida,Locality_85,Sector 30
Noida,Locality_86,Sector 34
Noida,Locality_87,Sector 37
Noida,Locality_88,Sector 44
Noida,Locality_89,Sector 45
Noida,Locality_90,Sector 50
Noida,Locality_91,Sector 51
Noida,Locality_92,Sector 52
Noida,Locality_93,Sector 61
Noida,Locality_94,Sector 62
Noida,Locality_95,Sector 74
Noida,Locality_96,Sector 75
Noida,Locality_97,Sector 76
Noida,Locality_98,Sector 93
Noida,Locality_99,Sector 100
Noida,Locality_100,Sector 137
Noida,Locality_101,Sector 15
Noida,Locality_102,Sector 16
Noida,Locality_103,Sector 18
Noida,Locality_104,Sector 20
Noida,Locality_105,Sector 21
Noida,Locality_106,Sector 22
Noida,Locality_107,Sector 27
Noida,Locality_108,Sector 28
Noida,Locality_109,Sector 29
Noida,Locality_110,Sector 30
Noida,Locality_111,Sector 34
Noida,Locality_112,Sector 37
Noida,Locality_113,Sector 44
Noida,Locality_114,Sector 45
Noida,Locality_115,Sector 50
Noida,Locality_116,Sector 51
Noida,Locality_117,Sector 52
Noida,Locality_118,Sector 61
Noida,Locality_119,Sector 62
Noida,Locality_120,Sector 74
Noida,Locality_121,Sector 75
Noida,Locality_122,Sector 76
Noida,Locality_123,Sector 93
Noida,Locality_124,Sector 100
Noida,Locality_125,Sector 137
Noida,Locality_126,Sector 15
Noida,Locality_127,Sector 16
Noida,Locality_128,Sector 18
Noida,Locality_129,Sector 20
Noida,Locality_130,Sector 21
Noida,Locality_131,Sector 22
Noida,Locality_132,Sector 27
Noida,Locality_133,Sector 28
Noida,Locality_134,Sector 29
Noida,Locality_135,Sector 30
Noida,Locality_136,Sector 34
Noida,Locality_137,Sector 37
Noida,Locality_138,Sector 44
Noida,Locality_139,Sector 45
Noida,Locality_140,Sector 50
Noida,Locality_141,Sector 51
Noida,Locality_142,Sector 52
Noida,Locality_143,Sector 61
Noida,Locality_144,Sector 62
Noida,Locality_145,Sector 74
Noida,Locality_146,Sector 75
Noida,Locality_147,Sector 76
Noida,Locality_148,Sector 93
Noida,Locality_149,Sector 100
Noida,Locality_150,Sector 137
Noida,Locality_151,Sector 15
Noida,Locality_152,Sector 16
Noida,Locality_153,Sector 18
Noida,Locality_154,Sector 20
Noida,Locality_155,Sector 21
Noida,Locality_156,Sector 22
Noida,Locality_157,Sector 27
Noida,Locality_158,Sector 28
Noida,Locality_159,Sector 29
Noida,Locality_160,Sector 30
Noida,Locality_161,Sector 34
Noida,Locality_162,Sector 37
Noida,Locality_163,Sector 44
Noida,Locality_164,Sector 45
Noida,Locality_165,Sector 50
Noida,Locality_166,Sector 51
Noida,Locality_167,Sector 52
Noida,Locality_168,Sector 61
Noida,Locality_169,Sector 62
Noida,Locality_170,Sector 74
Noida,Locality_171,Sector 75
Noida,Locality_172,Sector 76
Noida,Locality_173,Sector 93
Noida,Locality_174,Sector 100
Noida,Locality_175,Sector 137
Noida,Locality_176,Sector 15
Noida,Locality_177,Sector 16
Noida,Locality_178,Sector 18
Noida,Locality_179,Sector 20
Noida,Locality_180,Sector 21
Noida,Locality_181,Sector 22
Noida,Locality_182,Sector 27
Noida,Locality_183,Sector 28
Noida,Locality_184,Sector 29
Noida,Locality_185,Sector 30
Noida,Locality_186,Sector 34
Noida,Locality_187,Sector 37
Noida,Locality_188,Sector 44
Noida,Locality_189,Sector 45
Noida,Locality_190,Sector 50
Noida,Locality_191,Sector 51
Noida,Locality_192,Sector 52
Noida,Locality_193,Sector 61
Noida,Locality_194,Sector 62
Noida,Locality_195,Sector 74
Noida,Locality_196,Sector 75
Noida,Locality_197,Sector 76
Noida,Locality_198,Sector 93
Noida,Locality_199,Sector 100
Noida,Locality_200,Sector 137
Noida,Locality_201,Sector 15
Noida,Locality_202,Sector 16
Noida,Locality_203,Sector 18
Noida,Locality_204,Sector 20
Noida,Locality_205,Sector 21
Noida,Locality_206,Sector 22
Noida,Locality_207,Sector 27
Noida,Locality_208,Sector 28
Noida,Locality_209,Sector 29
Noida,Locality_210,Sector 30
Noida,Locality_211,Sector 34
Noida,Locality_212,Sector 37
Noida,Locality_213,Sector 44
Noida,Locality_214,Sector 45
Noida,Locality_215,Sector 50
Noida,Locality_216,Sector 51
Noida,Locality_217,Sector 52
Noida,Locality_218,Sector 61
Noida,Locality_219,Sector 62
Noida,Locality_220,Sector 74
Noida,Locality_221,Sector 75
Noida,Locality_222,Sector 76
Noida,Locality_223,Sector 93
Noida,Locality_224,Sector 100
Noida,Locality_225,Sector 137
Noida,Locality_226,Sector 15
Noida,Locality_227,Sector 16
Noida,Locality_228,Sector 18
Noida,Locality_229,Sector 20
Noida,Locality_230,Sector 21
Noida,Locality_231,Sector 22
Noida,Locality_232,Sector 27
Noida,Locality_233,Sector 28
Noida,Locality_234,Sector 29
Noida,Locality_235,Sector 30
Noida,Locality_236,Sector 34
Noida,Locality_237,Sector 37
Noida,Locality_238,Sector 44
Noida,Locality_239,Sector 45
Noida,Locality_240,Sector 50
Noida,Locality_241,Sector 51
Noida,Locality_242,Sector 52
Noida,Locality_243,Sector 61
Noida,Locality_244,Sector 62
Noida,Locality_245,Sector 74
Noida,Locality_246,Sector 75
Noida,Locality_247,Sector 76
Noida,Locality_248,Sector 93
Noida,Locality_249,Sector 100
Noida,Locality_250,Sector 137
Noida,Locality_251,Sector 15
Noida,Locality_252,Sector 16
Noida,Locality_253,Sector 18
Noida,Locality_254,Sector 20
Noida,Locality_255,Sector 21
Noida,Locality_256,Sector 22
Noida,Locality_257,Sector 27
Noida,Locality_258,Sector 28
Noida,Locality_259,Sector 29
Noida,Locality_260,Sector 30
Noida,Locality_261,Sector 34
Noida,Locality_262,Sector 37
Noida,Locality_263,Sector 44
Noida,Locality_264,Sector 45
Noida,Locality_265,Sector 50
Noida,Locality_266,Sector 51
Noida,Locality_267,Sector 52
Noida,Locality_268,Sector 61
Noida,Locality_269,Sector 62
Noida,Locality_270,Sector 74
Noida,Locality_271,Sector 75
Noida,Locality_272,Sector 76
Noida,Locality_273,Sector 93
Noida,Locality_274,Sector 100
Noida,Locality_275,Sector 137
Noida,Locality_276,Sector 15
Noida,Locality_277,Sector 16
Noida,Locality_278,Sector 18
Noida,Locality_279,Sector 20
Noida,Locality_280,Sector 21
Noida,Locality_281,Sector 22
Noida,Locality_282,Sector 27
Noida,Locality_283,Sector 28
Noida,Locality_284,Sector 29
Noida,Locality_285,Sector 30
Noida,Locality_286,Sector 34
Noida,Locality_287,Sector 37
Noida,Locality_288,Sector 44
Noida,Locality_289,Sector 45
Noida,Locality_290,Sector 50
Noida,Locality_291,Sector 51
Noida,Locality_292,Sector 52
Noida,Locality_293,Sector 61
Noida,Locality_294,Sector 62
Noida,Locality_295,Sector 74
Noida,Locality_296,Sector 75
Noida,Locality_297,Sector 76
Noida,Locality_298,Sector 93
Noida,Locality_299,Sector 100
Noida,Locality_300,Sector 137
Noida,Locality_301,Sector 15
Noida,Locality_302,Sector 16
Noida,Locality_303,Sector 18
Noida,Locality_304,Sector 20
Noida,Locality_305,Sector 21
Noida,Locality_306,Sector 22
Noida,Locality_307,Sector 27
Noida,Locality_308,Sector 28
Noida,Locality_309,Sector 29
Noida,Locality_310,Sector 30
Noida,Locality_311,Sector 34
Noida,Locality_312,Sector 37
Noida,Locality_313,Sector 44
Noida,Locality_314,Sector 45
Noida,Locality_315,Sector 50
Noida,Locality_316,Sector 51
Noida,Locality_317,Sector 52
Noida,Locality_318,Sector 61
Noida,Locality_319,Sector 62
Noida,Locality_320,Sector 74
Noida,Locality_321,Sector 75
Noida,Locality_322,Sector 76
Noida,Locality_323,Sector 93
Noida,Locality_324,Sector 100
Noida,Locality_325,Sector 137
Noida,Locality_326,Sector 15
Noida,Locality_327,Sector 16
Noida,Locality_328,Sector 18
Noida,Locality_329,Sector 20
Noida,Locality_330,Sector 21
Noida,Locality_331,Sector 22
Noida,Locality_332,Sector 27
Noida,Locality_333,Sector 28
Noida,Locality_334,Sector 29
Noida,Locality_335,Sector 30
Noida,Locality_336,Sector 34
Noida,Locality_337,Sector 37
Noida,Locality_338,Sector 44
Noida,Locality_339,Sector 45
Noida,Locality_340,Sector 50
Noida,Locality_341,Sector 51
Noida,Locality_342,Sector 52
Noida,Locality_343,Sector 61
Noida,Locality_344,Sector 62
Noida,Locality_345,Sector 74
Noida,Locality_346,Sector 75
Noida,Locality_347,Sector 76
Noida,Locality_348,Sector 93
Noida,Locality_349,Sector 100
Noida,Locality_350,Sector 137
Noida,Locality_351,Sector 15
Noida,Locality_352,Sector 16
Noida,Locality_353,Sector 18
Noida,Locality_354,Sector 20
Noida,Locality_355,Sector 21
Noida,Locality_356,Sector 22
Noida,Locality_357,Sector 27
Noida,Locality_358,Sector 28
Noida,Locality_359,Sector 29
Noida,Locality_360,Sector 30
Noida,Locality_361,Sector 34
Noida,Locality_362,Sector 37
Noida,Locality_363,Sector 44
Noida,Locality_364,Sector 45
Noida,Locality_365,Sector 50
Noida,Locality_366,Sector 51
Noida,Locality_367,Sector 52
Noida,Locality_368,Sector 61
Noida,Locality_369,Sector 62
Noida,Locality_370,Sector 74
Noida,Locality_371,Sector 75
Noida,Locality_372,Sector 76
Noida,Locality_373,Sector 93
Noida,Locality_374,Sector 100
Noida,Locality_375,Sector 137
Noida,Locality_376,Sector 15
Noida,Locality_377,Sector 16
Noida,Locality_378,Sector 18
Noida,Locality_379,Sector 20
Noida,Locality_380,Sector 21
Noida,Locality_381,Sector 22
Noida,Locality_382,Sector 27
Noida,Locality_383,Sector 28
Noida,Locality_384,Sector 29
Noida,Locality_385,Sector 30
Noida,Locality_386,Sector 34
Noida,Locality_387,Sector 37
Noida,Locality_388,Sector 44
Noida,Locality_389,Sector 45
Noida,Locality_390,Sector 50
Noida,Locality_391,Sector 51
Noida,Locality_392,Sector 52
Noida,Locality_393,Sector 61
Noida,Locality_394,Sector 62
Noida,Locality_395,Sector 74
Noida,Locality_396,Sector 75
Noida,Locality_397,Sector 76
Noida,Locality_398,Sector 93
Noida,Locality_399,Sector 100
Noida,Locality_400,Sector 137
Noida,Locality_401,Sector 15
Noida,Locality_402,Sector 16
Noida,Locality_403,Sector 18
Noida,Locality_404,Sector 20
Noida,Locality_405,Sector 21
Noida,Locality_406,Sector 22
Noida,Locality_407,Sector 27
Noida,Locality_408,Sector 28
Noida,Locality_409,Sector 29
Noida,Locality_410,Sector 30
Noida,Locality_411,Sector 34
Noida,Locality_412,Sector 37
Noida,Locality_413,Sector 44
Noida,Locality_414,Sector 45
Noida,Locality_415,Sector 50
Noida,Locality_416,Sector 51
Noida,Locality_417,Sector 52
Noida,Locality_418,Sector 61
Noida,Locality_419,Sector 62
Noida,Locality_420,Sector 74
Noida,Locality_421,Sector 75
Noida,Locality_422,Sector 76
Noida,Locality_423,Sector 93
Noida,Locality_424,Sector 100
Noida,Locality_425,Sector 137
Noida,Locality_426,Sector 15
Noida,Locality_427,Sector 16
Noida,Locality_428,Sector 18
Noida,Locality_429,Sector 20
Noida,Locality_430,Sector 21
Noida,Locality_431,Sector 22
Noida,Locality_432,Sector 27
Noida,Locality_433,Sector 28
Noida,Locality_434,Sector 29
Noida,Locality_435,Sector 30
Noida,Locality_436,Sector 34
Noida,Locality_437,Sector 37
Noida,Locality_438,Sector 44
Noida,Locality_439,Sector 45
Noida,Locality_440,Sector 50
Noida,Locality_441,Sector 51
Noida,Locality_442,Sector 52
Noida,Locality_443,Sector 61
Noida,Locality_444,Sector 62
Noida,Locality_445,Sector 74
Noida,Locality_446,Sector 75
Noida,Locality_447,Sector 76
Noida,Locality_448,Sector 93
Noida,Locality_449,Sector 100
Noida,Locality_450,Sector 137
Noida,Locality_451,Sector 15
Noida,Locality_452,Sector 16
Noida,Locality_453,Sector 18
Noida,Locality_454,Sector 20
Noida,Locality_455,Sector 21
Noida,Locality_456,Sector 22
Noida,Locality_457,Sector 27
Noida,Locality_458,Sector 28
Noida,Locality_459,Sector 29
Noida,Locality_460,Sector 30
Noida,Locality_461,Sector 34
Noida,Locality_462,Sector 37
Noida,Locality_463,Sector 44
Noida,Locality_464,Sector 45
Noida,Locality_465,Sector 50
Noida,Locality_466,Sector 51
Noida,Locality_467,Sector 52
Noida,Locality_468,Sector 61
Noida,Locality_469,Sector 62
Noida,Locality_470,Sector 74
Noida,Locality_471,Sector 75
Noida,Locality_472,Sector 76
Noida,Locality_473,Sector 93
Noida,Locality_474,Sector 100
Noida,Locality_475,Sector 137
Noida,Locality_476,Sector 15
Noida,Locality_477,Sector 16
Noida,Locality_478,Sector 18
Noida,Locality_479,Sector 20
Noida,Locality_480,Sector 21
Noida,Locality_481,Sector 22
Noida,Locality_482,Sector 27
Noida,Locality_483,Sector 28
Noida,Locality_484,Sector 29
Noida,Locality_485,Sector 30
Noida,Locality_486,Sector 34
Noida,Locality_487,Sector 37
Noida,Locality_488,Sector 44
Noida,Locality_489,Sector 45
Noida,Locality_490,Sector 50
Noida,Locality_491,Sector 51
Noida,Locality_492,Sector 52
Noida,Locality_493,Sector 61
Noida,Locality_494,Sector 62
Noida,Locality_495,Sector 74
Noida,Locality_496,Sector 75
Noida,Locality_497,Sector 76
Noida,Locality_498,Sector 93
Noida,Locality_499,Sector 100
Noida,Locality_500,Sector 137
Patna,Locality_1,Boring Road
Patna,Locality_2,Kankarbagh
Patna,Locality_3,Rajendra Nagar
Patna,Locality_4,Patliputra Colony
Patna,Locality_5,Bailey Road
Patna,Locality_6,Danapur
Patna,Locality_7,Patna City
Patna,Locality_8,Fraser Road
Patna,Locality_9,Exhibition Road
Patna,Locality_10,Gandhi Maidan
Patna,Locality_11,Anisabad
Patna,Locality_12,Phulwari Sharif
Patna,Locality_13,Digha
Patna,Locality_14,Kadamkuan
Patna,Locality_15,Nala Road
Patna,Locality_16,Ashiana Nagar
Patna,Locality_17,Raja Bazar
Patna,Locality_18,Jagdeo Path
Patna,Locality_19,S.K. Puri
Patna,Locality_20,P.C. Colony
Patna,Locality_21,Kurji
Patna,Locality_22,Mithapur
Patna,Locality_23,Agamkuan
Patna,Locality_24,Gardanibagh
Patna,Locality_25,Patliputra
Patna,Locality_26,Boring Road
Patna,Locality_27,Kankarbagh
Patna,Locality_28,Rajendra Nagar
Patna,Locality_29,Patliputra Colony
Patna,Locality_30,Bailey Road
Patna,Locality_31,Danapur
Patna,Locality_32,Patna City
Patna,Locality_33,Fraser Road
Patna,Locality_34,Exhibition Road
Patna,Locality_35,Gandhi Maidan
Patna,Locality_36,Anisabad
Patna,Locality_37,Phulwari Sharif
Patna,Locality_38,Digha
Patna,Locality_39,Kadamkuan
Patna,Locality_40,Nala Road
Patna,Locality_41,Ashiana Nagar
Patna,Locality_42,Raja Bazar
Patna,Locality_43,Jagdeo Path
Patna,Locality_44,S.K. Puri
Patna,Locality_45,P.C. Colony
Patna,Locality_46,Kurji
Patna,Locality_47,Mithapur
Patna,Locality_48,Agamkuan
Patna,Locality_49,Gardanibagh
Patna,Locality_50,Patliputra
Patna,Locality_51,Boring Road
Patna,Locality_52,Kankarbagh
Patna,Locality_53,Rajendra Nagar
Patna,Locality_54,Patliputra Colony
Patna,Locality_55,Bailey Road
Patna,Locality_56,Danapur
Patna,Locality_57,Patna City
Patna,Locality_58,Fraser Road
Patna,Locality_59,Exhibition Road
Patna,Locality_60,Gandhi Maidan
Patna,Locality_61,Anisabad
Patna,Locality_62,Phulwari Sharif
Patna,Locality_63,Digha
Patna,Locality_64,Kadamkuan
Patna,Locality_65,Nala Road
Patna,Locality_66,Ashiana Nagar
Patna,Locality_67,Raja Bazar
Patna,Locality_68,Jagdeo Path
Patna,Locality_69,S.K. Puri
Patna,Locality_70,P.C. Colony
Patna,Locality_71,Kurji
Patna,Locality_72,Mithapur
Patna,Locality_73,Agamkuan
Patna,Locality_74,Gardanibagh
Patna,Locality_75,Patliputra
Patna,Locality_76,Boring Road
Patna,Locality_77,Kankarbagh
Patna,Locality_78,Rajendra Nagar
Patna,Locality_79,Patliputra Colony
Patna,Locality_80,Bailey Road
Patna,Locality_81,Danapur
Patna,Locality_82,Patna City
Patna,Locality_83,Fraser Road
Patna,Locality_84,Exhibition Road
Patna,Locality_85,Gandhi Maidan
Patna,Locality_86,Anisabad
Patna,Locality_87,Phulwari Sharif
Patna,Locality_88,Digha
Patna,Locality_89,Kadamkuan
Patna,Locality_90,Nala Road
Patna,Locality_91,Ashiana Nagar
Patna,Locality_92,Raja Bazar
Patna,Locality_93,Jagdeo Path
Patna,Locality_94,S.K. Puri
Patna,Locality_95,P.C. Colony
Patna,Locality_96,Kurji
Patna,Locality_97,Mithapur
Patna,Locality_98,Agamkuan
Patna,Locality_99,Gardanibagh
Patna,Locality_100,Patliputra
Patna,Locality_101,Boring Road
Patna,Locality_102,Kankarbagh
Patna,Locality_103,Rajendra Nagar
Patna,Locality_104,Patliputra Colony
Patna,Locality_105,Bailey Road
Patna,Locality_106,Danapur
Patna,Locality_107,Patna City
Patna,Locality_108,Fraser Road
Patna,Locality_109,Exhibition Road
Patna,Locality_110,Gandhi Maidan
Patna,Locality_111,Anisabad
Patna,Locality_112,Phulwari Sharif
Patna,Locality_113,Digha
Patna,Locality_114,Kadamkuan
Patna,Locality_115,Nala Road
Patna,Locality_116,Ashiana Nagar
Patna,Locality_117,Raja Bazar
Patna,Locality_118,Jagdeo Path
Patna,Locality_119,S.K. Puri
Patna,Locality_120,P.C. Colony
Patna,Locality_121,Kurji
Patna,Locality_122,Mithapur
Patna,Locality_123,Agamkuan
Patna,Locality_124,Gardanibagh
Patna,Locality_125,Patliputra
Patna,Locality_126,Boring Road
Patna,Locality_127,Kankarbagh
Patna,Locality_128,Rajendra Nagar
Patna,Locality_129,Patliputra Colony
Patna,Locality_130,Bailey Road
Patna,Locality_131,Danapur
Patna,Locality_132,Patna City
Patna,Locality_133,Fraser Road
Patna,Locality_134,Exhibition Road
Patna,Locality_135,Gandhi Maidan
Patna,Locality_136,Anisabad
Patna,Locality_137,Phulwari Sharif
Patna,Locality_138,Digha
Patna,Locality_139,Kadamkuan
Patna,Locality_140,Nala Road
Patna,Locality_141,Ashiana Nagar
Patna,Locality_142,Raja Bazar
Patna,Locality_143,Jagdeo Path
Patna,Locality_144,S.K. Puri
Patna,Locality_145,P.C. Colony
Patna,Locality_146,Kurji
Patna,Locality_147,Mithapur
Patna,Locality_148,Agamkuan
Patna,Locality_149,Gardanibagh
Patna,Locality_150,Patliputra
Patna,Locality_151,Boring Road
Patna,Locality_152,Kankarbagh
Patna,Locality_153,Rajendra Nagar
Patna,Locality_154,Patliputra Colony
Patna,Locality_155,Bailey Road
Patna,Locality_156,Danapur
Patna,Locality_157,Patna City
Patna,Locality_158,Fraser Road
Patna,Locality_159,Exhibition Road
Patna,Locality_160,Gandhi Maidan
Patna,Locality_161,Anisabad
Patna,Locality_162,Phulwari Sharif
Patna,Locality_163,Digha
Patna,Locality_164,Kadamkuan
Patna,Locality_165,Nala Road
Patna,Locality_166,Ashiana Nagar
Patna,Locality_167,Raja Bazar
Patna,Locality_168,Jagdeo Path
Patna,Locality_169,S.K. Puri
Patna,Locality_170,P.C. Colony
Patna,Locality_171,Kurji
Patna,Locality_172,Mithapur
Patna,Locality_173,Agamkuan
Patna,Locality_174,Gardanibagh
Patna,Locality_175,Patliputra
Patna,Locality_176,Boring Road
Patna,Locality_177,Kankarbagh
Patna,Locality_178,Rajendra Nagar
Patna,Locality_179,Patliputra Colony
Patna,Locality_180,Bailey Road
Patna,Locality_181,Danapur
Patna,Locality_182,Patna City
Patna,Locality_183,Fraser Road
Patna,Locality_184,Exhibition Road
Patna,Locality_185,Gandhi Maidan
Patna,Locality_186,Anisabad
Patna,Locality_187,Phulwari Sharif
Patna,Locality_188,Digha
Patna,Locality_189,Kadamkuan
Patna,Locality_190,Nala Road
Patna,Locality_191,Ashiana Nagar
Patna,Locality_192,Raja Bazar
Patna,Locality_193,Jagdeo Path
Patna,Locality_194,S.K. Puri
Patna,Locality_195,P.C. Colony
Patna,Locality_196,Kurji
Patna,Locality_197,Mithapur
Patna,Locality_198,Agamkuan
Patna,Locality_199,Gardanibagh
Patna,Locality_200,Patliputra
Patna,Locality_201,Boring Road
Patna,Locality_202,Kankarbagh
Patna,Locality_203,Rajendra Nagar
Patna,Locality_204,Patliputra Colony
Patna,Locality_205,Bailey Road
Patna,Locality_206,Danapur
Patna,Locality_207,Patna City
Patna,Locality_208,Fraser Road
Patna,Locality_209,Exhibition Road
Patna,Locality_210,Gandhi Maidan
Patna,Locality_211,Anisabad
Patna,Locality_212,Phulwari Sharif
Patna,Locality_213,Digha
Patna,Locality_214,Kadamkuan
Patna,Locality_215,Nala Road
Patna,Locality_216,Ashiana Nagar
Patna,Locality_217,Raja Bazar
Patna,Locality_218,Jagdeo Path
Patna,Locality_219,S.K. Puri
Patna,Locality_220,P.C. Colony
Patna,Locality_221,Kurji
Patna,Locality_222,Mithapur
Patna,Locality_223,Agamkuan
Patna,Locality_224,Gardanibagh
Patna,Locality_225,Patliputra
Patna,Locality_226,Boring Road
Patna,Locality_227,Kankarbagh
Patna,Locality_228,Rajendra Nagar
Patna,Locality_229,Patliputra Colony
Patna,Locality_230,Bailey Road
Patna,Locality_231,Danapur
Patna,Locality_232,Patna City
Patna,Locality_233,Fraser Road
Patna,Locality_234,Exhibition Road
Patna,Locality_235,Gandhi Maidan
Patna,Locality_236,Anisabad
Patna,Locality_237,Phulwari Sharif
Patna,Locality_238,Digha
Patna,Locality_239,Kadamkuan
Patna,Locality_240,Nala Road
Patna,Locality_241,Ashiana Nagar
Patna,Locality_242,Raja Bazar
Patna,Locality_243,Jagdeo Path
Patna,Locality_244,S.K. Puri
Patna,Locality_245,P.C. Colony
Patna,Locality_246,Kurji
Patna,Locality_247,Mithapur
Patna,Locality_248,Agamkuan
Patna,Locality_249,Gardanibagh
Patna,Locality_250,Patliputra
Patna,Locality_251,Boring Road
Patna,Locality_252,Kankarbagh
Patna,Locality_253,Rajendra Nagar
Patna,Locality_254,Patliputra Colony
Patna,Locality_255,Bailey Road
Patna,Locality_256,Danapur
Patna,Locality_257,Patna City
Patna,Locality_258,Fraser Road
Patna,Locality_259,Exhibition Road
Patna,Locality_260,Gandhi Maidan
Patna,Locality_261,Anisabad
Patna,Locality_262,Phulwari Sharif
Patna,Locality_263,Digha
Patna,Locality_264,Kadamkuan
Patna,Locality_265,Nala Road
Patna,Locality_266,Ashiana Nagar
Patna,Locality_267,Raja Bazar
Patna,Locality_268,Jagdeo Path
Patna,Locality_269,S.K. Puri
Patna,Locality_270,P.C. Colony
Patna,Locality_271,Kurji
Patna,Locality_272,Mithapur
Patna,Locality_273,Agamkuan
Patna,Locality_274,Gardanibagh
Patna,Locality_275,Patliputra
Patna,Locality_276,Boring Road
Patna,Locality_277,Kankarbagh
Patna,Locality_278,Rajendra Nagar
Patna,Locality_279,Patliputra Colony
Patna,Locality_280,Bailey Road
Patna,Locality_281,Danapur
Patna,Locality_282,Patna City
Patna,Locality_283,Fraser Road
Patna,Locality_284,Exhibition Road
Patna,Locality_285,Gandhi Maidan
Patna,Locality_286,Anisabad
Patna,Locality_287,Phulwari Sharif
Patna,Locality_288,Digha
Patna,Locality_289,Kadamkuan
Patna,Locality_290,Nala Road
Patna,Locality_291,Ashiana Nagar
Patna,Locality_292,Raja Bazar
Patna,Locality_293,Jagdeo Path
Patna,Locality_294,S.K. Puri
Patna,Locality_295,P.C. Colony
Patna,Locality_296,Kurji
Patna,Locality_297,Mithapur
Patna,Locality_298,Agamkuan
Patna,Locality_299,Gardanibagh
Patna,Locality_300,Patliputra
Patna,Locality_301,Boring Road
Patna,Locality_302,Kankarbagh
Patna,Locality_303,Rajendra Nagar
Patna,Locality_304,Patliputra Colony
Patna,Locality_305,Bailey Road
Patna,Locality_306,Danapur
Patna,Locality_307,Patna City
Patna,Locality_308,Fraser Road
Patna,Locality_309,Exhibition Road
Patna,Locality_310,Gandhi Maidan
Patna,Locality_311,Anisabad
Patna,Locality_312,Phulwari Sharif
Patna,Locality_313,Digha
Patna,Locality_314,Kadamkuan
Patna,Locality_315,Nala Road
Patna,Locality_316,Ashiana Nagar
Patna,Locality_317,Raja Bazar
Patna,Locality_318,Jagdeo Path
Patna,Locality_319,S.K. Puri
Patna,Locality_320,P.C. Colony
Patna,Locality_321,Kurji
Patna,Locality_322,Mithapur
Patna,Locality_323,Agamkuan
Patna,Locality_324,Gardanibagh
Patna,Locality_325,Patliputra
Patna,Locality_326,Boring Road
Patna,Locality_327,Kankarbagh
Patna,Locality_328,Rajendra Nagar
Patna,Locality_329,Patliputra Colony
Patna,Locality_330,Bailey Road
Patna,Locality_331,Danapur
Patna,Locality_332,Patna City
Patna,Locality_333,Fraser Road
Patna,Locality_334,Exhibition Road
Patna,Locality_335,Gandhi Maidan
Patna,Locality_336,Anisabad
Patna,Locality_337,Phulwari Sharif
Patna,Locality_338,Digha
Patna,Locality_339,Kadamkuan
Patna,Locality_340,Nala Road
Patna,Locality_341,Ashiana Nagar
Patna,Locality_342,Raja Bazar
Patna,Locality_343,Jagdeo Path
Patna,Locality_344,S.K. Puri
Patna,Locality_345,P.C. Colony
Patna,Locality_346,Kurji
Patna,Locality_347,Mithapur
Patna,Locality_348,Agamkuan
Patna,Locality_349,Gardanibagh
Patna,Locality_350,Patliputra
Patna,Locality_351,Boring Road
Patna,Locality_352,Kankarbagh
Patna,Locality_353,Rajendra Nagar
Patna,Locality_354,Patliputra Colony
Patna,Locality_355,Bailey Road
Patna,Locality_356,Danapur
Patna,Locality_357,Patna City
Patna,Locality_358,Fraser Road
Patna,Locality_359,Exhibition Road
Patna,Locality_360,Gandhi Maidan
Patna,Locality_361,Anisabad
Patna,Locality_362,Phulwari Sharif
Patna,Locality_363,Digha
Patna,Locality_364,Kadamkuan
Patna,Locality_365,Nala Road
Patna,Locality_366,Ashiana Nagar
Patna,Locality_367,Raja Bazar
Patna,Locality_368,Jagdeo Path
Patna,Locality_369,S.K. Puri
Patna,Locality_370,P.C. Colony
Patna,Locality_371,Kurji
Patna,Locality_372,Mithapur
Patna,Locality_373,Agamkuan
Patna,Locality_374,Gardanibagh
Patna,Locality_375,Patliputra
Patna,Locality_376,Boring Road
Patna,Locality_377,Kankarbagh
Patna,Locality_378,Rajendra Nagar
Patna,Locality_379,Patliputra Colony
Patna,Locality_380,Bailey Road
Patna,Locality_381,Danapur
Patna,Locality_382,Patna City
Patna,Locality_383,Fraser Road
Patna,Locality_384,Exhibition Road
Patna,Locality_385,Gandhi Maidan
Patna,Locality_386,Anisabad
Patna,Locality_387,Phulwari Sharif
Patna,Locality_388,Digha
Patna,Locality_389,Kadamkuan
Patna,Locality_390,Nala Road
Patna,Locality_391,Ashiana Nagar
Patna,Locality_392,Raja Bazar
Patna,Locality_393,Jagdeo Path
Patna,Locality_394,S.K. Puri
Patna,Locality_395,P.C. Colony
Patna,Locality_396,Kurji
Patna,Locality_397,Mithapur
Patna,Locality_398,Agamkuan
Patna,Locality_399,Gardanibagh
Patna,Locality_400,Patliputra
Patna,Locality_401,Boring Road
Patna,Locality_402,Kankarbagh
Patna,Locality_403,Rajendra Nagar
Patna,Locality_404,Patliputra Colony
Patna,Locality_405,Bailey Road
Patna,Locality_406,Danapur
Patna,Locality_407,Patna City
Patna,Locality_408,Fraser Road
Patna,Locality_409,Exhibition Road
Patna,Locality_410,Gandhi Maidan
Patna,Locality_411,Anisabad
Patna,Locality_412,Phulwari Sharif
Patna,Locality_413,Digha
Patna,Locality_414,Kadamkuan
Patna,Locality_415,Nala Road
Patna,Locality_416,Ashiana Nagar
Patna,Locality_417,Raja Bazar
Patna,Locality_418,Jagdeo Path
Patna,Locality_419,S.K. Puri
Patna,Locality_420,P.C. Colony
Patna,Locality_421,Kurji
Patna,Locality_422,Mithapur
Patna,Locality_423,Agamkuan
Patna,Locality_424,Gardanibagh
Patna,Locality_425,Patliputra
Patna,Locality_426,Boring Road
Patna,Locality_427,Kankarbagh
Patna,Locality_428,Rajendra Nagar
Patna,Locality_429,Patliputra Colony
Patna,Locality_430,Bailey Road
Patna,Locality_431,Danapur
Patna,Locality_432,Patna City
Patna,Locality_433,Fraser Road
Patna,Locality_434,Exhibition Road
Patna,Locality_435,Gandhi Maidan
Patna,Locality_436,Anisabad
Patna,Locality_437,Phulwari Sharif
Patna,Locality_438,Digha
Patna,Locality_439,Kadamkuan
Patna,Locality_440,Nala Road
Patna,Locality_441,Ashiana Nagar
Patna,Locality_442,Raja Bazar
Patna,Locality_443,Jagdeo Path
Patna,Locality_444,S.K. Puri
Patna,Locality_445,P.C. Colony
Patna,Locality_446,Kurji
Patna,Locality_447,Mithapur
Patna,Locality_448,Agamkuan
Patna,Locality_449,Gardanibagh
Patna,Locality_450,Patliputra
Patna,Locality_451,Boring Road
Patna,Locality_452,Kankarbagh
Patna,Locality_453,Rajendra Nagar
Patna,Locality_454,Patliputra Colony
Patna,Locality_455,Bailey Road
Patna,Locality_456,Danapur
Patna,Locality_457,Patna City
Patna,Locality_458,Fraser Road
Patna,Locality_459,Exhibition Road
Patna,Locality_460,Gandhi Maidan
Patna,Locality_461,Anisabad
Patna,Locality_462,Phulwari Sharif
Patna,Locality_463,Digha
Patna,Locality_464,Kadamkuan
Patna,Locality_465,Nala Road
Patna,Locality_466,Ashiana Nagar
Patna,Locality_467,Raja Bazar
Patna,Locality_468,Jagdeo Path
Patna,Locality_469,S.K. Puri
Patna,Locality_470,P.C. Colony
Patna,Locality_471,Kurji
Patna,Locality_472,Mithapur
Patna,Locality_473,Agamkuan
Patna,Locality_474,Gardanibagh
Patna,Locality_475,Patliputra
Patna,Locality_476,Boring Road
Patna,Locality_477,Kankarbagh
Patna,Locality_478,Rajendra Nagar
Patna,Locality_479,Patliputra Colony
Patna,Locality_480,Bailey Road
Patna,Locality_481,Danapur
Patna,Locality_482,Patna City
Patna,Locality_483,Fraser Road
Patna,Locality_484,Exhibition Road
Patna,Locality_485,Gandhi Maidan
Patna,Locality_486,Anisabad
Patna,Locality_487,Phulwari Sharif
Patna,Locality_488,Digha
Patna,Locality_489,Kadamkuan
Patna,Locality_490,Nala Road
Patna,Locality_491,Ashiana Nagar
Patna,Locality_492,Raja Bazar
Patna,Locality_493,Jagdeo Path
Patna,Locality_494,S.K. Puri
Patna,Locality_495,P.C. Colony
Patna,Locality_496,Kurji
Patna,Locality_497,Mithapur
Patna,Locality_498,Agamkuan
Patna,Locality_499,Gardanibagh
Patna,Locality_500,Patliputra
Pune,Locality_1,Kothrud
Pune,Locality_2,Baner
Pune,Locality_3,Viman Nagar
Pune,Locality_4,Kharadi
Pune,Locality_5,Hinjewadi
Pune,Locality_6,Wakad
Pune,Locality_7,Aundh
Pune,Locality_8,Koregaon Park
Pune,Locality_9,Hadapsar
Pune,Locality_10,Magarpatta
Pune,Locality_11,Kalyani Nagar
Pune,Locality_12,Kondhwa
Pune,Locality_13,Bibwewadi
Pune,Locality_14,Pimple Saudagar
Pune,Locality_15,Pimpri
Pune,Locality_16,Chinchwad
Pune,Locality_17,Shivajinagar
Pune,Locality_18,Deccan Gymkhana
Pune,Locality_19,Camp
Pune,Locality_20,Yerawada
Pune,Locality_21,Wagholi
Pune,Locality_22,Balewadi
Pune,Locality_23,Bavdhan
Pune,Locality_24,Warje
Pune,Locality_25,Karve Nagar
Pune,Locality_26,Kothrud
Pune,Locality_27,Baner
Pune,Locality_28,Viman Nagar
Pune,Locality_29,Kharadi
Pune,Locality_30,Hinjewadi
Pune,Locality_31,Wakad
Pune,Locality_32,Aundh
Pune,Locality_33,Koregaon Park
Pune,Locality_34,Hadapsar
Pune,Locality_35,Magarpatta
Pune,Locality_36,Kalyani Nagar
Pune,Locality_37,Kondhwa
Pune,Locality_38,Bibwewadi
Pune,Locality_39,Pimple Saudagar
Pune,Locality_40,Pimpri
Pune,Locality_41,Chinchwad
Pune,Locality_42,Shivajinagar
Pune,Locality_43,Deccan Gymkhana
Pune,Locality_44,Camp
Pune,Locality_45,Yerawada
Pune,Locality_46,Wagholi
Pune,Locality_47,Balewadi
Pune,Locality_48,Bavdhan
Pune,Locality_49,Warje
Pune,Locality_50,Karve Nagar
Pune,Locality_51,Kothrud
Pune,Locality_52,Baner
Pune,Locality_53,Viman Nagar
Pune,Locality_54,Kharadi
Pune,Locality_55,Hinjewadi
Pune,Locality_56,Wakad
Pune,Locality_57,Aundh
Pune,Locality_58,Koregaon Park
Pune,Locality_59,Hadapsar
Pune,Locality_60,Magarpatta
Pune,Locality_61,Kalyani Nagar
Pune,Locality_62,Kondhwa
Pune,Locality_63,Bibwewadi
Pune,Locality_64,Pimple Saudagar
Pune,Locality_65,Pimpri
Pune,Locality_66,Chinchwad
Pune,Locality_67,Shivajinagar
Pune,Locality_68,Deccan Gymkhana
Pune,Locality_69,Camp
Pune,Locality_70,Yerawada
Pune,Locality_71,Wagholi
Pune,Locality_72,Balewadi
Pune,Locality_73,Bavdhan
Pune,Locality_74,Warje
Pune,Locality_75,Karve Nagar
Pune,Locality_76,Kothrud
Pune,Locality_77,Baner
Pune,Locality_78,Viman Nagar
Pune,Locality_79,Kharadi
Pune,Locality_80,Hinjewadi
Pune,Locality_81,Wakad
Pune,Locality_82,Aundh
Pune,Locality_83,Koregaon Park
Pune,Locality_84,Hadapsar
Pune,Locality_85,Magarpatta
Pune,Locality_86,Kalyani Nagar
Pune,Locality_87,Kondhwa
Pune,Locality_88,Bibwewadi
Pune,Locality_89,Pimple Saudagar
Pune,Locality_90,Pimpri
Pune,Locality_91,Chinchwad
Pune,Locality_92,Shivajinagar
Pune,Locality_93,Deccan Gymkhana
Pune,Locality_94,Camp
Pune,Locality_95,Yerawada
Pune,Locality_96,Wagholi
Pune,Locality_97,Balewadi
Pune,Locality_98,Bavdhan
Pune,Locality_99,Warje
Pune,Locality_100,Karve Nagar
Pune,Locality_101,Kothrud
Pune,Locality_102,Baner
Pune,Locality_103,Viman Nagar
Pune,Locality_104,Kharadi
Pune,Locality_105,Hinjewadi
Pune,Locality_106,Wakad
Pune,Locality_107,Aundh
Pune,Locality_108,Koregaon Park
Pune,Locality_109,Hadapsar
Pune,Locality_110,Magarpatta
Pune,Locality_111,Kalyani Nagar
Pune,Locality_112,Kondhwa
Pune,Locality_113,Bibwewadi
Pune,Locality_114,Pimple Saudagar
Pune,Locality_115,Pimpri
Pune,Locality_116,Chinchwad
Pune,Locality_117,Shivajinagar
Pune,Locality_118,Deccan Gymkhana
Pune,Locality_119,Camp
Pune,Locality_120,Yerawada
Pune,Locality_121,Wagholi
Pune,Locality_122,Balewadi
Pune,Locality_123,Bavdhan
Pune,Locality_124,Warje
Pune,Locality_125,Karve Nagar
Pune,Locality_126,Kothrud
Pune,Locality_127,Baner
Pune,Locality_128,Viman Nagar
Pune,Locality_129,Kharadi
Pune,Locality_130,Hinjewadi
Pune,Locality_131,Wakad
Pune,Locality_132,Aundh
Pune,Locality_133,Koregaon Park
Pune,Locality_134,Hadapsar
Pune,Locality_135,Magarpatta
Pune,Locality_136,Kalyani Nagar
Pune,Locality_137,Kondhwa
Pune,Locality_138,Bibwewadi
Pune,Locality_139,Pimple Saudagar
Pune,Locality_140,Pimpri
Pune,Locality_141,Chinchwad
Pune,Locality_142,Shivajinagar
Pune,Locality_143,Deccan Gymkhana
Pune,Locality_144,Camp
Pune,Locality_145,Yerawada
Pune,Locality_146,Wagholi
Pune,Locality_147,Balewadi
Pune,Locality_148,Bavdhan
Pune,Locality_149,Warje
Pune,Locality_150,Karve Nagar
Pune,Locality_151,Kothrud
Pune,Locality_152,Baner
Pune,Locality_153,Viman Nagar
Pune,Locality_154,Kharadi
Pune,Locality_155,Hinjewadi
Pune,Locality_156,Wakad
Pune,Locality_157,Aundh
Pune,Locality_158,Koregaon Park
Pune,Locality_159,Hadapsar
Pune,Locality_160,Magarpatta
Pune,Locality_161,Kalyani Nagar
Pune,Locality_162,Kondhwa
Pune,Locality_163,Bibwewadi
Pune,Locality_164,Pimple Saudagar
Pune,Locality_165,Pimpri
Pune,Locality_166,Chinchwad
Pune,Locality_167,Shivajinagar
Pune,Locality_168,Deccan Gymkhana
Pune,Locality_169,Camp
Pune,Locality_170,Yerawada
Pune,Locality_171,Wagholi
Pune,Locality_172,Balewadi
Pune,Locality_173,Bavdhan
Pune,Locality_174,Warje
Pune,Locality_175,Karve Nagar
Pune,Locality_176,Kothrud
Pune,Locality_177,Baner
Pune,Locality_178,Viman Nagar
Pune,Locality_179,Kharadi
Pune,Locality_180,Hinjewadi
Pune,Locality_181,Wakad
Pune,Locality_182,Aundh
Pune,Locality_183,Koregaon Park
Pune,Locality_184,Hadapsar
Pune,Locality_185,Magarpatta
Pune,Locality_186,Kalyani Nagar
Pune,Locality_187,Kondhwa
Pune,Locality_188,Bibwewadi
Pune,Locality_189,Pimple Saudagar
Pune,Locality_190,Pimpri
Pune,Locality_191,Chinchwad
Pune,Locality_192,Shivajinagar
Pune,Locality_193,Deccan Gymkhana
Pune,Locality_194,Camp
Pune,Locality_195,Yerawada
Pune,Locality_196,Wagholi
Pune,Locality_197,Balewadi
Pune,Locality_198,Bavdhan
Pune,Locality_199,Warje
Pune,Locality_200,Karve Nagar
Pune,Locality_201,Kothrud
Pune,Locality_202,Baner
Pune,Locality_203,Viman Nagar
Pune,Locality_204,Kharadi
Pune,Locality_205,Hinjewadi
Pune,Locality_206,Wakad
Pune,Locality_207,Aundh
Pune,Locality_208,Koregaon Park
Pune,Locality_209,Hadapsar
Pune,Locality_210,Magarpatta
Pune,Locality_211,Kalyani Nagar
Pune,Locality_212,Kondhwa
Pune,Locality_213,Bibwewadi
Pune,Locality_214,Pimple Saudagar
Pune,Locality_215,Pimpri
Pune,Locality_216,Chinchwad
Pune,Locality_217,Shivajinagar
Pune,Locality_218,Deccan Gymkhana
Pune,Locality_219,Camp
Pune,Locality_220,Yerawada
Pune,Locality_221,Wagholi
Pune,Locality_222,Balewadi
Pune,Locality_223,Bavdhan
Pune,Locality_224,Warje
Pune,Locality_225,Karve Nagar
Pune,Locality_226,Kothrud
Pune,Locality_227,Baner
Pune,Locality_228,Viman Nagar
Pune,Locality_229,Kharadi
Pune,Locality_230,Hinjewadi
Pune,Locality_231,Wakad
Pune,Locality_232,Aundh
Pune,Locality_233,Koregaon Park
Pune,Locality_234,Hadapsar
Pune,Locality_235,Magarpatta
Pune,Locality_236,Kalyani Nagar
Pune,Locality_237,Kondhwa
Pune,Locality_238,Bibwewadi
Pune,Locality_239,Pimple Saudagar
Pune,Locality_240,Pimpri
Pune,Locality_241,Chinchwad
Pune,Locality_242,Shivajinagar
Pune,Locality_243,Deccan Gymkhana
Pune,Locality_244,Camp
Pune,Locality_245,Yerawada
Pune,Locality_246,Wagholi
Pune,Locality_247,Balewadi
Pune,Locality_248,Bavdhan
Pune,Locality_249,Warje
Pune,Locality_250,Karve Nagar
Pune,Locality_251,Kothrud
Pune,Locality_252,Baner
Pune,Locality_253,Viman Nagar
Pune,Locality_254,Kharadi
Pune,Locality_255,Hinjewadi
Pune,Locality_256,Wakad
Pune,Locality_257,Aundh
Pune,Locality_258,Koregaon Park
Pune,Locality_259,Hadapsar
Pune,Locality_260,Magarpatta
Pune,Locality_261,Kalyani Nagar
Pune,Locality_262,Kondhwa
Pune,Locality_263,Bibwewadi
Pune,Locality_264,Pimple Saudagar
Pune,Locality_265,Pimpri
Pune,Locality_266,Chinchwad
Pune,Locality_267,Shivajinagar
Pune,Locality_268,Deccan Gymkhana
Pune,Locality_269,Camp
Pune,Locality_270,Yerawada
Pune,Locality_271,Wagholi
Pune,Locality_272,Balewadi
Pune,Locality_273,Bavdhan
Pune,Locality_274,Warje
Pune,Locality_275,Karve Nagar
Pune,Locality_276,Kothrud
Pune,Locality_277,Baner
Pune,Locality_278,Viman Nagar
Pune,Locality_279,Kharadi
Pune,Locality_280,Hinjewadi
Pune,Locality_281,Wakad
Pune,Locality_282,Aundh
Pune,Locality_283,Koregaon Park
Pune,Locality_284,Hadapsar
Pune,Locality_285,Magarpatta
Pune,Locality_286,Kalyani Nagar
Pune,Locality_287,Kondhwa
Pune,Locality_288,Bibwewadi
Pune,Locality_289,Pimple Saudagar
Pune,Locality_290,Pimpri
Pune,Locality_291,Chinchwad
Pune,Locality_292,Shivajinagar
Pune,Locality_293,Deccan Gymkhana
Pune,Locality_294,Camp
Pune,Locality_295,Yerawada
Pune,Locality_296,Wagholi
Pune,Locality_297,Balewadi
Pune,Locality_298,Bavdhan
Pune,Locality_299,Warje
Pune,Locality_300,Karve Nagar
Pune,Locality_301,Kothrud
Pune,Locality_302,Baner
Pune,Locality_303,Viman Nagar
Pune,Locality_304,Kharadi
Pune,Locality_305,Hinjewadi
Pune,Locality_306,Wakad
Pune,Locality_307,Aundh
Pune,Locality_308,Koregaon Park
Pune,Locality_309,Hadapsar
Pune,Locality_310,Magarpatta
Pune,Locality_311,Kalyani Nagar
Pune,Locality_312,Kondhwa
Pune,Locality_313,Bibwewadi
Pune,Locality_314,Pimple Saudagar
Pune,Locality_315,Pimpri
Pune,Locality_316,Chinchwad
Pune,Locality_317,Shivajinagar
Pune,Locality_318,Deccan Gymkhana
Pune,Locality_319,Camp
Pune,Locality_320,Yerawada
Pune,Locality_321,Wagholi
Pune,Locality_322,Balewadi
Pune,Locality_323,Bavdhan
Pune,Locality_324,Warje
Pune,Locality_325,Karve Nagar
Pune,Locality_326,Kothrud
Pune,Locality_327,Baner
Pune,Locality_328,Viman Nagar
Pune,Locality_329,Kharadi
Pune,Locality_330,Hinjewadi
Pune,Locality_331,Wakad
Pune,Locality_332,Aundh
Pune,Locality_333,Koregaon Park
Pune,Locality_334,Hadapsar
Pune,Locality_335,Magarpatta
Pune,Locality_336,Kalyani Nagar
Pune,Locality_337,Kondhwa
Pune,Locality_338,Bibwewadi
Pune,Locality_339,Pimple Saudagar
Pune,Locality_340,Pimpri
Pune,Locality_341,Chinchwad
Pune,Locality_342,Shivajinagar
Pune,Locality_343,Deccan Gymkhana
Pune,Locality_344,Camp
Pune,Locality_345,Yerawada
Pune,Locality_346,Wagholi
Pune,Locality_347,Balewadi
Pune,Locality_348,Bavdhan
Pune,Locality_349,Warje
Pune,Locality_350,Karve Nagar
Pune,Locality_351,Kothrud
Pune,Locality_352,Baner
Pune,Locality_353,Viman Nagar
Pune,Locality_354,Kharadi
Pune,Locality_355,Hinjewadi
Pune,Locality_356,Wakad
Pune,Locality_357,Aundh
Pune,Locality_358,Koregaon Park
Pune,Locality_359,Hadapsar
Pune,Locality_360,Magarpatta
Pune,Locality_361,Kalyani Nagar
Pune,Locality_362,Kondhwa
Pune,Locality_363,Bibwewadi
Pune,Locality_364,Pimple Saudagar
Pune,Locality_365,Pimpri
Pune,Locality_366,Chinchwad
Pune,Locality_367,Shivajinagar
Pune,Locality_368,Deccan Gymkhana
Pune,Locality_369,Camp
Pune,Locality_370,Yerawada
Pune,Locality_371,Wagholi
Pune,Locality_372,Balewadi
Pune,Locality_373,Bavdhan
Pune,Locality_374,Warje
Pune,Locality_375,Karve Nagar
Pune,Locality_376,Kothrud
Pune,Locality_377,Baner
Pune,Locality_378,Viman Nagar
Pune,Locality_379,Kharadi
Pune,Locality_380,Hinjewadi
Pune,Locality_381,Wakad
Pune,Locality_382,Aundh
Pune,Locality_383,Koregaon Park
Pune,Locality_384,Hadapsar
Pune,Locality_385,Magarpatta
Pune,Locality_386,Kalyani Nagar
Pune,Locality_387,Kondhwa
Pune,Locality_388,Bibwewadi
Pune,Locality_389,Pimple Saudagar
Pune,Locality_390,Pimpri
Pune,Locality_391,Chinchwad
Pune,Locality_392,Shivajinagar
Pune,Locality_393,Deccan Gymkhana
Pune,Locality_394,Camp
Pune,Locality_395,Yerawada
Pune,Locality_396,Wagholi
Pune,Locality_397,Balewadi
Pune,Locality_398,Bavdhan
Pune,Locality_399,Warje
Pune,Locality_400,Karve Nagar
Pune,Locality_401,Kothrud
Pune,Locality_402,Baner
Pune,Locality_403,Viman Nagar
Pune,Locality_404,Kharadi
Pune,Locality_405,Hinjewadi
Pune,Locality_406,Wakad
Pune,Locality_407,Aundh
Pune,Locality_408,Koregaon Park
Pune,Locality_409,Hadapsar
Pune,Locality_410,Magarpatta
Pune,Locality_411,Kalyani Nagar
Pune,Locality_412,Kondhwa
Pune,Locality_413,Bibwewadi
Pune,Locality_414,Pimple Saudagar
Pune,Locality_415,Pimpri
Pune,Locality_416,Chinchwad
Pune,Locality_417,Shivajinagar
Pune,Locality_418,Deccan Gymkhana
Pune,Locality_419,Camp
Pune,Locality_420,Yerawada
Pune,Locality_421,Wagholi
Pune,Locality_422,Balewadi
Pune,Locality_423,Bavdhan
Pune,Locality_424,Warje
Pune,Locality_425,Karve Nagar
Pune,Locality_426,Kothrud
Pune,Locality_427,Baner
Pune,Locality_428,Viman Nagar
Pune,Locality_429,Kharadi
Pune,Locality_430,Hinjewadi
Pune,Locality_431,Wakad
Pune,Locality_432,Aundh
Pune,Locality_433,Koregaon Park
Pune,Locality_434,Hadapsar
Pune,Locality_435,Magarpatta
Pune,Locality_436,Kalyani Nagar
Pune,Locality_437,Kondhwa
Pune,Locality_438,Bibwewadi
Pune,Locality_439,Pimple Saudagar
Pune,Locality_440,Pimpri
Pune,Locality_441,Chinchwad
Pune,Locality_442,Shivajinagar
Pune,Locality_443,Deccan Gymkhana
Pune,Locality_444,Camp
Pune,Locality_445,Yerawada
Pune,Locality_446,Wagholi
Pune,Locality_447,Balewadi
Pune,Locality_448,Bavdhan
Pune,Locality_449,Warje
Pune,Locality_450,Karve Nagar
Pune,Locality_451,Kothrud
Pune,Locality_452,Baner
Pune,Locality_453,Viman Nagar
Pune,Locality_454,Kharadi
Pune,Locality_455,Hinjewadi
Pune,Locality_456,Wakad
Pune,Locality_457,Aundh
Pune,Locality_458,Koregaon Park
Pune,Locality_459,Hadapsar
Pune,Locality_460,Magarpatta
Pune,Locality_461,Kalyani Nagar
Pune,Locality_462,Kondhwa
Pune,Locality_463,Bibwewadi
Pune,Locality_464,Pimple Saudagar
Pune,Locality_465,Pimpri
Pune,Locality_466,Chinchwad
Pune,Locality_467,Shivajinagar
Pune,Locality_468,Deccan Gymkhana
Pune,Locality_469,Camp
Pune,Locality_470,Yerawada
Pune,Locality_471,Wagholi
Pune,Locality_472,Balewadi
Pune,Locality_473,Bavdhan
Pune,Locality_474,Warje
Pune,Locality_475,Karve Nagar
Pune,Locality_476,Kothrud
Pune,Locality_477,Baner
Pune,Locality_478,Viman Nagar
Pune,Locality_479,Kharadi
Pune,Locality_480,Hinjewadi
Pune,Locality_481,Wakad
Pune,Locality_482,Aundh
Pune,Locality_483,Koregaon Park
Pune,Locality_484,Hadapsar
Pune,Locality_485,Magarpatta
Pune,Locality_486,Kalyani Nagar
Pune,Locality_487,Kondhwa
Pune,Locality_488,Bibwewadi
Pune,Locality_489,Pimple Saudagar
Pune,Locality_490,Pimpri
Pune,Locality_491,Chinchwad
Pune,Locality_492,Shivajinagar
Pune,Locality_493,Deccan Gymkhana
Pune,Locality_494,Camp
Pune,Locality_495,Yerawada
Pune,Locality_496,Wagholi
Pune,Locality_497,Balewadi
Pune,Locality_498,Bavdhan
Pune,Locality_499,Warje
Pune,Locality_500,Karve Nagar
Raipur,Locality_1,Shankar Nagar
Raipur,Locality_2,Telibandha
Raipur,Locality_3,Devendra Nagar
Raipur,Locality_4,Civil Lines
Raipur,Locality_5,Mowa
Raipur,Locality_6,Katora Talab
Raipur,Locality_7,Samta Colony
Raipur,Locality_8,Avanti Vihar
Raipur,Locality_9,Saddu
Raipur,Locality_10,Kachna
Raipur,Locality_11,Tatibandh
Raipur,Locality_12,Amlidih
Raipur,Locality_13,Daldal Seoni
Raipur,Locality_14,Gudhiyari
Raipur,Locality_15,Tikrapara
Raipur,Locality_16,Pachpedi Naka
Raipur,Locality_17,Mahaveer Nagar
Raipur,Locality_18,Rajendra Nagar
Raipur,Locality_19,Labhandi
Raipur,Locality_20,Vidhan Sabha Road
Raipur,Locality_21,VIP Road
Raipur,Locality_22,Fafadih
Raipur,Locality_23,Santoshi Nagar
Raipur,Locality_24,Amapara
Raipur,Locality_25,G.E. Road
Raipur,Locality_26,Shankar Nagar
Raipur,Locality_27,Telibandha
Raipur,Locality_28,Devendra Nagar
Raipur,Locality_29,Civil Lines
Raipur,Locality_30,Mowa
Raipur,Locality_31,Katora Talab
Raipur,Locality_32,Samta Colony
Raipur,Locality_33,Avanti Vihar
Raipur,Locality_34,Saddu
Raipur,Locality_35,Kachna
Raipur,Locality_36,Tatibandh
Raipur,Locality_37,Amlidih
Raipur,Locality_38,Daldal Seoni
Raipur,Locality_39,Gudhiyari
Raipur,Locality_40,Tikrapara
Raipur,Locality_41,Pachpedi Naka
Raipur,Locality_42,Mahaveer Nagar
Raipur,Locality_43,Rajendra Nagar
Raipur,Locality_44,Labhandi
Raipur,Locality_45,Vidhan Sabha Road
Raipur,Locality_46,VIP Road
Raipur,Locality_47,Fafadih
Raipur,Locality_48,Santoshi Nagar
Raipur,Locality_49,Amapara
Raipur,Locality_50,G.E. Road
Raipur,Locality_51,Shankar Nagar
Raipur,Locality_52,Telibandha
Raipur,Locality_53,Devendra Nagar
Raipur,Locality_54,Civil Lines
Raipur,Locality_55,Mowa
Raipur,Locality_56,Katora Talab
Raipur,Locality_57,Samta Colony
Raipur,Locality_58,Avanti Vihar
Raipur,Locality_59,Saddu
Raipur,Locality_60,Kachna
Raipur,Locality_61,Tatibandh
Raipur,Locality_62,Amlidih
Raipur,Locality_63,Daldal Seoni
Raipur,Locality_64,Gudhiyari
Raipur,Locality_65,Tikrapara
Raipur,Locality_66,Pachpedi Naka
Raipur,Locality_67,Mahaveer Nagar
Raipur,Locality_68,Rajendra Nagar
Raipur,Locality_69,Labhandi
Raipur,Locality_70,Vidhan Sabha Road
Raipur,Locality_71,VIP Road
Raipur,Locality_72,Fafadih
Raipur,Locality_73,Santoshi Nagar
Raipur,Locality_74,Amapara
Raipur,Locality_75,G.E. Road
Raipur,Locality_76,Shankar Nagar
Raipur,Locality_77,Telibandha
Raipur,Locality_78,Devendra Nagar
Raipur,Locality_79,Civil Lines
Raipur,Locality_80,Mowa
Raipur,Locality_81,Katora Talab
Raipur,Locality_82,Samta Colony
Raipur,Locality_83,Avanti Vihar
Raipur,Locality_84,Saddu
Raipur,Locality_85,Kachna
Raipur,Locality_86,Tatibandh
Raipur,Locality_87,Amlidih
Raipur,Locality_88,Daldal Seoni
Raipur,Locality_89,Gudhiyari
Raipur,Locality_90,Tikrapara
Raipur,Locality_91,Pachpedi Naka
Raipur,Locality_92,Mahaveer Nagar
Raipur,Locality_93,Rajendra Nagar
Raipur,Locality_94,Labhandi
Raipur,Locality_95,Vidhan Sabha Road
Raipur,Locality_96,VIP Road
Raipur,Locality_97,Fafadih
Raipur,Locality_98,Santoshi Nagar
Raipur,Locality_99,Amapara
Raipur,Locality_100,G.E. Road
Raipur,Locality_101,Shankar Nagar
Raipur,Locality_102,Telibandha
Raipur,Locality_103,Devendra Nagar
Raipur,Locality_104,Civil Lines
Raipur,Locality_105,Mowa
Raipur,Locality_106,Katora Talab
Raipur,Locality_107,Samta Colony
Raipur,Locality_108,Avanti Vihar
Raipur,Locality_109,Saddu
Raipur,Locality_110,Kachna
Raipur,Locality_111,Tatibandh
Raipur,Locality_112,Amlidih
Raipur,Locality_113,Daldal Seoni
Raipur,Locality_114,Gudhiyari
Raipur,Locality_115,Tikrapara
Raipur,Locality_116,Pachpedi Naka
Raipur,Locality_117,Mahaveer Nagar
Raipur,Locality_118,Rajendra Nagar
Raipur,Locality_119,Labhandi
Raipur,Locality_120,Vidhan Sabha Road
Raipur,Locality_121,VIP Road
Raipur,Locality_122,Fafadih
Raipur,Locality_123,Santoshi Nagar
Raipur,Locality_124,Amapara
Raipur,Locality_125,G.E. Road
Raipur,Locality_126,Shankar Nagar
Raipur,Locality_127,Telibandha
Raipur,Locality_128,Devendra Nagar
Raipur,Locality_129,Civil Lines
Raipur,Locality_130,Mowa
Raipur,Locality_131,Katora Talab
Raipur,Locality_132,Samta Colony
Raipur,Locality_133,Avanti Vihar
Raipur,Locality_134,Saddu
Raipur,Locality_135,Kachna
Raipur,Locality_136,Tatibandh
Raipur,Locality_137,Amlidih
Raipur,Locality_138,Daldal Seoni
Raipur,Locality_139,Gudhiyari
Raipur,Locality_140,Tikrapara
Raipur,Locality_141,Pachpedi Naka
Raipur,Locality_142,Mahaveer Nagar
Raipur,Locality_143,Rajendra Nagar
Raipur,Locality_144,Labhandi
Raipur,Locality_145,Vidhan Sabha Road
Raipur,Locality_146,VIP Road
Raipur,Locality_147,Fafadih
Raipur,Locality_148,Santoshi Nagar
Raipur,Locality_149,Amapara
Raipur,Locality_150,G.E. Road
Raipur,Locality_151,Shankar Nagar
Raipur,Locality_152,Telibandha
Raipur,Locality_153,Devendra Nagar
Raipur,Locality_154,Civil Lines
Raipur,Locality_155,Mowa
Raipur,Locality_156,Katora Talab
Raipur,Locality_157,Samta Colony
Raipur,Locality_158,Avanti Vihar
Raipur,Locality_159,Saddu
Raipur,Locality_160,Kachna
Raipur,Locality_161,Tatibandh
Raipur,Locality_162,Amlidih
Raipur,Locality_163,Daldal Seoni
Raipur,Locality_164,Gudhiyari
Raipur,Locality_165,Tikrapara
Raipur,Locality_166,Pachpedi Naka
Raipur,Locality_167,Mahaveer Nagar
Raipur,Locality_168,Rajendra Nagar
Raipur,Locality_169,Labhandi
Raipur,Locality_170,Vidhan Sabha Road
Raipur,Locality_171,VIP Road
Raipur,Locality_172,Fafadih
Raipur,Locality_173,Santoshi Nagar
Raipur,Locality_174,Amapara
Raipur,Locality_175,G.E. Road
Raipur,Locality_176,Shankar Nagar
Raipur,Locality_177,Telibandha
Raipur,Locality_178,Devendra Nagar
Raipur,Locality_179,Civil Lines
Raipur,Locality_180,Mowa
Raipur,Locality_181,Katora Talab
Raipur,Locality_182,Samta Colony
Raipur,Locality_183,Avanti Vihar
Raipur,Locality_184,Saddu
Raipur,Locality_185,Kachna
Raipur,Locality_186,Tatibandh
Raipur,Locality_187,Amlidih
Raipur,Locality_188,Daldal Seoni
Raipur,Locality_189,Gudhiyari
Raipur,Locality_190,Tikrapara
Raipur,Locality_191,Pachpedi Naka
Raipur,Locality_192,Mahaveer Nagar
Raipur,Locality_193,Rajendra Nagar
Raipur,Locality_194,Labhandi
Raipur,Locality_195,Vidhan Sabha Road
Raipur,Locality_196,VIP Road
Raipur,Locality_197,Fafadih
Raipur,Locality_198,Santoshi Nagar
Raipur,Locality_199,Amapara
Raipur,Locality_200,G.E. Road
Raipur,Locality_201,Shankar Nagar
Raipur,Locality_202,Telibandha
Raipur,Locality_203,Devendra Nagar
Raipur,Locality_204,Civil Lines
Raipur,Locality_205,Mowa
Raipur,Locality_206,Katora Talab
Raipur,Locality_207,Samta Colony
Raipur,Locality_208,Avanti Vihar
Raipur,Locality_209,Saddu
Raipur,Locality_210,Kachna
Raipur,Locality_211,Tatibandh
Raipur,Locality_212,Amlidih
Raipur,Locality_213,Daldal Seoni
Raipur,Locality_214,Gudhiyari
Raipur,Locality_215,Tikrapara
Raipur,Locality_216,Pachpedi Naka
Raipur,Locality_217,Mahaveer Nagar
Raipur,Locality_218,Rajendra Nagar
Raipur,Locality_219,Labhandi
Raipur,Locality_220,Vidhan Sabha Road
Raipur,Locality_221,VIP Road
Raipur,Locality_222,Fafadih
Raipur,Locality_223,Santoshi Nagar
Raipur,Locality_224,Amapara
Raipur,Locality_225,G.E. Road
Raipur,Locality_226,Shankar Nagar
Raipur,Locality_227,Telibandha
Raipur,Locality_228,Devendra Nagar
Raipur,Locality_229,Civil Lines
Raipur,Locality_230,Mowa
Raipur,Locality_231,Katora Talab
Raipur,Locality_232,Samta Colony
Raipur,Locality_233,Avanti Vihar
Raipur,Locality_234,Saddu
Raipur,Locality_235,Kachna
Raipur,Locality_236,Tatibandh
Raipur,Locality_237,Amlidih
Raipur,Locality_238,Daldal Seoni
Raipur,Locality_239,Gudhiyari
Raipur,Locality_240,Tikrapara
Raipur,Locality_241,Pachpedi Naka
Raipur,Locality_242,Mahaveer Nagar
Raipur,Locality_243,Rajendra Nagar
Raipur,Locality_244,Labhandi
Raipur,Locality_245,Vidhan Sabha Road
Raipur,Locality_246,VIP Road
Raipur,Locality_247,Fafadih
Raipur,Locality_248,Santoshi Nagar
Raipur,Locality_249,Amapara
Raipur,Locality_250,G.E. Road
Raipur,Locality_251,Shankar Nagar
Raipur,Locality_252,Telibandha
Raipur,Locality_253,Devendra Nagar
Raipur,Locality_254,Civil Lines
Raipur,Locality_255,Mowa
Raipur,Locality_256,Katora Talab
Raipur,Locality_257,Samta Colony
Raipur,Locality_258,Avanti Vihar
Raipur,Locality_259,Saddu
Raipur,Locality_260,Kachna
Raipur,Locality_261,Tatibandh
Raipur,Locality_262,Amlidih
Raipur,Locality_263,Daldal Seoni
Raipur,Locality_264,Gudhiyari
Raipur,Locality_265,Tikrapara
Raipur,Locality_266,Pachpedi Naka
Raipur,Locality_267,Mahaveer Nagar
Raipur,Locality_268,Rajendra Nagar
Raipur,Locality_269,Labhandi
Raipur,Locality_270,Vidhan Sabha Road
Raipur,Locality_271,VIP Road
Raipur,Locality_272,Fafadih
Raipur,Locality_273,Santoshi Nagar
Raipur,Locality_274,Amapara
Raipur,Locality_275,G.E. Road
Raipur,Locality_276,Shankar Nagar
Raipur,Locality_277,Telibandha
Raipur,Locality_278,Devendra Nagar
Raipur,Locality_279,Civil Lines
Raipur,Locality_280,Mowa
Raipur,Locality_281,Katora Talab
Raipur,Locality_282,Samta Colony
Raipur,Locality_283,Avanti Vihar
Raipur,Locality_284,Saddu
Raipur,Locality_285,Kachna
Raipur,Locality_286,Tatibandh
Raipur,Locality_287,Amlidih
Raipur,Locality_288,Daldal Seoni
Raipur,Locality_289,Gudhiyari
Raipur,Locality_290,Tikrapara
Raipur,Locality_291,Pachpedi Naka
Raipur,Locality_292,Mahaveer Nagar
Raipur,Locality_293,Rajendra Nagar
Raipur,Locality_294,Labhandi
Raipur,Locality_295,Vidhan Sabha Road
Raipur,Locality_296,VIP Road
Raipur,Locality_297,Fafadih
Raipur,Locality_298,Santoshi Nagar
Raipur,Locality_299,Amapara
Raipur,Locality_300,G.E. Road
Raipur,Locality_301,Shankar Nagar
Raipur,Locality_302,Telibandha
Raipur,Locality_303,Devendra Nagar
Raipur,Locality_304,Civil Lines
Raipur,Locality_305,Mowa
Raipur,Locality_306,Katora Talab
Raipur,Locality_307,Samta Colony
Raipur,Locality_308,Avanti Vihar
Raipur,Locality_309,Saddu
Raipur,Locality_310,Kachna
Raipur,Locality_311,Tatibandh
Raipur,Locality_312,Amlidih
Raipur,Locality_313,Daldal Seoni
Raipur,Locality_314,Gudhiyari
Raipur,Locality_315,Tikrapara
Raipur,Locality_316,Pachpedi Naka
Raipur,Locality_317,Mahaveer Nagar
Raipur,Locality_318,Rajendra Nagar
Raipur,Locality_319,Labhandi
Raipur,Locality_320,Vidhan Sabha Road
Raipur,Locality_321,VIP Road
Raipur,Locality_322,Fafadih
Raipur,Locality_323,Santoshi Nagar
Raipur,Locality_324,Amapara
Raipur,Locality_325,G.E. Road
Raipur,Locality_326,Shankar Nagar
Raipur,Locality_327,Telibandha
Raipur,Locality_328,Devendra Nagar
Raipur,Locality_329,Civil Lines
Raipur,Locality_330,Mowa
Raipur,Locality_331,Katora Talab
Raipur,Locality_332,Samta Colony
Raipur,Locality_333,Avanti Vihar
Raipur,Locality_334,Saddu
Raipur,Locality_335,Kachna
Raipur,Locality_336,Tatibandh
Raipur,Locality_337,Amlidih
Raipur,Locality_338,Daldal Seoni
Raipur,Locality_339,Gudhiyari
Raipur,Locality_340,Tikrapara
Raipur,Locality_341,Pachpedi Naka
Raipur,Locality_342,Mahaveer Nagar
Raipur,Locality_343,Rajendra Nagar
Raipur,Locality_344,Labhandi
Raipur,Locality_345,Vidhan Sabha Road
Raipur,Locality_346,VIP Road
Raipur,Locality_347,Fafadih
Raipur,Locality_348,Santoshi Nagar
Raipur,Locality_349,Amapara
Raipur,Locality_350,G.E. Road
Raipur,Locality_351,Shankar Nagar
Raipur,Locality_352,Telibandha
Raipur,Locality_353,Devendra Nagar
Raipur,Locality_354,Civil Lines
Raipur,Locality_355,Mowa
Raipur,Locality_356,Katora Talab
Raipur,Locality_357,Samta Colony
Raipur,Locality_358,Avanti Vihar
Raipur,Locality_359,Saddu
Raipur,Locality_360,Kachna
Raipur,Locality_361,Tatibandh
Raipur,Locality_362,Amlidih
Raipur,Locality_363,Daldal Seoni
Raipur,Locality_364,Gudhiyari
Raipur,Locality_365,Tikrapara
Raipur,Locality_366,Pachpedi Naka
Raipur,Locality_367,Mahaveer Nagar
Raipur,Locality_368,Rajendra Nagar
Raipur,Locality_369,Labhandi
Raipur,Locality_370,Vidhan Sabha Road
Raipur,Locality_371,VIP Road
Raipur,Locality_372,Fafadih
Raipur,Locality_373,Santoshi Nagar
Raipur,Locality_374,Amapara
Raipur,Locality_375,G.E. Road
Raipur,Locality_376,Shankar Nagar
Raipur,Locality_377,Telibandha
Raipur,Locality_378,Devendra Nagar
Raipur,Locality_379,Civil Lines
Raipur,Locality_380,Mowa
Raipur,Locality_381,Katora Talab
Raipur,Locality_382,Samta Colony
Raipur,Locality_383,Avanti Vihar
Raipur,Locality_384,Saddu
Raipur,Locality_385,Kachna
Raipur,Locality_386,Tatibandh
Raipur,Locality_387,Amlidih
Raipur,Locality_388,Daldal Seoni
Raipur,Locality_389,Gudhiyari
Raipur,Locality_390,Tikrapara
Raipur,Locality_391,Pachpedi Naka
Raipur,Locality_392,Mahaveer Nagar
Raipur,Locality_393,Rajendra Nagar
Raipur,Locality_394,Labhandi
Raipur,Locality_395,Vidhan Sabha Road
Raipur,Locality_396,VIP Road
Raipur,Locality_397,Fafadih
Raipur,Locality_398,Santoshi Nagar
Raipur,Locality_399,Amapara
Raipur,Locality_400,G.E. Road
Raipur,Locality_401,Shankar Nagar
Raipur,Locality_402,Telibandha
Raipur,Locality_403,Devendra Nagar
Raipur,Locality_404,Civil Lines
Raipur,Locality_405,Mowa
Raipur,Locality_406,Katora Talab
Raipur,Locality_407,Samta Colony
Raipur,Locality_408,Avanti Vihar
Raipur,Locality_409,Saddu
Raipur,Locality_410,Kachna
Raipur,Locality_411,Tatibandh
Raipur,Locality_412,Amlidih
Raipur,Locality_413,Daldal Seoni
Raipur,Locality_414,Gudhiyari
Raipur,Locality_415,Tikrapara
Raipur,Locality_416,Pachpedi Naka
Raipur,Locality_417,Mahaveer Nagar
Raipur,Locality_418,Rajendra Nagar
Raipur,Locality_419,Labhandi
Raipur,Locality_420,Vidhan Sabha Road
Raipur,Locality_421,VIP Road
Raipur,Locality_422,Fafadih
Raipur,Locality_423,Santoshi Nagar
Raipur,Locality_424,Amapara
Raipur,Locality_425,G.E. Road
Raipur,Locality_426,Shankar Nagar
Raipur,Locality_427,Telibandha
Raipur,Locality_428,Devendra Nagar
Raipur,Locality_429,Civil Lines
Raipur,Locality_430,Mowa
Raipur,Locality_431,Katora Talab
Raipur,Locality_432,Samta Colony
Raipur,Locality_433,Avanti Vihar
Raipur,Locality_434,Saddu
Raipur,Locality_435,Kachna
Raipur,Locality_436,Tatibandh
Raipur,Locality_437,Amlidih
Raipur,Locality_438,Daldal Seoni
Raipur,Locality_439,Gudhiyari
Raipur,Locality_440,Tikrapara
Raipur,Locality_441,Pachpedi Naka
Raipur,Locality_442,Mahaveer Nagar
Raipur,Locality_443,Rajendra Nagar
Raipur,Locality_444,Labhandi
Raipur,Locality_445,Vidhan Sabha Road
Raipur,Locality_446,VIP Road
Raipur,Locality_447,Fafadih
Raipur,Locality_448,Santoshi Nagar
Raipur,Locality_449,Amapara
Raipur,Locality_450,G.E. Road
Raipur,Locality_451,Shankar Nagar
Raipur,Locality_452,Telibandha
Raipur,Locality_453,Devendra Nagar
Raipur,Locality_454,Civil Lines
Raipur,Locality_455,Mowa
Raipur,Locality_456,Katora Talab
Raipur,Locality_457,Samta Colony
Raipur,Locality_458,Avanti Vihar
Raipur,Locality_459,Saddu
Raipur,Locality_460,Kachna
Raipur,Locality_461,Tatibandh
Raipur,Locality_462,Amlidih
Raipur,Locality_463,Daldal Seoni
Raipur,Locality_464,Gudhiyari
Raipur,Locality_465,Tikrapara
Raipur,Locality_466,Pachpedi Naka
Raipur,Locality_467,Mahaveer Nagar
Raipur,Locality_468,Rajendra Nagar
Raipur,Locality_469,Labhandi
Raipur,Locality_470,Vidhan Sabha Road
Raipur,Locality_471,VIP Road
Raipur,Locality_472,Fafadih
Raipur,Locality_473,Santoshi Nagar
Raipur,Locality_474,Amapara
Raipur,Locality_475,G.E. Road
Raipur,Locality_476,Shankar Nagar
Raipur,Locality_477,Telibandha
Raipur,Locality_478,Devendra Nagar
Raipur,Locality_479,Civil Lines
Raipur,Locality_480,Mowa
Raipur,Locality_481,Katora Talab
Raipur,Locality_482,Samta Colony
Raipur,Locality_483,Avanti Vihar
Raipur,Locality_484,Saddu
Raipur,Locality_485,Kachna
Raipur,Locality_486,Tatibandh
Raipur,Locality_487,Amlidih
Raipur,Locality_488,Daldal Seoni
Raipur,Locality_489,Gudhiyari
Raipur,Locality_490,Tikrapara
Raipur,Locality_491,Pachpedi Naka
Raipur,Locality_492,Mahaveer Nagar
Raipur,Locality_493,Rajendra Nagar
Raipur,Locality_494,Labhandi
Raipur,Locality_495,Vidhan Sabha Road
Raipur,Locality_496,VIP Road
Raipur,Locality_497,Fafadih
Raipur,Locality_498,Santoshi Nagar
Raipur,Locality_499,Amapara
Raipur,Locality_500,G.E. Road
Ranchi,Locality_1,Harmu
Ranchi,Locality_2,Lalpur
Ranchi,Locality_3,Morabadi
Ranchi,Locality_4,Doranda
Ranchi,Locality_5,Kanke Road
Ranchi,Locality_6,Ashok Nagar
Ranchi,Locality_7,Argora
Ranchi,Locality_8,Bariatu
Ranchi,Locality_9,Booty More
Ranchi,Locality_10,Kokar
Ranchi,Locality_11,Hatia
Ranchi,Locality_12,Dhurwa
Ranchi,Locality_13,Ratu Road
Ranchi,Locality_14,Upper Bazar
Ranchi,Locality_15,Main Road
Ranchi,Locality_16,Namkum
Ranchi,Locality_17,Tupudana
Ranchi,Locality_18,Hinoo
Ranchi,Locality_19,Kadru
Ranchi,Locality_20,Pundag
Ranchi,Locality_21,Jagannathpur
Ranchi,Locality_22,Tatisilwai
Ranchi,Locality_23,Singh More
Ranchi,Locality_24,Deepatoli
Ranchi,Locality_25,Harmu Housing Colony
Ranchi,Locality_26,Harmu
Ranchi,Locality_27,Lalpur
Ranchi,Locality_28,Morabadi
Ranchi,Locality_29,Doranda
Ranchi,Locality_30,Kanke Road
Ranchi,Locality_31,Ashok Nagar
Ranchi,Locality_32,Argora
Ranchi,Locality_33,Bariatu
Ranchi,Locality_34,Booty More
Ranchi,Locality_35,Kokar
Ranchi,Locality_36,Hatia
Ranchi,Locality_37,Dhurwa
Ranchi,Locality_38,Ratu Road
Ranchi,Locality_39,Upper Bazar
Ranchi,Locality_40,Main Road
Ranchi,Locality_41,Namkum
Ranchi,Locality_42,Tupudana
Ranchi,Locality_43,Hinoo
Ranchi,Locality_44,Kadru
Ranchi,Locality_45,Pundag
Ranchi,Locality_46,Jagannathpur
Ranchi,Locality_47,Tatisilwai
Ranchi,Locality_48,Singh More
Ranchi,Locality_49,Deepatoli
Ranchi,Locality_50,Harmu Housing Colony
Ranchi,Locality_51,Harmu
Ranchi,Locality_52,Lalpur
Ranchi,Locality_53,Morabadi
Ranchi,Locality_54,Doranda
Ranchi,Locality_55,Kanke Road
Ranchi,Locality_56,Ashok Nagar
Ranchi,Locality_57,Argora
Ranchi,Locality_58,Bariatu
Ranchi,Locality_59,Booty More
Ranchi,Locality_60,Kokar
Ranchi,Locality_61,Hatia
Ranchi,Locality_62,Dhurwa
Ranchi,Locality_63,Ratu Road
Ranchi,Locality_64,Upper Bazar
Ranchi,Locality_65,Main Road
Ranchi,Locality_66,Namkum
Ranchi,Locality_67,Tupudana
Ranchi,Locality_68,Hinoo
Ranchi,Locality_69,Kadru
Ranchi,Locality_70,Pundag
Ranchi,Locality_71,Jagannathpur
Ranchi,Locality_72,Tatisilwai
Ranchi,Locality_73,Singh More
Ranchi,Locality_74,Deepatoli
Ranchi,Locality_75,Harmu Housing Colony
Ranchi,Locality_76,Harmu
Ranchi,Locality_77,Lalpur
Ranchi,Locality_78,Morabadi
Ranchi,Locality_79,Doranda
Ranchi,Locality_80,Kanke Road
Ranchi,Locality_81,Ashok Nagar
Ranchi,Locality_82,Argora
Ranchi,Locality_83,Bariatu
Ranchi,Locality_84,Booty More
Ranchi,Locality_85,Kokar
Ranchi,Locality_86,Hatia
Ranchi,Locality_87,Dhurwa
Ranchi,Locality_88,Ratu Road
Ranchi,Locality_89,Upper Bazar
Ranchi,Locality_90,Main Road
Ranchi,Locality_91,Namkum
Ranchi,Locality_92,Tupudana
Ranchi,Locality_93,Hinoo
Ranchi,Locality_94,Kadru
Ranchi,Locality_95,Pundag
Ranchi,Locality_96,Jagannathpur
Ranchi,Locality_97,Tatisilwai
Ranchi,Locality_98,Singh More
Ranchi,Locality_99,Deepatoli
Ranchi,Locality_100,Harmu Housing Colony
Ranchi,Locality_101,Harmu
Ranchi,Locality_102,Lalpur
Ranchi,Locality_103,Morabadi
Ranchi,Locality_104,Doranda
Ranchi,Locality_105,Kanke Road
Ranchi,Locality_106,Ashok Nagar
Ranchi,Locality_107,Argora
Ranchi,Locality_108,Bariatu
Ranchi,Locality_109,Booty More
Ranchi,Locality_110,Kokar
Ranchi,Locality_111,Hatia
Ranchi,Locality_112,Dhurwa
Ranchi,Locality_113,Ratu Road
Ranchi,Locality_114,Upper Bazar
Ranchi,Locality_115,Main Road
Ranchi,Locality_116,Namkum
Ranchi,Locality_117,Tupudana
Ranchi,Locality_118,Hinoo
Ranchi,Locality_119,Kadru
Ranchi,Locality_120,Pundag
Ranchi,Locality_121,Jagannathpur
Ranchi,Locality_122,Tatisilwai
Ranchi,Locality_123,Singh More
Ranchi,Locality_124,Deepatoli
Ranchi,Locality_125,Harmu Housing Colony
Ranchi,Locality_126,Harmu
Ranchi,Locality_127,Lalpur
Ranchi,Locality_128,Morabadi
Ranchi,Locality_129,Doranda
Ranchi,Locality_130,Kanke Road
Ranchi,Locality_131,Ashok Nagar
Ranchi,Locality_132,Argora
Ranchi,Locality_133,Bariatu
Ranchi,Locality_134,Booty More
Ranchi,Locality_135,Kokar
Ranchi,Locality_136,Hatia
Ranchi,Locality_137,Dhurwa
Ranchi,Locality_138,Ratu Road
Ranchi,Locality_139,Upper Bazar
Ranchi,Locality_140,Main Road
Ranchi,Locality_141,Namkum
Ranchi,Locality_142,Tupudana
Ranchi,Locality_143,Hinoo
Ranchi,Locality_144,Kadru
Ranchi,Locality_145,Pundag
Ranchi,Locality_146,Jagannathpur
Ranchi,Locality_147,Tatisilwai
Ranchi,Locality_148,Singh More
Ranchi,Locality_149,Deepatoli
Ranchi,Locality_150,Harmu Housing Colony
Ranchi,Locality_151,Harmu
Ranchi,Locality_152,Lalpur
Ranchi,Locality_153,Morabadi
Ranchi,Locality_154,Doranda
Ranchi,Locality_155,Kanke Road
Ranchi,Locality_156,Ashok Nagar
Ranchi,Locality_157,Argora
Ranchi,Locality_158,Bariatu
Ranchi,Locality_159,Booty More
Ranchi,Locality_160,Kokar
Ranchi,Locality_161,Hatia
Ranchi,Locality_162,Dhurwa
Ranchi,Locality_163,Ratu Road
Ranchi,Locality_164,Upper Bazar
Ranchi,Locality_165,Main Road
Ranchi,Locality_166,Namkum
Ranchi,Locality_167,Tupudana
Ranchi,Locality_168,Hinoo
Ranchi,Locality_169,Kadru
Ranchi,Locality_170,Pundag
Ranchi,Locality_171,Jagannathpur
Ranchi,Locality_172,Tatisilwai
Ranchi,Locality_173,Singh More
Ranchi,Locality_174,Deepatoli
Ranchi,Locality_175,Harmu Housing Colony
Ranchi,Locality_176,Harmu
Ranchi,Locality_177,Lalpur
Ranchi,Locality_178,Morabadi
Ranchi,Locality_179,Doranda
Ranchi,Locality_180,Kanke Road
Ranchi,Locality_181,Ashok Nagar
Ranchi,Locality_182,Argora
Ranchi,Locality_183,Bariatu
Ranchi,Locality_184,Booty More
Ranchi,Locality_185,Kokar
Ranchi,Locality_186,Hatia
Ranchi,Locality_187,Dhurwa
Ranchi,Locality_188,Ratu Road
Ranchi,Locality_189,Upper Bazar
Ranchi,Locality_190,Main Road
Ranchi,Locality_191,Namkum
Ranchi,Locality_192,Tupudana
Ranchi,Locality_193,Hinoo
Ranchi,Locality_194,Kadru
Ranchi,Locality_195,Pundag
Ranchi,Locality_196,Jagannathpur
Ranchi,Locality_197,Tatisilwai
Ranchi,Locality_198,Singh More
Ranchi,Locality_199,Deepatoli
Ranchi,Locality_200,Harmu Housing Colony
Ranchi,Locality_201,Harmu
Ranchi,Locality_202,Lalpur
Ranchi,Locality_203,Morabadi
Ranchi,Locality_204,Doranda
Ranchi,Locality_205,Kanke Road
Ranchi,Locality_206,Ashok Nagar
Ranchi,Locality_207,Argora
Ranchi,Locality_208,Bariatu
Ranchi,Locality_209,Booty More
Ranchi,Locality_210,Kokar
Ranchi,Locality_211,Hatia
Ranchi,Locality_212,Dhurwa
Ranchi,Locality_213,Ratu Road
Ranchi,Locality_214,Upper Bazar
Ranchi,Locality_215,Main Road
Ranchi,Locality_216,Namkum
Ranchi,Locality_217,Tupudana
Ranchi,Locality_218,Hinoo
Ranchi,Locality_219,Kadru
Ranchi,Locality_220,Pundag
Ranchi,Locality_221,Jagannathpur
Ranchi,Locality_222,Tatisilwai
Ranchi,Locality_223,Singh More
Ranchi,Locality_224,Deepatoli
Ranchi,Locality_225,Harmu Housing Colony
Ranchi,Locality_226,Harmu
Ranchi,Locality_227,Lalpur
Ranchi,Locality_228,Morabadi
Ranchi,Locality_229,Doranda
Ranchi,Locality_230,Kanke Road
Ranchi,Locality_231,Ashok Nagar
Ranchi,Locality_232,Argora
Ranchi,Locality_233,Bariatu
Ranchi,Locality_234,Booty More
Ranchi,Locality_235,Kokar
Ranchi,Locality_236,Hatia
Ranchi,Locality_237,Dhurwa
Ranchi,Locality_238,Ratu Road
Ranchi,Locality_239,Upper Bazar
Ranchi,Locality_240,Main Road
Ranchi,Locality_241,Namkum
Ranchi,Locality_242,Tupudana
Ranchi,Locality_243,Hinoo
Ranchi,Locality_244,Kadru
Ranchi,Locality_245,Pundag
Ranchi,Locality_246,Jagannathpur
Ranchi,Locality_247,Tatisilwai
Ranchi,Locality_248,Singh More
Ranchi,Locality_249,Deepatoli
Ranchi,Locality_250,Harmu Housing Colony
Ranchi,Locality_251,Harmu
Ranchi,Locality_252,Lalpur
Ranchi,Locality_253,Morabadi
Ranchi,Locality_254,Doranda
Ranchi,Locality_255,Kanke Road
Ranchi,Locality_256,Ashok Nagar
Ranchi,Locality_257,Argora
Ranchi,Locality_258,Bariatu
Ranchi,Locality_259,Booty More
Ranchi,Locality_260,Kokar
Ranchi,Locality_261,Hatia
Ranchi,Locality_262,Dhurwa
Ranchi,Locality_263,Ratu Road
Ranchi,Locality_264,Upper Bazar
Ranchi,Locality_265,Main Road
Ranchi,Locality_266,Namkum
Ranchi,Locality_267,Tupudana
Ranchi,Locality_268,Hinoo
Ranchi,Locality_269,Kadru
Ranchi,Locality_270,Pundag
Ranchi,Locality_271,Jagannathpur
Ranchi,Locality_272,Tatisilwai
Ranchi,Locality_273,Singh More
Ranchi,Locality_274,Deepatoli
Ranchi,Locality_275,Harmu Housing Colony
Ranchi,Locality_276,Harmu
Ranchi,Locality_277,Lalpur
Ranchi,Locality_278,Morabadi
Ranchi,Locality_279,Doranda
Ranchi,Locality_280,Kanke Road
Ranchi,Locality_281,Ashok Nagar
Ranchi,Locality_282,Argora
Ranchi,Locality_283,Bariatu
Ranchi,Locality_284,Booty More
Ranchi,Locality_285,Kokar
Ranchi,Locality_286,Hatia
Ranchi,Locality_287,Dhurwa
Ranchi,Locality_288,Ratu Road
Ranchi,Locality_289,Upper Bazar
Ranchi,Locality_290,Main Road
Ranchi,Locality_291,Namkum
Ranchi,Locality_292,Tupudana
Ranchi,Locality_293,Hinoo
Ranchi,Locality_294,Kadru
Ranchi,Locality_295,Pundag
Ranchi,Locality_296,Jagannathpur
Ranchi,Locality_297,Tatisilwai
Ranchi,Locality_298,Singh More
Ranchi,Locality_299,Deepatoli
Ranchi,Locality_300,Harmu Housing Colony
Ranchi,Locality_301,Harmu
Ranchi,Locality_302,Lalpur
Ranchi,Locality_303,Morabadi
Ranchi,Locality_304,Doranda
Ranchi,Locality_305,Kanke Road
Ranchi,Locality_306,Ashok Nagar
Ranchi,Locality_307,Argora
Ranchi,Locality_308,Bariatu
Ranchi,Locality_309,Booty More
Ranchi,Locality_310,Kokar
Ranchi,Locality_311,Hatia
Ranchi,Locality_312,Dhurwa
Ranchi,Locality_313,Ratu Road
Ranchi,Locality_314,Upper Bazar
Ranchi,Locality_315,Main Road
Ranchi,Locality_316,Namkum
Ranchi,Locality_317,Tupudana
Ranchi,Locality_318,Hinoo
Ranchi,Locality_319,Kadru
Ranchi,Locality_320,Pundag
Ranchi,Locality_321,Jagannathpur
Ranchi,Locality_322,Tatisilwai
Ranchi,Locality_323,Singh More
Ranchi,Locality_324,Deepatoli
Ranchi,Locality_325,Harmu Housing Colony
Ranchi,Locality_326,Harmu
Ranchi,Locality_327,Lalpur
Ranchi,Locality_328,Morabadi
Ranchi,Locality_329,Doranda
Ranchi,Locality_330,Kanke Road
Ranchi,Locality_331,Ashok Nagar
Ranchi,Locality_332,Argora
Ranchi,Locality_333,Bariatu
Ranchi,Locality_334,Booty More
Ranchi,Locality_335,Kokar
Ranchi,Locality_336,Hatia
Ranchi,Locality_337,Dhurwa
Ranchi,Locality_338,Ratu Road
Ranchi,Locality_339,Upper Bazar
Ranchi,Locality_340,Main Road
Ranchi,Locality_341,Namkum
Ranchi,Locality_342,Tupudana
Ranchi,Locality_343,Hinoo
Ranchi,Locality_344,Kadru
Ranchi,Locality_345,Pundag
Ranchi,Locality_346,Jagannathpur
Ranchi,Locality_347,Tatisilwai
Ranchi,Locality_348,Singh More
Ranchi,Locality_349,Deepatoli
Ranchi,Locality_350,Harmu Housing Colony
Ranchi,Locality_351,Harmu
Ranchi,Locality_352,Lalpur
Ranchi,Locality_353,Morabadi
Ranchi,Locality_354,Doranda
Ranchi,Locality_355,Kanke Road
Ranchi,Locality_356,Ashok Nagar
Ranchi,Locality_357,Argora
Ranchi,Locality_358,Bariatu
Ranchi,Locality_359,Booty More
Ranchi,Locality_360,Kokar
Ranchi,Locality_361,Hatia
Ranchi,Locality_362,Dhurwa
Ranchi,Locality_363,Ratu Road
Ranchi,Locality_364,Upper Bazar
Ranchi,Locality_365,Main Road
Ranchi,Locality_366,Namkum
Ranchi,Locality_367,Tupudana
Ranchi,Locality_368,Hinoo
Ranchi,Locality_369,Kadru
Ranchi,Locality_370,Pundag
Ranchi,Locality_371,Jagannathpur
Ranchi,Locality_372,Tatisilwai
Ranchi,Locality_373,Singh More
Ranchi,Locality_374,Deepatoli
Ranchi,Locality_375,Harmu Housing Colony
Ranchi,Locality_376,Harmu
Ranchi,Locality_377,Lalpur
Ranchi,Locality_378,Morabadi
Ranchi,Locality_379,Doranda
Ranchi,Locality_380,Kanke Road
Ranchi,Locality_381,Ashok Nagar
Ranchi,Locality_382,Argora
Ranchi,Locality_383,Bariatu
Ranchi,Locality_384,Booty More
Ranchi,Locality_385,Kokar
Ranchi,Locality_386,Hatia
Ranchi,Locality_387,Dhurwa
Ranchi,Locality_388,Ratu Road
Ranchi,Locality_389,Upper Bazar
Ranchi,Locality_390,Main Road
Ranchi,Locality_391,Namkum
Ranchi,Locality_392,Tupudana
Ranchi,Locality_393,Hinoo
Ranchi,Locality_394,Kadru
Ranchi,Locality_395,Pundag
Ranchi,Locality_396,Jagannathpur
Ranchi,Locality_397,Tatisilwai
Ranchi,Locality_398,Singh More
Ranchi,Locality_399,Deepatoli
Ranchi,Locality_400,Harmu Housing Colony
Ranchi,Locality_401,Harmu
Ranchi,Locality_402,Lalpur
Ranchi,Locality_403,Morabadi
Ranchi,Locality_404,Doranda
Ranchi,Locality_405,Kanke Road
Ranchi,Locality_406,Ashok Nagar
Ranchi,Locality_407,Argora
Ranchi,Locality_408,Bariatu
Ranchi,Locality_409,Booty More
Ranchi,Locality_410,Kokar
Ranchi,Locality_411,Hatia
Ranchi,Locality_412,Dhurwa
Ranchi,Locality_413,Ratu Road
Ranchi,Locality_414,Upper Bazar
Ranchi,Locality_415,Main Road
Ranchi,Locality_416,Namkum
Ranchi,Locality_417,Tupudana
Ranchi,Locality_418,Hinoo
Ranchi,Locality_419,Kadru
Ranchi,Locality_420,Pundag
Ranchi,Locality_421,Jagannathpur
Ranchi,Locality_422,Tatisilwai
Ranchi,Locality_423,Singh More
Ranchi,Locality_424,Deepatoli
Ranchi,Locality_425,Harmu Housing Colony
Ranchi,Locality_426,Harmu
Ranchi,Locality_427,Lalpur
Ranchi,Locality_428,Morabadi
Ranchi,Locality_429,Doranda
Ranchi,Locality_430,Kanke Road
Ranchi,Locality_431,Ashok Nagar
Ranchi,Locality_432,Argora
Ranchi,Locality_433,Bariatu
Ranchi,Locality_434,Booty More
Ranchi,Locality_435,Kokar
Ranchi,Locality_436,Hatia
Ranchi,Locality_437,Dhurwa
Ranchi,Locality_438,Ratu Road
Ranchi,Locality_439,Upper Bazar
Ranchi,Locality_440,Main Road
Ranchi,Locality_441,Namkum
Ranchi,Locality_442,Tupudana
Ranchi,Locality_443,Hinoo
Ranchi,Locality_444,Kadru
Ranchi,Locality_445,Pundag
Ranchi,Locality_446,Jagannathpur
Ranchi,Locality_447,Tatisilwai
Ranchi,Locality_448,Singh More
Ranchi,Locality_449,Deepatoli
Ranchi,Locality_450,Harmu Housing Colony
Ranchi,Locality_451,Harmu
Ranchi,Locality_452,Lalpur
Ranchi,Locality_453,Morabadi
Ranchi,Locality_454,Doranda
Ranchi,Locality_455,Kanke Road
Ranchi,Locality_456,Ashok Nagar
Ranchi,Locality_457,Argora
Ranchi,Locality_458,Bariatu
Ranchi,Locality_459,Booty More
Ranchi,Locality_460,Kokar
Ranchi,Locality_461,Hatia
Ranchi,Locality_462,Dhurwa
Ranchi,Locality_463,Ratu Road
Ranchi,Locality_464,Upper Bazar
Ranchi,Locality_465,Main Road
Ranchi,Locality_466,Namkum
Ranchi,Locality_467,Tupudana
Ranchi,Locality_468,Hinoo
Ranchi,Locality_469,Kadru
Ranchi,Locality_470,Pundag
Ranchi,Locality_471,Jagannathpur
Ranchi,Locality_472,Tatisilwai
Ranchi,Locality_473,Singh More
Ranchi,Locality_474,Deepatoli
Ranchi,Locality_475,Harmu Housing Colony
Ranchi,Locality_476,Harmu
Ranchi,Locality_477,Lalpur
Ranchi,Locality_478,Morabadi
Ranchi,Locality_479,Doranda
Ranchi,Locality_480,Kanke Road
Ranchi,Locality_481,Ashok Nagar
Ranchi,Locality_482,Argora
Ranchi,Locality_483,Bariatu
Ranchi,Locality_484,Booty More
Ranchi,Locality_485,Kokar
Ranchi,Locality_486,Hatia
Ranchi,Locality_487,Dhurwa
Ranchi,Locality_488,Ratu Road
Ranchi,Locality_489,Upper Bazar
Ranchi,Locality_490,Main Road
Ranchi,Locality_491,Namkum
Ranchi,Locality_492,Tupudana
Ranchi,Locality_493,Hinoo
Ranchi,Locality_494,Kadru
Ranchi,Locality_495,Pundag
Ranchi,Locality_496,Jagannathpur
Ranchi,Locality_497,Tatisilwai
Ranchi,Locality_498,Singh More
Ranchi,Locality_499,Deepatoli
Ranchi,Locality_500,Harmu Housing Colony
Silchar,Locality_1,Tarapur
Silchar,Locality_2,Malugram
Silchar,Locality_3,Ambicapatty
Silchar,Locality_4,National Highway
Silchar,Locality_5,Rangirkhari
Silchar,Locality_6,Meherpur
Silchar,Locality_7,Kanakpur
Silchar,Locality_8,Itkhola
Silchar,Locality_9,Sonai Road
Silchar,Locality_10,Premtola
Silchar,Locality_11,Central Road
Silchar,Locality_12,Narsingtola
Silchar,Locality_13,Link Road
Silchar,Locality_14,Trunk Road
Silchar,Locality_15,Berenga
Silchar,Locality_16,Ghungoor
Silchar,Locality_17,Ambassa
Silchar,Locality_18,Ramnagar
Silchar,Locality_19,Chengcoorie
Silchar,Locality_20,Das Colony
Silchar,Locality_21,Park Road
Silchar,Locality_22,Hospital Road
Silchar,Locality_23,College Road
Silchar,Locality_24,Kanakpur Road
Silchar,Locality_25,Silchar Medical College
Silchar,Locality_26,Tarapur
Silchar,Locality_27,Malugram
Silchar,Locality_28,Ambicapatty
Silchar,Locality_29,National Highway
Silchar,Locality_30,Rangirkhari
Silchar,Locality_31,Meherpur
Silchar,Locality_32,Kanakpur
Silchar,Locality_33,Itkhola
Silchar,Locality_34,Sonai Road
Silchar,Locality_35,Premtola
Silchar,Locality_36,Central Road
Silchar,Locality_37,Narsingtola
Silchar,Locality_38,Link Road
Silchar,Locality_39,Trunk Road
Silchar,Locality_40,Berenga
Silchar,Locality_41,Ghungoor
Silchar,Locality_42,Ambassa
Silchar,Locality_43,Ramnagar
Silchar,Locality_44,Chengcoorie
Silchar,Locality_45,Das Colony
Silchar,Locality_46,Park Road
Silchar,Locality_47,Hospital Road
Silchar,Locality_48,College Road
Silchar,Locality_49,Kanakpur Road
Silchar,Locality_50,Silchar Medical College
Silchar,Locality_51,Tarapur
Silchar,Locality_52,Malugram
Silchar,Locality_53,Ambicapatty
Silchar,Locality_54,National Highway
Silchar,Locality_55,Rangirkhari
Silchar,Locality_56,Meherpur
Silchar,Locality_57,Kanakpur
Silchar,Locality_58,Itkhola
Silchar,Locality_59,Sonai Road
Silchar,Locality_60,Premtola
Silchar,Locality_61,Central Road
Silchar,Locality_62,Narsingtola
Silchar,Locality_63,Link Road
Silchar,Locality_64,Trunk Road
Silchar,Locality_65,Berenga
Silchar,Locality_66,Ghungoor
Silchar,Locality_67,Ambassa
Silchar,Locality_68,Ramnagar
Silchar,Locality_69,Chengcoorie
Silchar,Locality_70,Das Colony
Silchar,Locality_71,Park Road
Silchar,Locality_72,Hospital Road
Silchar,Locality_73,College Road
Silchar,Locality_74,Kanakpur Road
Silchar,Locality_75,Silchar Medical College
Silchar,Locality_76,Tarapur
Silchar,Locality_77,Malugram
Silchar,Locality_78,Ambicapatty
Silchar,Locality_79,National Highway
Silchar,Locality_80,Rangirkhari
Silchar,Locality_81,Meherpur
Silchar,Locality_82,Kanakpur
Silchar,Locality_83,Itkhola
Silchar,Locality_84,Sonai Road
Silchar,Locality_85,Premtola
Silchar,Locality_86,Central Road
Silchar,Locality_87,Narsingtola
Silchar,Locality_88,Link Road
Silchar,Locality_89,Trunk Road
Silchar,Locality_90,Berenga
Silchar,Locality_91,Ghungoor
Silchar,Locality_92,Ambassa
Silchar,Locality_93,Ramnagar
Silchar,Locality_94,Chengcoorie
Silchar,Locality_95,Das Colony
Silchar,Locality_96,Park Road
Silchar,Locality_97,Hospital Road
Silchar,Locality_98,College Road
Silchar,Locality_99,Kanakpur Road
Silchar,Locality_100,Silchar Medical College
Silchar,Locality_101,Tarapur
Silchar,Locality_102,Malugram
Silchar,Locality_103,Ambicapatty
Silchar,Locality_104,National Highway
Silchar,Locality_105,Rangirkhari
Silchar,Locality_106,Meherpur
Silchar,Locality_107,Kanakpur
Silchar,Locality_108,Itkhola
Silchar,Locality_109,Sonai Road
Silchar,Locality_110,Premtola
Silchar,Locality_111,Central Road
Silchar,Locality_112,Narsingtola
Silchar,Locality_113,Link Road
Silchar,Locality_114,Trunk Road
Silchar,Locality_115,Berenga
Silchar,Locality_116,Ghungoor
Silchar,Locality_117,Ambassa
Silchar,Locality_118,Ramnagar
Silchar,Locality_119,Chengcoorie
Silchar,Locality_120,Das Colony
Silchar,Locality_121,Park Road
Silchar,Locality_122,Hospital Road
Silchar,Locality_123,College Road
Silchar,Locality_124,Kanakpur Road
Silchar,Locality_125,Silchar Medical College
Silchar,Locality_126,Tarapur
Silchar,Locality_127,Malugram
Silchar,Locality_128,Ambicapatty
Silchar,Locality_129,National Highway
Silchar,Locality_130,Rangirkhari
Silchar,Locality_131,Meherpur
Silchar,Locality_132,Kanakpur
Silchar,Locality_133,Itkhola
Silchar,Locality_134,Sonai Road
Silchar,Locality_135,Premtola
Silchar,Locality_136,Central Road
Silchar,Locality_137,Narsingtola
Silchar,Locality_138,Link Road
Silchar,Locality_139,Trunk Road
Silchar,Locality_140,Berenga
Silchar,Locality_141,Ghungoor
Silchar,Locality_142,Ambassa
Silchar,Locality_143,Ramnagar
Silchar,Locality_144,Chengcoorie
Silchar,Locality_145,Das Colony
Silchar,Locality_146,Park Road
Silchar,Locality_147,Hospital Road
Silchar,Locality_148,College Road
Silchar,Locality_149,Kanakpur Road
Silchar,Locality_150,Silchar Medical College
Silchar,Locality_151,Tarapur
Silchar,Locality_152,Malugram
Silchar,Locality_153,Ambicapatty
Silchar,Locality_154,National Highway
Silchar,Locality_155,Rangirkhari
Silchar,Locality_156,Meherpur
Silchar,Locality_157,Kanakpur
Silchar,Locality_158,Itkhola
Silchar,Locality_159,Sonai Road
Silchar,Locality_160,Premtola
Silchar,Locality_161,Central Road
Silchar,Locality_162,Narsingtola
Silchar,Locality_163,Link Road
Silchar,Locality_164,Trunk Road
Silchar,Locality_165,Berenga
Silchar,Locality_166,Ghungoor
Silchar,Locality_167,Ambassa
Silchar,Locality_168,Ramnagar
Silchar,Locality_169,Chengcoorie
Silchar,Locality_170,Das Colony
Silchar,Locality_171,Park Road
Silchar,Locality_172,Hospital Road
Silchar,Locality_173,College Road
Silchar,Locality_174,Kanakpur Road
Silchar,Locality_175,Silchar Medical College
Silchar,Locality_176,Tarapur
Silchar,Locality_177,Malugram
Silchar,Locality_178,Ambicapatty
Silchar,Locality_179,National Highway
Silchar,Locality_180,Rangirkhari
Silchar,Locality_181,Meherpur
Silchar,Locality_182,Kanakpur
Silchar,Locality_183,Itkhola
Silchar,Locality_184,Sonai Road
Silchar,Locality_185,Premtola
Silchar,Locality_186,Central Road
Silchar,Locality_187,Narsingtola
Silchar,Locality_188,Link Road
Silchar,Locality_189,Trunk Road
Silchar,Locality_190,Berenga
Silchar,Locality_191,Ghungoor
Silchar,Locality_192,Ambassa
Silchar,Locality_193,Ramnagar
Silchar,Locality_194,Chengcoorie
Silchar,Locality_195,Das Colony
Silchar,Locality_196,Park Road
Silchar,Locality_197,Hospital Road
Silchar,Locality_198,College Road
Silchar,Locality_199,Kanakpur Road
Silchar,Locality_200,Silchar Medical College
Silchar,Locality_201,Tarapur
Silchar,Locality_202,Malugram
Silchar,Locality_203,Ambicapatty
Silchar,Locality_204,National Highway
Silchar,Locality_205,Rangirkhari
Silchar,Locality_206,Meherpur
Silchar,Locality_207,Kanakpur
Silchar,Locality_208,Itkhola
Silchar,Locality_209,Sonai Road
Silchar,Locality_210,Premtola
Silchar,Locality_211,Central Road
Silchar,Locality_212,Narsingtola
Silchar,Locality_213,Link Road
Silchar,Locality_214,Trunk Road
Silchar,Locality_215,Berenga
Silchar,Locality_216,Ghungoor
Silchar,Locality_217,Ambassa
Silchar,Locality_218,Ramnagar
Silchar,Locality_219,Chengcoorie
Silchar,Locality_220,Das Colony
Silchar,Locality_221,Park Road
Silchar,Locality_222,Hospital Road
Silchar,Locality_223,College Road
Silchar,Locality_224,Kanakpur Road
Silchar,Locality_225,Silchar Medical College
Silchar,Locality_226,Tarapur
Silchar,Locality_227,Malugram
Silchar,Locality_228,Ambicapatty
Silchar,Locality_229,National Highway
Silchar,Locality_230,Rangirkhari
Silchar,Locality_231,Meherpur
Silchar,Locality_232,Kanakpur
Silchar,Locality_233,Itkhola
Silchar,Locality_234,Sonai Road
Silchar,Locality_235,Premtola
Silchar,Locality_236,Central Road
Silchar,Locality_237,Narsingtola
Silchar,Locality_238,Link Road
Silchar,Locality_239,Trunk Road
Silchar,Locality_240,Berenga
Silchar,Locality_241,Ghungoor
Silchar,Locality_242,Ambassa
Silchar,Locality_243,Ramnagar
Silchar,Locality_244,Chengcoorie
Silchar,Locality_245,Das Colony
Silchar,Locality_246,Park Road
Silchar,Locality_247,Hospital Road
Silchar,Locality_248,College Road
Silchar,Locality_249,Kanakpur Road
Silchar,Locality_250,Silchar Medical College
Silchar,Locality_251,Tarapur
Silchar,Locality_252,Malugram
Silchar,Locality_253,Ambicapatty
Silchar,Locality_254,National Highway
Silchar,Locality_255,Rangirkhari
Silchar,Locality_256,Meherpur
Silchar,Locality_257,Kanakpur
Silchar,Locality_258,Itkhola
Silchar,Locality_259,Sonai Road
Silchar,Locality_260,Premtola
Silchar,Locality_261,Central Road
Silchar,Locality_262,Narsingtola
Silchar,Locality_263,Link Road
Silchar,Locality_264,Trunk Road
Silchar,Locality_265,Berenga
Silchar,Locality_266,Ghungoor
Silchar,Locality_267,Ambassa
Silchar,Locality_268,Ramnagar
Silchar,Locality_269,Chengcoorie
Silchar,Locality_270,Das Colony
Silchar,Locality_271,Park Road
Silchar,Locality_272,Hospital Road
Silchar,Locality_273,College Road
Silchar,Locality_274,Kanakpur Road
Silchar,Locality_275,Silchar Medical College
Silchar,Locality_276,Tarapur
Silchar,Locality_277,Malugram
Silchar,Locality_278,Ambicapatty
Silchar,Locality_279,National Highway
Silchar,Locality_280,Rangirkhari
Silchar,Locality_281,Meherpur
Silchar,Locality_282,Kanakpur
Silchar,Locality_283,Itkhola
Silchar,Locality_284,Sonai Road
Silchar,Locality_285,Premtola
Silchar,Locality_286,Central Road
Silchar,Locality_287,Narsingtola
Silchar,Locality_288,Link Road
Silchar,Locality_289,Trunk Road
Silchar,Locality_290,Berenga
Silchar,Locality_291,Ghungoor
Silchar,Locality_292,Ambassa
Silchar,Locality_293,Ramnagar
Silchar,Locality_294,Chengcoorie
Silchar,Locality_295,Das Colony
Silchar,Locality_296,Park Road
Silchar,Locality_297,Hospital Road
Silchar,Locality_298,College Road
Silchar,Locality_299,Kanakpur Road
Silchar,Locality_300,Silchar Medical College
Silchar,Locality_301,Tarapur
Silchar,Locality_302,Malugram
Silchar,Locality_303,Ambicapatty
Silchar,Locality_304,National Highway
Silchar,Locality_305,Rangirkhari
Silchar,Locality_306,Meherpur
Silchar,Locality_307,Kanakpur
Silchar,Locality_308,Itkhola
Silchar,Locality_309,Sonai Road
Silchar,Locality_310,Premtola
Silchar,Locality_311,Central Road
Silchar,Locality_312,Narsingtola
Silchar,Locality_313,Link Road
Silchar,Locality_314,Trunk Road
Silchar,Locality_315,Berenga
Silchar,Locality_316,Ghungoor
Silchar,Locality_317,Ambassa
Silchar,Locality_318,Ramnagar
Silchar,Locality_319,Chengcoorie
Silchar,Locality_320,Das Colony
Silchar,Locality_321,Park Road
Silchar,Locality_322,Hospital Road
Silchar,Locality_323,College Road
Silchar,Locality_324,Kanakpur Road
Silchar,Locality_325,Silchar Medical College
Silchar,Locality_326,Tarapur
Silchar,Locality_327,Malugram
Silchar,Locality_328,Ambicapatty
Silchar,Locality_329,National Highway
Silchar,Locality_330,Rangirkhari
Silchar,Locality_331,Meherpur
Silchar,Locality_332,Kanakpur
Silchar,Locality_333,Itkhola
Silchar,Locality_334,Sonai Road
Silchar,Locality_335,Premtola
Silchar,Locality_336,Central Road
Silchar,Locality_337,Narsingtola
Silchar,Locality_338,Link Road
Silchar,Locality_339,Trunk Road
Silchar,Locality_340,Berenga
Silchar,Locality_341,Ghungoor
Silchar,Locality_342,Ambassa
Silchar,Locality_343,Ramnagar
Silchar,Locality_344,Chengcoorie
Silchar,Locality_345,Das Colony
Silchar,Locality_346,Park Road
Silchar,Locality_347,Hospital Road
Silchar,Locality_348,College Road
Silchar,Locality_349,Kanakpur Road
Silchar,Locality_350,Silchar Medical College
Silchar,Locality_351,Tarapur
Silchar,Locality_352,Malugram
Silchar,Locality_353,Ambicapatty
Silchar,Locality_354,National Highway
Silchar,Locality_355,Rangirkhari
Silchar,Locality_356,Meherpur
Silchar,Locality_357,Kanakpur
Silchar,Locality_358,Itkhola
Silchar,Locality_359,Sonai Road
Silchar,Locality_360,Premtola
Silchar,Locality_361,Central Road
Silchar,Locality_362,Narsingtola
Silchar,Locality_363,Link Road
Silchar,Locality_364,Trunk Road
Silchar,Locality_365,Berenga
Silchar,Locality_366,Ghungoor
Silchar,Locality_367,Ambassa
Silchar,Locality_368,Ramnagar
Silchar,Locality_369,Chengcoorie
Silchar,Locality_370,Das Colony
Silchar,Locality_371,Park Road
Silchar,Locality_372,Hospital Road
Silchar,Locality_373,College Road
Silchar,Locality_374,Kanakpur Road
Silchar,Locality_375,Silchar Medical College
Silchar,Locality_376,Tarapur
Silchar,Locality_377,Malugram
Silchar,Locality_378,Ambicapatty
Silchar,Locality_379,National Highway
Silchar,Locality_380,Rangirkhari
Silchar,Locality_381,Meherpur
Silchar,Locality_382,Kanakpur
Silchar,Locality_383,Itkhola
Silchar,Locality_384,Sonai Road
Silchar,Locality_385,Premtola
Silchar,Locality_386,Central Road
Silchar,Locality_387,Narsingtola
Silchar,Locality_388,Link Road
Silchar,Locality_389,Trunk Road
Silchar,Locality_390,Berenga
Silchar,Locality_391,Ghungoor
Silchar,Locality_392,Ambassa
Silchar,Locality_393,Ramnagar
Silchar,Locality_394,Chengcoorie
Silchar,Locality_395,Das Colony
Silchar,Locality_396,Park Road
Silchar,Locality_397,Hospital Road
Silchar,Locality_398,College Road
Silchar,Locality_399,Kanakpur Road
Silchar,Locality_400,Silchar Medical College
Silchar,Locality_401,Tarapur
Silchar,Locality_402,Malugram
Silchar,Locality_403,Ambicapatty
Silchar,Locality_404,National Highway
Silchar,Locality_405,Rangirkhari
Silchar,Locality_406,Meherpur
Silchar,Locality_407,Kanakpur
Silchar,Locality_408,Itkhola
Silchar,Locality_409,Sonai Road
Silchar,Locality_410,Premtola
Silchar,Locality_411,Central Road
Silchar,Locality_412,Narsingtola
Silchar,Locality_413,Link Road
Silchar,Locality_414,Trunk Road
Silchar,Locality_415,Berenga
Silchar,Locality_416,Ghungoor
Silchar,Locality_417,Ambassa
Silchar,Locality_418,Ramnagar
Silchar,Locality_419,Chengcoorie
Silchar,Locality_420,Das Colony
Silchar,Locality_421,Park Road
Silchar,Locality_422,Hospital Road
Silchar,Locality_423,College Road
Silchar,Locality_424,Kanakpur Road
Silchar,Locality_425,Silchar Medical College
Silchar,Locality_426,Tarapur
Silchar,Locality_427,Malugram
Silchar,Locality_428,Ambicapatty
Silchar,Locality_429,National Highway
Silchar,Locality_430,Rangirkhari
Silchar,Locality_431,Meherpur
Silchar,Locality_432,Kanakpur
Silchar,Locality_433,Itkhola
Silchar,Locality_434,Sonai Road
Silchar,Locality_435,Premtola
Silchar,Locality_436,Central Road
Silchar,Locality_437,Narsingtola
Silchar,Locality_438,Link Road
Silchar,Locality_439,Trunk Road
Silchar,Locality_440,Berenga
Silchar,Locality_441,Ghungoor
Silchar,Locality_442,Ambassa
Silchar,Locality_443,Ramnagar
Silchar,Locality_444,Chengcoorie
Silchar,Locality_445,Das Colony
Silchar,Locality_446,Park Road
Silchar,Locality_447,Hospital Road
Silchar,Locality_448,College Road
Silchar,Locality_449,Kanakpur Road
Silchar,Locality_450,Silchar Medical College
Silchar,Locality_451,Tarapur
Silchar,Locality_452,Malugram
Silchar,Locality_453,Ambicapatty
Silchar,Locality_454,National Highway
Silchar,Locality_455,Rangirkhari
Silchar,Locality_456,Meherpur
Silchar,Locality_457,Kanakpur
Silchar,Locality_458,Itkhola
Silchar,Locality_459,Sonai Road
Silchar,Locality_460,Premtola
Silchar,Locality_461,Central Road
Silchar,Locality_462,Narsingtola
Silchar,Locality_463,Link Road
Silchar,Locality_464,Trunk Road
Silchar,Locality_465,Berenga
Silchar,Locality_466,Ghungoor
Silchar,Locality_467,Ambassa
Silchar,Locality_468,Ramnagar
Silchar,Locality_469,Chengcoorie
Silchar,Locality_470,Das Colony
Silchar,Locality_471,Park Road
Silchar,Locality_472,Hospital Road
Silchar,Locality_473,College Road
Silchar,Locality_474,Kanakpur Road
Silchar,Locality_475,Silchar Medical College
Silchar,Locality_476,Tarapur
Silchar,Locality_477,Malugram
Silchar,Locality_478,Ambicapatty
Silchar,Locality_479,National Highway
Silchar,Locality_480,Rangirkhari
Silchar,Locality_481,Meherpur
Silchar,Locality_482,Kanakpur
Silchar,Locality_483,Itkhola
Silchar,Locality_484,Sonai Road
Silchar,Locality_485,Premtola
Silchar,Locality_486,Central Road
Silchar,Locality_487,Narsingtola
Silchar,Locality_488,Link Road
Silchar,Locality_489,Trunk Road
Silchar,Locality_490,Berenga
Silchar,Locality_491,Ghungoor
Silchar,Locality_492,Ambassa
Silchar,Locality_493,Ramnagar
Silchar,Locality_494,Chengcoorie
Silchar,Locality_495,Das Colony
Silchar,Locality_496,Park Road
Silchar,Locality_497,Hospital Road
Silchar,Locality_498,College Road
Silchar,Locality_499,Kanakpur Road
Silchar,Locality_500,Silchar Medical College
Surat,Locality_1,Adajan
Surat,Locality_2,Vesu
Surat,Locality_3,Piplod
Surat,Locality_4,Pal
Surat,Locality_5,City Light
Surat,Locality_6,Athwa
Surat,Locality_7,Althan
Surat,Locality_8,Varachha
Surat,Locality_9,Katargam
Surat,Locality_10,Udhna
Surat,Locality_11,Nanpura
Surat,Locality_12,Majura Gate
Surat,Locality_13,Dumas Road
Surat,Locality_14,Bhatar
Surat,Locality_15,Palanpur
Surat,Locality_16,Rander
Surat,Locality_17,Parvat Patiya
Surat,Locality_18,Amroli
Surat,Locality_19,Sarthana
Surat,Locality_20,Limbayat
Surat,Locality_21,Sachin
Surat,Locality_22,Pandesara
Surat,Locality_23,Kadodara Road
Surat,Locality_24,Mota Varachha
Surat,Locality_25,Dindoli
Surat,Locality_26,Adajan
Surat,Locality_27,Vesu
Surat,Locality_28,Piplod
Surat,Locality_29,Pal
Surat,Locality_30,City Light
Surat,Locality_31,Athwa
Surat,Locality_32,Althan
Surat,Locality_33,Varachha
Surat,Locality_34,Katargam
Surat,Locality_35,Udhna
Surat,Locality_36,Nanpura
Surat,Locality_37,Majura Gate
Surat,Locality_38,Dumas Road
Surat,Locality_39,Bhatar
Surat,Locality_40,Palanpur
Surat,Locality_41,Rander
Surat,Locality_42,Parvat Patiya
Surat,Locality_43,Amroli
Surat,Locality_44,Sarthana
Surat,Locality_45,Limbayat
Surat,Locality_46,Sachin
Surat,Locality_47,Pandesara
Surat,Locality_48,Kadodara Road
Surat,Locality_49,Mota Varachha
Surat,Locality_50,Dindoli
Surat,Locality_51,Adajan
Surat,Locality_52,Vesu
Surat,Locality_53,Piplod
Surat,Locality_54,Pal
Surat,Locality_55,City Light
Surat,Locality_56,Athwa
Surat,Locality_57,Althan
Surat,Locality_58,Varachha
Surat,Locality_59,Katargam
Surat,Locality_60,Udhna
Surat,Locality_61,Nanpura
Surat,Locality_62,Majura Gate
Surat,Locality_63,Dumas Road
Surat,Locality_64,Bhatar
Surat,Locality_65,Palanpur
Surat,Locality_66,Rander
Surat,Locality_67,Parvat Patiya
Surat,Locality_68,Amroli
Surat,Locality_69,Sarthana
Surat,Locality_70,Limbayat
Surat,Locality_71,Sachin
Surat,Locality_72,Pandesara
Surat,Locality_73,Kadodara Road
Surat,Locality_74,Mota Varachha
Surat,Locality_75,Dindoli
Surat,Locality_76,Adajan
Surat,Locality_77,Vesu
Surat,Locality_78,Piplod
Surat,Locality_79,Pal
Surat,Locality_80,City Light
Surat,Locality_81,Athwa
Surat,Locality_82,Althan
Surat,Locality_83,Varachha
Surat,Locality_84,Katargam
Surat,Locality_85,Udhna
Surat,Locality_86,Nanpura
Surat,Locality_87,Majura Gate
Surat,Locality_88,Dumas Road
Surat,Locality_89,Bhatar
Surat,Locality_90,Palanpur
Surat,Locality_91,Rander
Surat,Locality_92,Parvat Patiya
Surat,Locality_93,Amroli
Surat,Locality_94,Sarthana
Surat,Locality_95,Limbayat
Surat,Locality_96,Sachin
Surat,Locality_97,Pandesara
Surat,Locality_98,Kadodara Road
Surat,Locality_99,Mota Varachha
Surat,Locality_100,Dindoli
Surat,Locality_101,Adajan
Surat,Locality_102,Vesu
Surat,Locality_103,Piplod
Surat,Locality_104,Pal
Surat,Locality_105,City Light
Surat,Locality_106,Athwa
Surat,Locality_107,Althan
Surat,Locality_108,Varachha
Surat,Locality_109,Katargam
Surat,Locality_110,Udhna
Surat,Locality_111,Nanpura
Surat,Locality_112,Majura Gate
Surat,Locality_113,Dumas Road
Surat,Locality_114,Bhatar
Surat,Locality_115,Palanpur
Surat,Locality_116,Rander
Surat,Locality_117,Parvat Patiya
Surat,Locality_118,Amroli
Surat,Locality_119,Sarthana
Surat,Locality_120,Limbayat
Surat,Locality_121,Sachin
Surat,Locality_122,Pandesara
Surat,Locality_123,Kadodara Road
Surat,Locality_124,Mota Varachha
Surat,Locality_125,Dindoli
Surat,Locality_126,Adajan
Surat,Locality_127,Vesu
Surat,Locality_128,Piplod
Surat,Locality_129,Pal
Surat,Locality_130,City Light
Surat,Locality_131,Athwa
Surat,Locality_132,Althan
Surat,Locality_133,Varachha
Surat,Locality_134,Katargam
Surat,Locality_135,Udhna
Surat,Locality_136,Nanpura
Surat,Locality_137,Majura Gate
Surat,Locality_138,Dumas Road
Surat,Locality_139,Bhatar
Surat,Locality_140,Palanpur
Surat,Locality_141,Rander
Surat,Locality_142,Parvat Patiya
Surat,Locality_143,Amroli
Surat,Locality_144,Sarthana
Surat,Locality_145,Limbayat
Surat,Locality_146,Sachin
Surat,Locality_147,Pandesara
Surat,Locality_148,Kadodara Road
Surat,Locality_149,Mota Varachha
Surat,Locality_150,Dindoli
Surat,Locality_151,Adajan
Surat,Locality_152,Vesu
Surat,Locality_153,Piplod
Surat,Locality_154,Pal
Surat,Locality_155,City Light
Surat,Locality_156,Athwa
Surat,Locality_157,Althan
Surat,Locality_158,Varachha
Surat,Locality_159,Katargam
Surat,Locality_160,Udhna
Surat,Locality_161,Nanpura
Surat,Locality_162,Majura Gate
Surat,Locality_163,Dumas Road
Surat,Locality_164,Bhatar
Surat,Locality_165,Palanpur
Surat,Locality_166,Rander
Surat,Locality_167,Parvat Patiya
Surat,Locality_168,Amroli
Surat,Locality_169,Sarthana
Surat,Locality_170,Limbayat
Surat,Locality_171,Sachin
Surat,Locality_172,Pandesara
Surat,Locality_173,Kadodara Road
Surat,Locality_174,Mota Varachha
Surat,Locality_175,Dindoli
Surat,Locality_176,Adajan
Surat,Locality_177,Vesu
Surat,Locality_178,Piplod
Surat,Locality_179,Pal
Surat,Locality_180,City Light
Surat,Locality_181,Athwa
Surat,Locality_182,Althan
Surat,Locality_183,Varachha
Surat,Locality_184,Katargam
Surat,Locality_185,Udhna
Surat,Locality_186,Nanpura
Surat,Locality_187,Majura Gate
Surat,Locality_188,Dumas Road
Surat,Locality_189,Bhatar
Surat,Locality_190,Palanpur
Surat,Locality_191,Rander
Surat,Locality_192,Parvat Patiya
Surat,Locality_193,Amroli
Surat,Locality_194,Sarthana
Surat,Locality_195,Limbayat
Surat,Locality_196,Sachin
Surat,Locality_197,Pandesara
Surat,Locality_198,Kadodara Road
Surat,Locality_199,Mota Varachha
Surat,Locality_200,Dindoli
Surat,Locality_201,Adajan
Surat,Locality_202,Vesu
Surat,Locality_203,Piplod
Surat,Locality_204,Pal
Surat,Locality_205,City Light
Surat,Locality_206,Athwa
Surat,Locality_207,Althan
Surat,Locality_208,Varachha
Surat,Locality_209,Katargam
Surat,Locality_210,Udhna
Surat,Locality_211,Nanpura
Surat,Locality_212,Majura Gate
Surat,Locality_213,Dumas Road
Surat,Locality_214,Bhatar
Surat,Locality_215,Palanpur
Surat,Locality_216,Rander
Surat,Locality_217,Parvat Patiya
Surat,Locality_218,Amroli
Surat,Locality_219,Sarthana
Surat,Locality_220,Limbayat
Surat,Locality_221,Sachin
Surat,Locality_222,Pandesara
Surat,Locality_223,Kadodara Road
Surat,Locality_224,Mota Varachha
Surat,Locality_225,Dindoli
Surat,Locality_226,Adajan
Surat,Locality_227,Vesu
Surat,Locality_228,Piplod
Surat,Locality_229,Pal
Surat,Locality_230,City Light
Surat,Locality_231,Athwa
Surat,Locality_232,Althan
Surat,Locality_233,Varachha
Surat,Locality_234,Katargam
Surat,Locality_235,Udhna
Surat,Locality_236,Nanpura
Surat,Locality_237,Majura Gate
Surat,Locality_238,Dumas Road
Surat,Locality_239,Bhatar
Surat,Locality_240,Palanpur
Surat,Locality_241,Rander
Surat,Locality_242,Parvat Patiya
Surat,Locality_243,Amroli
Surat,Locality_244,Sarthana
Surat,Locality_245,Limbayat
Surat,Locality_246,Sachin
Surat,Locality_247,Pandesara
Surat,Locality_248,Kadodara Road
Surat,Locality_249,Mota Varachha
Surat,Locality_250,Dindoli
Surat,Locality_251,Adajan
Surat,Locality_252,Vesu
Surat,Locality_253,Piplod
Surat,Locality_254,Pal
Surat,Locality_255,City Light
Surat,Locality_256,Athwa
Surat,Locality_257,Althan
Surat,Locality_258,Varachha
Surat,Locality_259,Katargam
Surat,Locality_260,Udhna
Surat,Locality_261,Nanpura
Surat,Locality_262,Majura Gate
Surat,Locality_263,Dumas Road
Surat,Locality_264,Bhatar
Surat,Locality_265,Palanpur
Surat,Locality_266,Rander
Surat,Locality_267,Parvat Patiya
Surat,Locality_268,Amroli
Surat,Locality_269,Sarthana
Surat,Locality_270,Limbayat
Surat,Locality_271,Sachin
Surat,Locality_272,Pandesara
Surat,Locality_273,Kadodara Road
Surat,Locality_274,Mota Varachha
Surat,Locality_275,Dindoli
Surat,Locality_276,Adajan
Surat,Locality_277,Vesu
Surat,Locality_278,Piplod
Surat,Locality_279,Pal
Surat,Locality_280,City Light
Surat,Locality_281,Athwa
Surat,Locality_282,Althan
Surat,Locality_283,Varachha
Surat,Locality_284,Katargam
Surat,Locality_285,Udhna
Surat,Locality_286,Nanpura
Surat,Locality_287,Majura Gate
Surat,Locality_288,Dumas Road
Surat,Locality_289,Bhatar
Surat,Locality_290,Palanpur
Surat,Locality_291,Rander
Surat,Locality_292,Parvat Patiya
Surat,Locality_293,Amroli
Surat,Locality_294,Sarthana
Surat,Locality_295,Limbayat
Surat,Locality_296,Sachin
Surat,Locality_297,Pandesara
Surat,Locality_298,Kadodara Road
Surat,Locality_299,Mota Varachha
Surat,Locality_300,Dindoli
Surat,Locality_301,Adajan
Surat,Locality_302,Vesu
Surat,Locality_303,Piplod
Surat,Locality_304,Pal
Surat,Locality_305,City Light
Surat,Locality_306,Athwa
Surat,Locality_307,Althan
Surat,Locality_308,Varachha
Surat,Locality_309,Katargam
Surat,Locality_310,Udhna
Surat,Locality_311,Nanpura
Surat,Locality_312,Majura Gate
Surat,Locality_313,Dumas Road
Surat,Locality_314,Bhatar
Surat,Locality_315,Palanpur
Surat,Locality_316,Rander
Surat,Locality_317,Parvat Patiya
Surat,Locality_318,Amroli
Surat,Locality_319,Sarthana
Surat,Locality_320,Limbayat
Surat,Locality_321,Sachin
Surat,Locality_322,Pandesara
Surat,Locality_323,Kadodara Road
Surat,Locality_324,Mota Varachha
Surat,Locality_325,Dindoli
Surat,Locality_326,Adajan
Surat,Locality_327,Vesu
Surat,Locality_328,Piplod
Surat,Locality_329,Pal
Surat,Locality_330,City Light
Surat,Locality_331,Athwa
Surat,Locality_332,Althan
Surat,Locality_333,Varachha
Surat,Locality_334,Katargam
Surat,Locality_335,Udhna
Surat,Locality_336,Nanpura
Surat,Locality_337,Majura Gate
Surat,Locality_338,Dumas Road
Surat,Locality_339,Bhatar
Surat,Locality_340,Palanpur
Surat,Locality_341,Rander
Surat,Locality_342,Parvat Patiya
Surat,Locality_343,Amroli
Surat,Locality_344,Sarthana
Surat,Locality_345,Limbayat
Surat,Locality_346,Sachin
Surat,Locality_347,Pandesara
Surat,Locality_348,Kadodara Road
Surat,Locality_349,Mota Varachha
Surat,Locality_350,Dindoli
Surat,Locality_351,Adajan
Surat,Locality_352,Vesu
Surat,Locality_353,Piplod
Surat,Locality_354,Pal
Surat,Locality_355,City Light
Surat,Locality_356,Athwa
Surat,Locality_357,Althan
Surat,Locality_358,Varachha
Surat,Locality_359,Katargam
Surat,Locality_360,Udhna
Surat,Locality_361,Nanpura
Surat,Locality_362,Majura Gate
Surat,Locality_363,Dumas Road
Surat,Locality_364,Bhatar
Surat,Locality_365,Palanpur
Surat,Locality_366,Rander
Surat,Locality_367,Parvat Patiya
Surat,Locality_368,Amroli
Surat,Locality_369,Sarthana
Surat,Locality_370,Limbayat
Surat,Locality_371,Sachin
Surat,Locality_372,Pandesara
Surat,Locality_373,Kadodara Road
Surat,Locality_374,Mota Varachha
Surat,Locality_375,Dindoli
Surat,Locality_376,Adajan
Surat,Locality_377,Vesu
Surat,Locality_378,Piplod
Surat,Locality_379,Pal
Surat,Locality_380,City Light
Surat,Locality_381,Athwa
Surat,Locality_382,Althan
Surat,Locality_383,Varachha
Surat,Locality_384,Katargam
Surat,Locality_385,Udhna
Surat,Locality_386,Nanpura
Surat,Locality_387,Majura Gate
Surat,Locality_388,Dumas Road
Surat,Locality_389,Bhatar
Surat,Locality_390,Palanpur
Surat,Locality_391,Rander
Surat,Locality_392,Parvat Patiya
Surat,Locality_393,Amroli
Surat,Locality_394,Sarthana
Surat,Locality_395,Limbayat
Surat,Locality_396,Sachin
Surat,Locality_397,Pandesara
Surat,Locality_398,Kadodara Road
Surat,Locality_399,Mota Varachha
Surat,Locality_400,Dindoli
Surat,Locality_401,Adajan
Surat,Locality_402,Vesu
Surat,Locality_403,Piplod
Surat,Locality_404,Pal
Surat,Locality_405,City Light
Surat,Locality_406,Athwa
Surat,Locality_407,Althan
Surat,Locality_408,Varachha
Surat,Locality_409,Katargam
Surat,Locality_410,Udhna
Surat,Locality_411,Nanpura
Surat,Locality_412,Majura Gate
Surat,Locality_413,Dumas Road
Surat,Locality_414,Bhatar
Surat,Locality_415,Palanpur
Surat,Locality_416,Rander
Surat,Locality_417,Parvat Patiya
Surat,Locality_418,Amroli
Surat,Locality_419,Sarthana
Surat,Locality_420,Limbayat
Surat,Locality_421,Sachin
Surat,Locality_422,Pandesara
Surat,Locality_423,Kadodara Road
Surat,Locality_424,Mota Varachha
Surat,Locality_425,Dindoli
Surat,Locality_426,Adajan
Surat,Locality_427,Vesu
Surat,Locality_428,Piplod
Surat,Locality_429,Pal
Surat,Locality_430,City Light
Surat,Locality_431,Athwa
Surat,Locality_432,Althan
Surat,Locality_433,Varachha
Surat,Locality_434,Katargam
Surat,Locality_435,Udhna
Surat,Locality_436,Nanpura
Surat,Locality_437,Majura Gate
Surat,Locality_438,Dumas Road
Surat,Locality_439,Bhatar
Surat,Locality_440,Palanpur
Surat,Locality_441,Rander
Surat,Locality_442,Parvat Patiya
Surat,Locality_443,Amroli
Surat,Locality_444,Sarthana
Surat,Locality_445,Limbayat
Surat,Locality_446,Sachin
Surat,Locality_447,Pandesara
Surat,Locality_448,Kadodara Road
Surat,Locality_449,Mota Varachha
Surat,Locality_450,Dindoli
Surat,Locality_451,Adajan
Surat,Locality_452,Vesu
Surat,Locality_453,Piplod
Surat,Locality_454,Pal
Surat,Locality_455,City Light
Surat,Locality_456,Athwa
Surat,Locality_457,Althan
Surat,Locality_458,Varachha
Surat,Locality_459,Katargam
Surat,Locality_460,Udhna
Surat,Locality_461,Nanpura
Surat,Locality_462,Majura Gate
Surat,Locality_463,Dumas Road
Surat,Locality_464,Bhatar
Surat,Locality_465,Palanpur
Surat,Locality_466,Rander
Surat,Locality_467,Parvat Patiya
Surat,Locality_468,Amroli
Surat,Locality_469,Sarthana
Surat,Locality_470,Limbayat
Surat,Locality_471,Sachin
Surat,Locality_472,Pandesara
Surat,Locality_473,Kadodara Road
Surat,Locality_474,Mota Varachha
Surat,Locality_475,Dindoli
Surat,Locality_476,Adajan
Surat,Locality_477,Vesu
Surat,Locality_478,Piplod
Surat,Locality_479,Pal
Surat,Locality_480,City Light
Surat,Locality_481,Athwa
Surat,Locality_482,Althan
Surat,Locality_483,Varachha
Surat,Locality_484,Katargam
Surat,Locality_485,Udhna
Surat,Locality_486,Nanpura
Surat,Locality_487,Majura Gate
Surat,Locality_488,Dumas Road
Surat,Locality_489,Bhatar
Surat,Locality_490,Palanpur
Surat,Locality_491,Rander
Surat,Locality_492,Parvat Patiya
Surat,Locality_493,Amroli
Surat,Locality_494,Sarthana
Surat,Locality_495,Limbayat
Surat,Locality_496,Sachin
Surat,Locality_497,Pandesara
Surat,Locality_498,Kadodara Road
Surat,Locality_499,Mota Varachha
Surat,Locality_500,Dindoli
Trivandrum,Locality_1,Kowdiar
Trivandrum,Locality_2,Pattom
Trivandrum,Locality_3,Kesavadasapuram
Trivandrum,Locality_4,Vazhuthacaud
Trivandrum,Locality_5,Sasthamangalam
Trivandrum,Locality_6,Thycaud
Trivandrum,Locality_7,Palayam
Trivandrum,Locality_8,Statue
Trivandrum,Locality_9,Ulloor
Trivandrum,Locality_10,Medical College
Trivandrum,Locality_11,Kazhakkoottam
Trivandrum,Locality_12,Sreekaryam
Trivandrum,Locality_13,Peroorkada
Trivandrum,Locality_14,Poojappura
Trivandrum,Locality_15,Nemom
Trivandrum,Locality_16,Karamana
Trivandrum,Locality_17,Vattiyoorkavu
Trivandrum,Locality_18,Jagathy
Trivandrum,Locality_19,Pappanamcode
Trivandrum,Locality_20,Manacaud
Trivandrum,Locality_21,Pettah
Trivandrum,Locality_22,Chalai
Trivandrum,Locality_23,Fort
Trivandrum,Locality_24,Kumarapuram
Trivandrum,Locality_25,Mannanthala
Trivandrum,Locality_26,Kowdiar
Trivandrum,Locality_27,Pattom
Trivandrum,Locality_28,Kesavadasapuram
Trivandrum,Locality_29,Vazhuthacaud
Trivandrum,Locality_30,Sasthamangalam
Trivandrum,Locality_31,Thycaud
Trivandrum,Locality_32,Palayam
Trivandrum,Locality_33,Statue
Trivandrum,Locality_34,Ulloor
Trivandrum,Locality_35,Medical College
Trivandrum,Locality_36,Kazhakkoottam
Trivandrum,Locality_37,Sreekaryam
Trivandrum,Locality_38,Peroorkada
Trivandrum,Locality_39,Poojappura
Trivandrum,Locality_40,Nemom
Trivandrum,Locality_41,Karamana
Trivandrum,Locality_42,Vattiyoorkavu
Trivandrum,Locality_43,Jagathy
Trivandrum,Locality_44,Pappanamcode
Trivandrum,Locality_45,Manacaud
Trivandrum,Locality_46,Pettah
Trivandrum,Locality_47,Chalai
Trivandrum,Locality_48,Fort
Trivandrum,Locality_49,Kumarapuram
Trivandrum,Locality_50,Mannanthala
Trivandrum,Locality_51,Kowdiar
Trivandrum,Locality_52,Pattom
Trivandrum,Locality_53,Kesavadasapuram
Trivandrum,Locality_54,Vazhuthacaud
Trivandrum,Locality_55,Sasthamangalam
Trivandrum,Locality_56,Thycaud
Trivandrum,Locality_57,Palayam
Trivandrum,Locality_58,Statue
Trivandrum,Locality_59,Ulloor
Trivandrum,Locality_60,Medical College
Trivandrum,Locality_61,Kazhakkoottam
Trivandrum,Locality_62,Sreekaryam
Trivandrum,Locality_63,Peroorkada
Trivandrum,Locality_64,Poojappura
Trivandrum,Locality_65,Nemom
Trivandrum,Locality_66,Karamana
Trivandrum,Locality_67,Vattiyoorkavu
Trivandrum,Locality_68,Jagathy
Trivandrum,Locality_69,Pappanamcode
Trivandrum,Locality_70,Manacaud
Trivandrum,Locality_71,Pettah
Trivandrum,Locality_72,Chalai
Trivandrum,Locality_73,Fort
Trivandrum,Locality_74,Kumarapuram
Trivandrum,Locality_75,Mannanthala
Trivandrum,Locality_76,Kowdiar
Trivandrum,Locality_77,Pattom
Trivandrum,Locality_78,Kesavadasapuram
Trivandrum,Locality_79,Vazhuthacaud
Trivandrum,Locality_80,Sasthamangalam
Trivandrum,Locality_81,Thycaud
Trivandrum,Locality_82,Palayam
Trivandrum,Locality_83,Statue
Trivandrum,Locality_84,Ulloor
Trivandrum,Locality_85,Medical College
Trivandrum,Locality_86,Kazhakkoottam
Trivandrum,Locality_87,Sreekaryam
Trivandrum,Locality_88,Peroorkada
Trivandrum,Locality_89,Poojappura
Trivandrum,Locality_90,Nemom
Trivandrum,Locality_91,Karamana
Trivandrum,Locality_92,Vattiyoorkavu
Trivandrum,Locality_93,Jagathy
Trivandrum,Locality_94,Pappanamcode
Trivandrum,Locality_95,Manacaud
Trivandrum,Locality_96,Pettah
Trivandrum,Locality_97,Chalai
Trivandrum,Locality_98,Fort
Trivandrum,Locality_99,Kumarapuram
Trivandrum,Locality_100,Mannanthala
Trivandrum,Locality_101,Kowdiar
Trivandrum,Locality_102,Pattom
Trivandrum,Locality_103,Kesavadasapuram
Trivandrum,Locality_104,Vazhuthacaud
Trivandrum,Locality_105,Sasthamangalam
Trivandrum,Locality_106,Thycaud
Trivandrum,Locality_107,Palayam
Trivandrum,Locality_108,Statue
Trivandrum,Locality_109,Ulloor
Trivandrum,Locality_110,Medical College
Trivandrum,Locality_111,Kazhakkoottam
Trivandrum,Locality_112,Sreekaryam
Trivandrum,Locality_113,Peroorkada
Trivandrum,Locality_114,Poojappura
Trivandrum,Locality_115,Nemom
Trivandrum,Locality_116,Karamana
Trivandrum,Locality_117,Vattiyoorkavu
Trivandrum,Locality_118,Jagathy
Trivandrum,Locality_119,Pappanamcode
Trivandrum,Locality_120,Manacaud
Trivandrum,Locality_121,Pettah
Trivandrum,Locality_122,Chalai
Trivandrum,Locality_123,Fort
Trivandrum,Locality_124,Kumarapuram
Trivandrum,Locality_125,Mannanthala
Trivandrum,Locality_126,Kowdiar
Trivandrum,Locality_127,Pattom
Trivandrum,Locality_128,Kesavadasapuram
Trivandrum,Locality_129,Vazhuthacaud
Trivandrum,Locality_130,Sasthamangalam
Trivandrum,Locality_131,Thycaud
Trivandrum,Locality_132,Palayam
Trivandrum,Locality_133,Statue
Trivandrum,Locality_134,Ulloor
Trivandrum,Locality_135,Medical College
Trivandrum,Locality_136,Kazhakkoottam
Trivandrum,Locality_137,Sreekaryam
Trivandrum,Locality_138,Peroorkada
Trivandrum,Locality_139,Poojappura
Trivandrum,Locality_140,Nemom
Trivandrum,Locality_141,Karamana
Trivandrum,Locality_142,Vattiyoorkavu
Trivandrum,Locality_143,Jagathy
Trivandrum,Locality_144,Pappanamcode
Trivandrum,Locality_145,Manacaud
Trivandrum,Locality_146,Pettah
Trivandrum,Locality_147,Chalai
Trivandrum,Locality_148,Fort
Trivandrum,Locality_149,Kumarapuram
Trivandrum,Locality_150,Mannanthala
Trivandrum,Locality_151,Kowdiar
Trivandrum,Locality_152,Pattom
Trivandrum,Locality_153,Kesavadasapuram
Trivandrum,Locality_154,Vazhuthacaud
Trivandrum,Locality_155,Sasthamangalam
Trivandrum,Locality_156,Thycaud
Trivandrum,Locality_157,Palayam
Trivandrum,Locality_158,Statue
Trivandrum,Locality_159,Ulloor
Trivandrum,Locality_160,Medical College
Trivandrum,Locality_161,Kazhakkoottam
Trivandrum,Locality_162,Sreekaryam
Trivandrum,Locality_163,Peroorkada
Trivandrum,Locality_164,Poojappura
Trivandrum,Locality_165,Nemom
Trivandrum,Locality_166,Karamana
Trivandrum,Locality_167,Vattiyoorkavu
Trivandrum,Locality_168,Jagathy
Trivandrum,Locality_169,Pappanamcode
Trivandrum,Locality_170,Manacaud
Trivandrum,Locality_171,Pettah
Trivandrum,Locality_172,Chalai
Trivandrum,Locality_173,Fort
Trivandrum,Locality_174,Kumarapuram
Trivandrum,Locality_175,Mannanthala
Trivandrum,Locality_176,Kowdiar
Trivandrum,Locality_177,Pattom
Trivandrum,Locality_178,Kesavadasapuram
Trivandrum,Locality_179,Vazhuthacaud
Trivandrum,Locality_180,Sasthamangalam
Trivandrum,Locality_181,Thycaud
Trivandrum,Locality_182,Palayam
Trivandrum,Locality_183,Statue
Trivandrum,Locality_184,Ulloor
Trivandrum,Locality_185,Medical College
Trivandrum,Locality_186,Kazhakkoottam
Trivandrum,Locality_187,Sreekaryam
Trivandrum,Locality_188,Peroorkada
Trivandrum,Locality_189,Poojappura
Trivandrum,Locality_190,Nemom
Trivandrum,Locality_191,Karamana
Trivandrum,Locality_192,Vattiyoorkavu
Trivandrum,Locality_193,Jagathy
Trivandrum,Locality_194,Pappanamcode
Trivandrum,Locality_195,Manacaud
Trivandrum,Locality_196,Pettah
Trivandrum,Locality_197,Chalai
Trivandrum,Locality_198,Fort
Trivandrum,Locality_199,Kumarapuram
Trivandrum,Locality_200,Mannanthala
Trivandrum,Locality_201,Kowdiar
Trivandrum,Locality_202,Pattom
Trivandrum,Locality_203,Kesavadasapuram
Trivandrum,Locality_204,Vazhuthacaud
Trivandrum,Locality_205,Sasthamangalam
Trivandrum,Locality_206,Thycaud
Trivandrum,Locality_207,Palayam
Trivandrum,Locality_208,Statue
Trivandrum,Locality_209,Ulloor
Trivandrum,Locality_210,Medical College
Trivandrum,Locality_211,Kazhakkoottam
Trivandrum,Locality_212,Sreekaryam
Trivandrum,Locality_213,Peroorkada
Trivandrum,Locality_214,Poojappura
Trivandrum,Locality_215,Nemom
Trivandrum,Locality_216,Karamana
Trivandrum,Locality_217,Vattiyoorkavu
Trivandrum,Locality_218,Jagathy
Trivandrum,Locality_219,Pappanamcode
Trivandrum,Locality_220,Manacaud
Trivandrum,Locality_221,Pettah
Trivandrum,Locality_222,Chalai
Trivandrum,Locality_223,Fort
Trivandrum,Locality_224,Kumarapuram
Trivandrum,Locality_225,Mannanthala
Trivandrum,Locality_226,Kowdiar
Trivandrum,Locality_227,Pattom
Trivandrum,Locality_228,Kesavadasapuram
Trivandrum,Locality_229,Vazhuthacaud
Trivandrum,Locality_230,Sasthamangalam
Trivandrum,Locality_231,Thycaud
Trivandrum,Locality_232,Palayam
Trivandrum,Locality_233,Statue
Trivandrum,Locality_234,Ulloor
Trivandrum,Locality_235,Medical College
Trivandrum,Locality_236,Kazhakkoottam
Trivandrum,Locality_237,Sreekaryam
Trivandrum,Locality_238,Peroorkada
Trivandrum,Locality_239,Poojappura
Trivandrum,Locality_240,Nemom
Trivandrum,Locality_241,Karamana
Trivandrum,Locality_242,Vattiyoorkavu
Trivandrum,Locality_243,Jagathy
Trivandrum,Locality_244,Pappanamcode
Trivandrum,Locality_245,Manacaud
Trivandrum,Locality_246,Pettah
Trivandrum,Locality_247,Chalai
Trivandrum,Locality_248,Fort
Trivandrum,Locality_249,Kumarapuram
Trivandrum,Locality_250,Mannanthala
Trivandrum,Locality_251,Kowdiar
Trivandrum,Locality_252,Pattom
Trivandrum,Locality_253,Kesavadasapuram
Trivandrum,Locality_254,Vazhuthacaud
Trivandrum,Locality_255,Sasthamangalam
Trivandrum,Locality_256,Thycaud
Trivandrum,Locality_257,Palayam
Trivandrum,Locality_258,Statue
Trivandrum,Locality_259,Ulloor
Trivandrum,Locality_260,Medical College
Trivandrum,Locality_261,Kazhakkoottam
Trivandrum,Locality_262,Sreekaryam
Trivandrum,Locality_263,Peroorkada
Trivandrum,Locality_264,Poojappura
Trivandrum,Locality_265,Nemom
Trivandrum,Locality_266,Karamana
Trivandrum,Locality_267,Vattiyoorkavu
Trivandrum,Locality_268,Jagathy
Trivandrum,Locality_269,Pappanamcode
Trivandrum,Locality_270,Manacaud
Trivandrum,Locality_271,Pettah
Trivandrum,Locality_272,Chalai
Trivandrum,Locality_273,Fort
Trivandrum,Locality_274,Kumarapuram
Trivandrum,Locality_275,Mannanthala
Trivandrum,Locality_276,Kowdiar
Trivandrum,Locality_277,Pattom
Trivandrum,Locality_278,Kesavadasapuram
Trivandrum,Locality_279,Vazhuthacaud
Trivandrum,Locality_280,Sasthamangalam
Trivandrum,Locality_281,Thycaud
Trivandrum,Locality_282,Palayam
Trivandrum,Locality_283,Statue
Trivandrum,Locality_284,Ulloor
Trivandrum,Locality_285,Medical College
Trivandrum,Locality_286,Kazhakkoottam
Trivandrum,Locality_287,Sreekaryam
Trivandrum,Locality_288,Peroorkada
Trivandrum,Locality_289,Poojappura
Trivandrum,Locality_290,Nemom
Trivandrum,Locality_291,Karamana
Trivandrum,Locality_292,Vattiyoorkavu
Trivandrum,Locality_293,Jagathy
Trivandrum,Locality_294,Pappanamcode
Trivandrum,Locality_295,Manacaud
Trivandrum,Locality_296,Pettah
Trivandrum,Locality_297,Chalai
Trivandrum,Locality_298,Fort
Trivandrum,Locality_299,Kumarapuram
Trivandrum,Locality_300,Mannanthala
Trivandrum,Locality_301,Kowdiar
Trivandrum,Locality_302,Pattom
Trivandrum,Locality_303,Kesavadasapuram
Trivandrum,Locality_304,Vazhuthacaud
Trivandrum,Locality_305,Sasthamangalam
Trivandrum,Locality_306,Thycaud
Trivandrum,Locality_307,Palayam
Trivandrum,Locality_308,Statue
Trivandrum,Locality_309,Ulloor
Trivandrum,Locality_310,Medical College
Trivandrum,Locality_311,Kazhakkoottam
Trivandrum,Locality_312,Sreekaryam
Trivandrum,Locality_313,Peroorkada
Trivandrum,Locality_314,Poojappura
Trivandrum,Locality_315,Nemom
Trivandrum,Locality_316,Karamana
Trivandrum,Locality_317,Vattiyoorkavu
Trivandrum,Locality_318,Jagathy
Trivandrum,Locality_319,Pappanamcode
Trivandrum,Locality_320,Manacaud
Trivandrum,Locality_321,Pettah
Trivandrum,Locality_322,Chalai
Trivandrum,Locality_323,Fort
Trivandrum,Locality_324,Kumarapuram
Trivandrum,Locality_325,Mannanthala
Trivandrum,Locality_326,Kowdiar
Trivandrum,Locality_327,Pattom
Trivandrum,Locality_328,Kesavadasapuram
Trivandrum,Locality_329,Vazhuthacaud
Trivandrum,Locality_330,Sasthamangalam
Trivandrum,Locality_331,Thycaud
Trivandrum,Locality_332,Palayam
Trivandrum,Locality_333,Statue
Trivandrum,Locality_334,Ulloor
Trivandrum,Locality_335,Medical College
Trivandrum,Locality_336,Kazhakkoottam
Trivandrum,Locality_337,Sreekaryam
Trivandrum,Locality_338,Peroorkada
Trivandrum,Locality_339,Poojappura
Trivandrum,Locality_340,Nemom
Trivandrum,Locality_341,Karamana
Trivandrum,Locality_342,Vattiyoorkavu
Trivandrum,Locality_343,Jagathy
Trivandrum,Locality_344,Pappanamcode
Trivandrum,Locality_345,Manacaud
Trivandrum,Locality_346,Pettah
Trivandrum,Locality_347,Chalai
Trivandrum,Locality_348,Fort
Trivandrum,Locality_349,Kumarapuram
Trivandrum,Locality_350,Mannanthala
Trivandrum,Locality_351,Kowdiar
Trivandrum,Locality_352,Pattom
Trivandrum,Locality_353,Kesavadasapuram
Trivandrum,Locality_354,Vazhuthacaud
Trivandrum,Locality_355,Sasthamangalam
Trivandrum,Locality_356,Thycaud
Trivandrum,Locality_357,Palayam
Trivandrum,Locality_358,Statue
Trivandrum,Locality_359,Ulloor
Trivandrum,Locality_360,Medical College
Trivandrum,Locality_361,Kazhakkoottam
Trivandrum,Locality_362,Sreekaryam
Trivandrum,Locality_363,Peroorkada
Trivandrum,Locality_364,Poojappura
Trivandrum,Locality_365,Nemom
Trivandrum,Locality_366,Karamana
Trivandrum,Locality_367,Vattiyoorkavu
Trivandrum,Locality_368,Jagathy
Trivandrum,Locality_369,Pappanamcode
Trivandrum,Locality_370,Manacaud
Trivandrum,Locality_371,Pettah
Trivandrum,Locality_372,Chalai
Trivandrum,Locality_373,Fort
Trivandrum,Locality_374,Kumarapuram
Trivandrum,Locality_375,Mannanthala
Trivandrum,Locality_376,Kowdiar
Trivandrum,Locality_377,Pattom
Trivandrum,Locality_378,Kesavadasapuram
Trivandrum,Locality_379,Vazhuthacaud
Trivandrum,Locality_380,Sasthamangalam
Trivandrum,Locality_381,Thycaud
Trivandrum,Locality_382,Palayam
Trivandrum,Locality_383,Statue
Trivandrum,Locality_384,Ulloor
Trivandrum,Locality_385,Medical College
Trivandrum,Locality_386,Kazhakkoottam
Trivandrum,Locality_387,Sreekaryam
Trivandrum,Locality_388,Peroorkada
Trivandrum,Locality_389,Poojappura
Trivandrum,Locality_390,Nemom
Trivandrum,Locality_391,Karamana
Trivandrum,Locality_392,Vattiyoorkavu
Trivandrum,Locality_393,Jagathy
Trivandrum,Locality_394,Pappanamcode
Trivandrum,Locality_395,Manacaud
Trivandrum,Locality_396,Pettah
Trivandrum,Locality_397,Chalai
Trivandrum,Locality_398,Fort
Trivandrum,Locality_399,Kumarapuram
Trivandrum,Locality_400,Mannanthala
Trivandrum,Locality_401,Kowdiar
Trivandrum,Locality_402,Pattom
Trivandrum,Locality_403,Kesavadasapuram
Trivandrum,Locality_404,Vazhuthacaud
Trivandrum,Locality_405,Sasthamangalam
Trivandrum,Locality_406,Thycaud
Trivandrum,Locality_407,Palayam
Trivandrum,Locality_408,Statue
Trivandrum,Locality_409,Ulloor
Trivandrum,Locality_410,Medical College
Trivandrum,Locality_411,Kazhakkoottam
Trivandrum,Locality_412,Sreekaryam
Trivandrum,Locality_413,Peroorkada
Trivandrum,Locality_414,Poojappura
Trivandrum,Locality_415,Nemom
Trivandrum,Locality_416,Karamana
Trivandrum,Locality_417,Vattiyoorkavu
Trivandrum,Locality_418,Jagathy
Trivandrum,Locality_419,Pappanamcode
Trivandrum,Locality_420,Manacaud
Trivandrum,Locality_421,Pettah
Trivandrum,Locality_422,Chalai
Trivandrum,Locality_423,Fort
Trivandrum,Locality_424,Kumarapuram
Trivandrum,Locality_425,Mannanthala
Trivandrum,Locality_426,Kowdiar
Trivandrum,Locality_427,Pattom
Trivandrum,Locality_428,Kesavadasapuram
Trivandrum,Locality_429,Vazhuthacaud
Trivandrum,Locality_430,Sasthamangalam
Trivandrum,Locality_431,Thycaud
Trivandrum,Locality_432,Palayam
Trivandrum,Locality_433,Statue
Trivandrum,Locality_434,Ulloor
Trivandrum,Locality_435,Medical College
Trivandrum,Locality_436,Kazhakkoottam
Trivandrum,Locality_437,Sreekaryam
Trivandrum,Locality_438,Peroorkada
Trivandrum,Locality_439,Poojappura
Trivandrum,Locality_440,Nemom
Trivandrum,Locality_441,Karamana
Trivandrum,Locality_442,Vattiyoorkavu
Trivandrum,Locality_443,Jagathy
Trivandrum,Locality_444,Pappanamcode
Trivandrum,Locality_445,Manacaud
Trivandrum,Locality_446,Pettah
Trivandrum,Locality_447,Chalai
Trivandrum,Locality_448,Fort
Trivandrum,Locality_449,Kumarapuram
Trivandrum,Locality_450,Mannanthala
Trivandrum,Locality_451,Kowdiar
Trivandrum,Locality_452,Pattom
Trivandrum,Locality_453,Kesavadasapuram
Trivandrum,Locality_454,Vazhuthacaud
Trivandrum,Locality_455,Sasthamangalam
Trivandrum,Locality_456,Thycaud
Trivandrum,Locality_457,Palayam
Trivandrum,Locality_458,Statue
Trivandrum,Locality_459,Ulloor
Trivandrum,Locality_460,Medical College
Trivandrum,Locality_461,Kazhakkoottam
Trivandrum,Locality_462,Sreekaryam
Trivandrum,Locality_463,Peroorkada
Trivandrum,Locality_464,Poojappura
Trivandrum,Locality_465,Nemom
Trivandrum,Locality_466,Karamana
Trivandrum,Locality_467,Vattiyoorkavu
Trivandrum,Locality_468,Jagathy
Trivandrum,Locality_469,Pappanamcode
Trivandrum,Locality_470,Manacaud
Trivandrum,Locality_471,Pettah
Trivandrum,Locality_472,Chalai
Trivandrum,Locality_473,Fort
Trivandrum,Locality_474,Kumarapuram
Trivandrum,Locality_475,Mannanthala
Trivandrum,Locality_476,Kowdiar
Trivandrum,Locality_477,Pattom
Trivandrum,Locality_478,Kesavadasapuram
Trivandrum,Locality_479,Vazhuthacaud
Trivandrum,Locality_480,Sasthamangalam
Trivandrum,Locality_481,Thycaud
Trivandrum,Locality_482,Palayam
Trivandrum,Locality_483,Statue
Trivandrum,Locality_484,Ulloor
Trivandrum,Locality_485,Medical College
Trivandrum,Locality_486,Kazhakkoottam
Trivandrum,Locality_487,Sreekaryam
Trivandrum,Locality_488,Peroorkada
Trivandrum,Locality_489,Poojappura
Trivandrum,Locality_490,Nemom
Trivandrum,Locality_491,Karamana
Trivandrum,Locality_492,Vattiyoorkavu
Trivandrum,Locality_493,Jagathy
Trivandrum,Locality_494,Pappanamcode
Trivandrum,Locality_495,Manacaud
Trivandrum,Locality_496,Pettah
Trivandrum,Locality_497,Chalai
Trivandrum,Locality_498,Fort
Trivandrum,Locality_499,Kumarapuram
Trivandrum,Locality_500,Mannanthala
Vijayawada,Locality_1,Benz Circle
Vijayawada,Locality_2,Moghalrajpuram
Vijayawada,Locality_3,Labbipet
Vijayawada,Locality_4,Governorpet
Vijayawada,Locality_5,Patamata
Vijayawada,Locality_6,Poranki
Vijayawada,Locality_7,Penamaluru
Vijayawada,Locality_8,Gollapudi
Vijayawada,Locality_9,Auto Nagar
Vijayawada,Locality_10,Ramavarappadu
Vijayawada,Locality_11,Gunadala
Vijayawada,Locality_12,Bhavanipuram
Vijayawada,Locality_13,Ajit Singh Nagar
Vijayawada,Locality_14,Payakapuram
Vijayawada,Locality_15,Krishna Lanka
Vijayawada,Locality_16,One Town
Vijayawada,Locality_17,Suryaraopet
Vijayawada,Locality_18,Siddhartha Nagar
Vijayawada,Locality_19,Currency Nagar
Vijayawada,Locality_20,Kanuru
Vijayawada,Locality_21,Enikepadu
Vijayawada,Locality_22,Prasadampadu
Vijayawada,Locality_23,Nidamanuru
Vijayawada,Locality_24,Madhura Nagar
Vijayawada,Locality_25,Benz Circle
Vijayawada,Locality_26,Moghalrajpuram
Vijayawada,Locality_27,Labbipet
Vijayawada,Locality_28,Governorpet
Vijayawada,Locality_29,Patamata
Vijayawada,Locality_30,Poranki
Vijayawada,Locality_31,Penamaluru
Vijayawada,Locality_32,Gollapudi
Vijayawada,Locality_33,Auto Nagar
Vijayawada,Locality_34,Ramavarappadu
Vijayawada,Locality_35,Gunadala
Vijayawada,Locality_36,Bhavanipuram
Vijayawada,Locality_37,Ajit Singh Nagar
Vijayawada,Locality_38,Payakapuram
Vijayawada,Locality_39,Krishna Lanka
Vijayawada,Locality_40,One Town
Vijayawada,Locality_41,Suryaraopet
Vijayawada,Locality_42,Siddhartha Nagar
Vijayawada,Locality_43,Currency Nagar
Vijayawada,Locality_44,Kanuru
Vijayawada,Locality_45,Enikepadu
Vijayawada,Locality_46,Prasadampadu
Vijayawada,Locality_47,Nidamanuru
Vijayawada,Locality_48,Madhura Nagar
Vijayawada,Locality_49,Benz Circle
Vijayawada,Locality_50,Moghalrajpuram
Vijayawada,Locality_51,Labbipet
Vijayawada,Locality_52,Governorpet
Vijayawada,Locality_53,Patamata
Vijayawada,Locality_54,Poranki
Vijayawada,Locality_55,Penamaluru
Vijayawada,Locality_56,Gollapudi
Vijayawada,Locality_57,Auto Nagar
Vijayawada,Locality_58,Ramavarappadu
Vijayawada,Locality_59,Gunadala
Vijayawada,Locality_60,Bhavanipuram
Vijayawada,Locality_61,Ajit Singh Nagar
Vijayawada,Locality_62,Payakapuram
Vijayawada,Locality_63,Krishna Lanka
Vijayawada,Locality_64,One Town
Vijayawada,Locality_65,Suryaraopet
Vijayawada,Locality_66,Siddhartha Nagar
Vijayawada,Locality_67,Currency Nagar
Vijayawada,Locality_68,Kanuru
Vijayawada,Locality_69,Enikepadu
Vijayawada,Locality_70,Prasadampadu
Vijayawada,Locality_71,Nidamanuru
Vijayawada,Locality_72,Madhura Nagar
Vijayawada,Locality_73,Benz Circle
Vijayawada,Locality_74,Moghalrajpuram
Vijayawada,Locality_75,Labbipet
Vijayawada,Locality_76,Governorpet
Vijayawada,Locality_77,Patamata
Vijayawada,Locality_78,Poranki
Vijayawada,Locality_79,Penamaluru
Vijayawada,Locality_80,Gollapudi
Vijayawada,Locality_81,Auto Nagar
Vijayawada,Locality_82,Ramavarappadu
Vijayawada,Locality_83,Gunadala
Vijayawada,Locality_84,Bhavanipuram
Vijayawada,Locality_85,Ajit Singh Nagar
Vijayawada,Locality_86,Payakapuram
Vijayawada,Locality_87,Krishna Lanka
Vijayawada,Locality_88,One Town
Vijayawada,Locality_89,Suryaraopet
Vijayawada,Locality_90,Siddhartha Nagar
Vijayawada,Locality_91,Currency Nagar
Vijayawada,Locality_92,Kanuru
Vijayawada,Locality_93,Enikepadu
Vijayawada,Locality_94,Prasadampadu
Vijayawada,Locality_95,Nidamanuru
Vijayawada,Locality_96,Madhura Nagar
Vijayawada,Locality_97,Benz Circle
Vijayawada,Locality_98,Moghalrajpuram
Vijayawada,Locality_99,Labbipet
Vijayawada,Locality_100,Governorpet
Vijayawada,Locality_101,Patamata
Vijayawada,Locality_102,Poranki
Vijayawada,Locality_103,Penamaluru
Vijayawada,Locality_104,Gollapudi
Vijayawada,Locality_105,Auto Nagar
Vijayawada,Locality_106,Ramavarappadu
Vijayawada,Locality_107,Gunadala
Vijayawada,Locality_108,Bhavanipuram
Vijayawada,Locality_109,Ajit Singh Nagar
Vijayawada,Locality_110,Payakapuram
Vijayawada,Locality_111,Krishna Lanka
Vijayawada,Locality_112,One Town
Vijayawada,Locality_113,Suryaraopet
Vijayawada,Locality_114,Siddhartha Nagar
Vijayawada,Locality_115,Currency Nagar
Vijayawada,Locality_116,Kanuru
Vijayawada,Locality_117,Enikepadu
Vijayawada,Locality_118,Prasadampadu
Vijayawada,Locality_119,Nidamanuru
Vijayawada,Locality_120,Madhura Nagar
Vijayawada,Locality_121,Benz Circle
Vijayawada,Locality_122,Moghalrajpuram
Vijayawada,Locality_123,Labbipet
Vijayawada,Locality_124,Governorpet
Vijayawada,Locality_125,Patamata
Vijayawada,Locality_126,Poranki
Vijayawada,Locality_127,Penamaluru
Vijayawada,Locality_128,Gollapudi
Vijayawada,Locality_129,Auto Nagar
Vijayawada,Locality_130,Ramavarappadu
Vijayawada,Locality_131,Gunadala
Vijayawada,Locality_132,Bhavanipuram
Vijayawada,Locality_133,Ajit Singh Nagar
Vijayawada,Locality_134,Payakapuram
Vijayawada,Locality_135,Krishna Lanka
Vijayawada,Locality_136,One Town
Vijayawada,Locality_137,Suryaraopet
Vijayawada,Locality_138,Siddhartha Nagar
Vijayawada,Locality_139,Currency Nagar
Vijayawada,Locality_140,Kanuru
Vijayawada,Locality_141,Enikepadu
Vijayawada,Locality_142,Prasadampadu
Vijayawada,Locality_143,Nidamanuru
Vijayawada,Locality_144,Madhura Nagar
Vijayawada,Locality_145,Benz Circle
Vijayawada,Locality_146,Moghalrajpuram
Vijayawada,Locality_147,Labbipet
Vijayawada,Locality_148,Governorpet
Vijayawada,Locality_149,Patamata
Vijayawada,Locality_150,Poranki
Vijayawada,Locality_151,Penamaluru
Vijayawada,Locality_152,Gollapudi
Vijayawada,Locality_153,Auto Nagar
Vijayawada,Locality_154,Ramavarappadu
Vijayawada,Locality_155,Gunadala
Vijayawada,Locality_156,Bhavanipuram
Vijayawada,Locality_157,Ajit Singh Nagar
Vijayawada,Locality_158,Payakapuram
Vijayawada,Locality_159,Krishna Lanka
Vijayawada,Locality_160,One Town
Vijayawada,Locality_161,Suryaraopet
Vijayawada,Locality_162,Siddhartha Nagar
Vijayawada,Locality_163,Currency Nagar
Vijayawada,Locality_164,Kanuru
Vijayawada,Locality_165,Enikepadu
Vijayawada,Locality_166,Prasadampadu
Vijayawada,Locality_167,Nidamanuru
Vijayawada,Locality_168,Madhura Nagar
Vijayawada,Locality_169,Benz Circle
Vijayawada,Locality_170,Moghalrajpuram
Vijayawada,Locality_171,Labbipet
Vijayawada,Locality_172,Governorpet
Vijayawada,Locality_173,Patamata
Vijayawada,Locality_174,Poranki
Vijayawada,Locality_175,Penamaluru
Vijayawada,Locality_176,Gollapudi
Vijayawada,Locality_177,Auto Nagar
Vijayawada,Locality_178,Ramavarappadu
Vijayawada,Locality_179,Gunadala
Vijayawada,Locality_180,Bhavanipuram
Vijayawada,Locality_181,Ajit Singh Nagar
Vijayawada,Locality_182,Payakapuram
Vijayawada,Locality_183,Krishna Lanka
Vijayawada,Locality_184,One Town
Vijayawada,Locality_185,Suryaraopet
Vijayawada,Locality_186,Siddhartha Nagar
Vijayawada,Locality_187,Currency Nagar
Vijayawada,Locality_188,Kanuru
Vijayawada,Locality_189,Enikepadu
Vijayawada,Locality_190,Prasadampadu
Vijayawada,Locality_191,Nidamanuru
Vijayawada,Locality_192,Madhura Nagar
Vijayawada,Locality_193,Benz Circle
Vijayawada,Locality_194,Moghalrajpuram
Vijayawada,Locality_195,Labbipet
Vijayawada,Locality_196,Governorpet
Vijayawada,Locality_197,Patamata
Vijayawada,Locality_198,Poranki
Vijayawada,Locality_199,Penamaluru
Vijayawada,Locality_200,Gollapudi
Vijayawada,Locality_201,Auto Nagar
Vijayawada,Locality_202,Ramavarappadu
Vijayawada,Locality_203,Gunadala
Vijayawada,Locality_204,Bhavanipuram
Vijayawada,Locality_205,Ajit Singh Nagar
Vijayawada,Locality_206,Payakapuram
Vijayawada,Locality_207,Krishna Lanka
Vijayawada,Locality_208,One Town
Vijayawada,Locality_209,Suryaraopet
Vijayawada,Locality_210,Siddhartha Nagar
Vijayawada,Locality_211,Currency Nagar
Vijayawada,Locality_212,Kanuru
Vijayawada,Locality_213,Enikepadu
Vijayawada,Locality_214,Prasadampadu
Vijayawada,Locality_215,Nidamanuru
Vijayawada,Locality_216,Madhura Nagar
Vijayawada,Locality_217,Benz Circle
Vijayawada,Locality_218,Moghalrajpuram
Vijayawada,Locality_219,Labbipet
Vijayawada,Locality_220,Governorpet
Vijayawada,Locality_221,Patamata
Vijayawada,Locality_222,Poranki
Vijayawada,Locality_223,Penamaluru
Vijayawada,Locality_224,Gollapudi
Vijayawada,Locality_225,Auto Nagar
Vijayawada,Locality_226,Ramavarappadu
Vijayawada,Locality_227,Gunadala
Vijayawada,Locality_228,Bhavanipuram
Vijayawada,Locality_229,Ajit Singh Nagar
Vijayawada,Locality_230,Payakapuram
Vijayawada,Locality_231,Krishna Lanka
Vijayawada,Locality_232,One Town
Vijayawada,Locality_233,Suryaraopet
Vijayawada,Locality_234,Siddhartha Nagar
Vijayawada,Locality_235,Currency Nagar
Vijayawada,Locality_236,Kanuru
Vijayawada,Locality_237,Enikepadu
Vijayawada,Locality_238,Prasadampadu
Vijayawada,Locality_239,Nidamanuru
Vijayawada,Locality_240,Madhura Nagar
Vijayawada,Locality_241,Benz Circle
Vijayawada,Locality_242,Moghalrajpuram
Vijayawada,Locality_243,Labbipet
Vijayawada,Locality_244,Governorpet
Vijayawada,Locality_245,Patamata
Vijayawada,Locality_246,Poranki
Vijayawada,Locality_247,Penamaluru
Vijayawada,Locality_248,Gollapudi
Vijayawada,Locality_249,Auto Nagar
Vijayawada,Locality_250,Ramavarappadu
Vijayawada,Locality_251,Gunadala
Vijayawada,Locality_252,Bhavanipuram
Vijayawada,Locality_253,Ajit Singh Nagar
Vijayawada,Locality_254,Payakapuram
Vijayawada,Locality_255,Krishna Lanka
Vijayawada,Locality_256,One Town
Vijayawada,Locality_257,Suryaraopet
Vijayawada,Locality_258,Siddhartha Nagar
Vijayawada,Locality_259,Currency Nagar
Vijayawada,Locality_260,Kanuru
Vijayawada,Locality_261,Enikepadu
Vijayawada,Locality_262,Prasadampadu
Vijayawada,Locality_263,Nidamanuru
Vijayawada,Locality_264,Madhura Nagar
Vijayawada,Locality_265,Benz Circle
Vijayawada,Locality_266,Moghalrajpuram
Vijayawada,Locality_267,Labbipet
Vijayawada,Locality_268,Governorpet
Vijayawada,Locality_269,Patamata
Vijayawada,Locality_270,Poranki
Vijayawada,Locality_271,Penamaluru
Vijayawada,Locality_272,Gollapudi
Vijayawada,Locality_273,Auto Nagar
Vijayawada,Locality_274,Ramavarappadu
Vijayawada,Locality_275,Gunadala
Vijayawada,Locality_276,Bhavanipuram
Vijayawada,Locality_277,Ajit Singh Nagar
Vijayawada,Locality_278,Payakapuram
Vijayawada,Locality_279,Krishna Lanka
Vijayawada,Locality_280,One Town
Vijayawada,Locality_281,Suryaraopet
Vijayawada,Locality_282,Siddhartha Nagar
Vijayawada,Locality_283,Currency Nagar
Vijayawada,Locality_284,Kanuru
Vijayawada,Locality_285,Enikepadu
Vijayawada,Locality_286,Prasadampadu
Vijayawada,Locality_287,Nidamanuru
Vijayawada,Locality_288,Madhura Nagar
Vijayawada,Locality_289,Benz Circle
Vijayawada,Locality_290,Moghalrajpuram
Vijayawada,Locality_291,Labbipet
Vijayawada,Locality_292,Governorpet
Vijayawada,Locality_293,Patamata
Vijayawada,Locality_294,Poranki
Vijayawada,Locality_295,Penamaluru
Vijayawada,Locality_296,Gollapudi
Vijayawada,Locality_297,Auto Nagar
Vijayawada,Locality_298,Ramavarappadu
Vijayawada,Locality_299,Gunadala
Vijayawada,Locality_300,Bhavanipuram
Vijayawada,Locality_301,Ajit Singh Nagar
Vijayawada,Locality_302,Payakapuram
Vijayawada,Locality_303,Krishna Lanka
Vijayawada,Locality_304,One Town
Vijayawada,Locality_305,Suryaraopet
Vijayawada,Locality_306,Siddhartha Nagar
Vijayawada,Locality_307,Currency Nagar
Vijayawada,Locality_308,Kanuru
Vijayawada,Locality_309,Enikepadu
Vijayawada,Locality_310,Prasadampadu
Vijayawada,Locality_311,Nidamanuru
Vijayawada,Locality_312,Madhura Nagar
Vijayawada,Locality_313,Benz Circle
Vijayawada,Locality_314,Moghalrajpuram
Vijayawada,Locality_315,Labbipet
Vijayawada,Locality_316,Governorpet
Vijayawada,Locality_317,Patamata
Vijayawada,Locality_318,Poranki
Vijayawada,Locality_319,Penamaluru
Vijayawada,Locality_320,Gollapudi
Vijayawada,Locality_321,Auto Nagar
Vijayawada,Locality_322,Ramavarappadu
Vijayawada,Locality_323,Gunadala
Vijayawada,Locality_324,Bhavanipuram
Vijayawada,Locality_325,Ajit Singh Nagar
Vijayawada,Locality_326,Payakapuram
Vijayawada,Locality_327,Krishna Lanka
Vijayawada,Locality_328,One Town
Vijayawada,Locality_329,Suryaraopet
Vijayawada,Locality_330,Siddhartha Nagar
Vijayawada,Locality_331,Currency Nagar
Vijayawada,Locality_332,Kanuru
Vijayawada,Locality_333,Enikepadu
Vijayawada,Locality_334,Prasadampadu
Vijayawada,Locality_335,Nidamanuru
Vijayawada,Locality_336,Madhura Nagar
Vijayawada,Locality_337,Benz Circle
Vijayawada,Locality_338,Moghalrajpuram
Vijayawada,Locality_339,Labbipet
Vijayawada,Locality_340,Governorpet
Vijayawada,Locality_341,Patamata
Vijayawada,Locality_342,Poranki
Vijayawada,Locality_343,Penamaluru
Vijayawada,Locality_344,Gollapudi
Vijayawada,Locality_345,Auto Nagar
Vijayawada,Locality_346,Ramavarappadu
Vijayawada,Locality_347,Gunadala
Vijayawada,Locality_348,Bhavanipuram
Vijayawada,Locality_349,Ajit Singh Nagar
Vijayawada,Locality_350,Payakapuram
Vijayawada,Locality_351,Krishna Lanka
Vijayawada,Locality_352,One Town
Vijayawada,Locality_353,Suryaraopet
Vijayawada,Locality_354,Siddhartha Nagar
Vijayawada,Locality_355,Currency Nagar
Vijayawada,Locality_356,Kanuru
Vijayawada,Locality_357,Enikepadu
Vijayawada,Locality_358,Prasadampadu
Vijayawada,Locality_359,Nidamanuru
Vijayawada,Locality_360,Madhura Nagar
Vijayawada,Locality_361,Benz Circle
Vijayawada,Locality_362,Moghalrajpuram
Vijayawada,Locality_363,Labbipet
Vijayawada,Locality_364,Governorpet
Vijayawada,Locality_365,Patamata
Vijayawada,Locality_366,Poranki
Vijayawada,Locality_367,Penamaluru
Vijayawada,Locality_368,Gollapudi
Vijayawada,Locality_369,Auto Nagar
Vijayawada,Locality_370,Ramavarappadu
Vijayawada,Locality_371,Gunadala
Vijayawada,Locality_372,Bhavanipuram
Vijayawada,Locality_373,Ajit Singh Nagar
Vijayawada,Locality_374,Payakapuram
Vijayawada,Locality_375,Krishna Lanka
Vijayawada,Locality_376,One Town
Vijayawada,Locality_377,Suryaraopet
Vijayawada,Locality_378,Siddhartha Nagar
Vijayawada,Locality_379,Currency Nagar
Vijayawada,Locality_380,Kanuru
Vijayawada,Locality_381,Enikepadu
Vijayawada,Locality_382,Prasadampadu
Vijayawada,Locality_383,Nidamanuru
Vijayawada,Locality_384,Madhura Nagar
Vijayawada,Locality_385,Benz Circle
Vijayawada,Locality_386,Moghalrajpuram
Vijayawada,Locality_387,Labbipet
Vijayawada,Locality_388,Governorpet
Vijayawada,Locality_389,Patamata
Vijayawada,Locality_390,Poranki
Vijayawada,Locality_391,Penamaluru
Vijayawada,Locality_392,Gollapudi
Vijayawada,Locality_393,Auto Nagar
Vijayawada,Locality_394,Ramavarappadu
Vijayawada,Locality_395,Gunadala
Vijayawada,Locality_396,Bhavanipuram
Vijayawada,Locality_397,Ajit Singh Nagar
Vijayawada,Locality_398,Payakapuram
Vijayawada,Locality_399,Krishna Lanka
Vijayawada,Locality_400,One Town
Vijayawada,Locality_401,Suryaraopet
Vijayawada,Locality_402,Siddhartha Nagar
Vijayawada,Locality_403,Currency Nagar
Vijayawada,Locality_404,Kanuru
Vijayawada,Locality_405,Enikepadu
Vijayawada,Locality_406,Prasadampadu
Vijayawada,Locality_407,Nidamanuru
Vijayawada,Locality_408,Madhura Nagar
Vijayawada,Locality_409,Benz Circle
Vijayawada,Locality_410,Moghalrajpuram
Vijayawada,Locality_411,Labbipet
Vijayawada,Locality_412,Governorpet
Vijayawada,Locality_413,Patamata
Vijayawada,Locality_414,Poranki
Vijayawada,Locality_415,Penamaluru
Vijayawada,Locality_416,Gollapudi
Vijayawada,Locality_417,Auto Nagar
Vijayawada,Locality_418,Ramavarappadu
Vijayawada,Locality_419,Gunadala
Vijayawada,Locality_420,Bhavanipuram
Vijayawada,Locality_421,Ajit Singh Nagar
Vijayawada,Locality_422,Payakapuram
Vijayawada,Locality_423,Krishna Lanka
Vijayawada,Locality_424,One Town
Vijayawada,Locality_425,Suryaraopet
Vijayawada,Locality_426,Siddhartha Nagar
Vijayawada,Locality_427,Currency Nagar
Vijayawada,Locality_428,Kanuru
Vijayawada,Locality_429,Enikepadu
Vijayawada,Locality_430,Prasadampadu
Vijayawada,Locality_431,Nidamanuru
Vijayawada,Locality_432,Madhura Nagar
Vijayawada,Locality_433,Benz Circle
Vijayawada,Locality_434,Moghalrajpuram
Vijayawada,Locality_435,Labbipet
Vijayawada,Locality_436,Governorpet
Vijayawada,Locality_437,Patamata
Vijayawada,Locality_438,Poranki
Vijayawada,Locality_439,Penamaluru
Vijayawada,Locality_440,Gollapudi
Vijayawada,Locality_441,Auto Nagar
Vijayawada,Locality_442,Ramavarappadu
Vijayawada,Locality_443,Gunadala
Vijayawada,Locality_444,Bhavanipuram
Vijayawada,Locality_445,Ajit Singh Nagar
Vijayawada,Locality_446,Payakapuram
Vijayawada,Locality_447,Krishna Lanka
Vijayawada,Locality_448,One Town
Vijayawada,Locality_449,Suryaraopet
Vijayawada,Locality_450,Siddhartha Nagar
Vijayawada,Locality_451,Currency Nagar
Vijayawada,Locality_452,Kanuru
Vijayawada,Locality_453,Enikepadu
Vijayawada,Locality_454,Prasadampadu
Vijayawada,Locality_455,Nidamanuru
Vijayawada,Locality_456,Madhura Nagar
Vijayawada,Locality_457,Benz Circle
Vijayawada,Locality_458,Moghalrajpuram
Vijayawada,Locality_459,Labbipet
Vijayawada,Locality_460,Governorpet
Vijayawada,Locality_461,Patamata
Vijayawada,Locality_462,Poranki
Vijayawada,Locality_463,Penamaluru
Vijayawada,Locality_464,Gollapudi
Vijayawada,Locality_465,Auto Nagar
Vijayawada,Locality_466,Ramavarappadu
Vijayawada,Locality_467,Gunadala
Vijayawada,Locality_468,Bhavanipuram
Vijayawada,Locality_469,Ajit Singh Nagar
Vijayawada,Locality_470,Payakapuram
Vijayawada,Locality_471,Krishna Lanka
Vijayawada,Locality_472,One Town
Vijayawada,Locality_473,Suryaraopet
Vijayawada,Locality_474,Siddhartha Nagar
Vijayawada,Locality_475,Currency Nagar
Vijayawada,Locality_476,Kanuru
Vijayawada,Locality_477,Enikepadu
Vijayawada,Locality_478,Prasadampadu
Vijayawada,Locality_479,Nidamanuru
Vijayawada,Locality_480,Madhura Nagar
Vijayawada,Locality_481,Benz Circle
Vijayawada,Locality_482,Moghalrajpuram
Vijayawada,Locality_483,Labbipet
Vijayawada,Locality_484,Governorpet
Vijayawada,Locality_485,Patamata
Vijayawada,Locality_486,Poranki
Vijayawada,Locality_487,Penamaluru
Vijayawada,Locality_488,Gollapudi
Vijayawada,Locality_489,Auto Nagar
Vijayawada,Locality_490,Ramavarappadu
Vijayawada,Locality_491,Gunadala
Vijayawada,Locality_492,Bhavanipuram
Vijayawada,Locality_493,Ajit Singh Nagar
Vijayawada,Locality_494,Payakapuram
Vijayawada,Locality_495,Krishna Lanka
Vijayawada,Locality_496,One Town
Vijayawada,Locality_497,Suryaraopet
Vijayawada,Locality_498,Siddhartha Nagar
Vijayawada,Locality_499,Currency Nagar
Vijayawada,Locality_500,Kanuru
Vishakhapatnam,Locality_1,MVP Colony
Vishakhapatnam,Locality_2,Dwaraka Nagar
Vishakhapatnam,Locality_3,Seethammadhara
Vishakhapatnam,Locality_4,Maddilapalem
Vishakhapatnam,Locality_5,Gajuwaka
Vishakhapatnam,Locality_6,Madhurawada
Vishakhapatnam,Locality_7,Rushikonda
Vishakhapatnam,Locality_8,Siripuram
Vishakhapatnam,Locality_9,Asilmetta
Vishakhapatnam,Locality_10,Akkayyapalem
Vishakhapatnam,Locality_11,Kommadi
Vishakhapatnam,Locality_12,Yendada
Vishakhapatnam,Locality_13,Pendurthi
Vishakhapatnam,Locality_14,NAD Junction
Vishakhapatnam,Locality_15,Kurmannapalem
Vishakhapatnam,Locality_16,Sujatha Nagar
Vishakhapatnam,Locality_17,Seethammadhara North
Vishakhapatnam,Locality_18,Lawsons Bay Colony
Vishakhapatnam,Locality_19,Waltair
Vishakhapatnam,Locality_20,Jagadamba Junction
Vishakhapatnam,Locality_21,Kancharapalem
Vishakhapatnam,Locality_22,Dondaparthy
Vishakhapatnam,Locality_23,Marripalem
Vishakhapatnam,Locality_24,Akkireddypalem
Vishakhapatnam,Locality_25,Bheemunipatnam
Vishakhapatnam,Locality_26,MVP Colony
Vishakhapatnam,Locality_27,Dwaraka Nagar
Vishakhapatnam,Locality_28,Seethammadhara
Vishakhapatnam,Locality_29,Maddilapalem
Vishakhapatnam,Locality_30,Gajuwaka
Vishakhapatnam,Locality_31,Madhurawada
Vishakhapatnam,Locality_32,Rushikonda
Vishakhapatnam,Locality_33,Siripuram
Vishakhapatnam,Locality_34,Asilmetta
Vishakhapatnam,Locality_35,Akkayyapalem
Vishakhapatnam,Locality_36,Kommadi
Vishakhapatnam,Locality_37,Yendada
Vishakhapatnam,Locality_38,Pendurthi
Vishakhapatnam,Locality_39,NAD Junction
Vishakhapatnam,Locality_40,Kurmannapalem
Vishakhapatnam,Locality_41,Sujatha Nagar
Vishakhapatnam,Locality_42,Seethammadhara North
Vishakhapatnam,Locality_43,Lawsons Bay Colony
Vishakhapatnam,Locality_44,Waltair
Vishakhapatnam,Locality_45,Jagadamba Junction
Vishakhapatnam,Locality_46,Kancharapalem
Vishakhapatnam,Locality_47,Dondaparthy
Vishakhapatnam,Locality_48,Marripalem
Vishakhapatnam,Locality_49,Akkireddypalem
Vishakhapatnam,Locality_50,Bheemunipatnam
Vishakhapatnam,Locality_51,MVP Colony
Vishakhapatnam,Locality_52,Dwaraka Nagar
Vishakhapatnam,Locality_53,Seethammadhara
Vishakhapatnam,Locality_54,Maddilapalem
Vishakhapatnam,Locality_55,Gajuwaka
Vishakhapatnam,Locality_56,Madhurawada
Vishakhapatnam,Locality_57,Rushikonda
Vishakhapatnam,Locality_58,Siripuram
Vishakhapatnam,Locality_59,Asilmetta
Vishakhapatnam,Locality_60,Akkayyapalem
Vishakhapatnam,Locality_61,Kommadi
Vishakhapatnam,Locality_62,Yendada
Vishakhapatnam,Locality_63,Pendurthi
Vishakhapatnam,Locality_64,NAD Junction
Vishakhapatnam,Locality_65,Kurmannapalem
Vishakhapatnam,Locality_66,Sujatha Nagar
Vishakhapatnam,Locality_67,Seethammadhara North
Vishakhapatnam,Locality_68,Lawsons Bay Colony
Vishakhapatnam,Locality_69,Waltair
Vishakhapatnam,Locality_70,Jagadamba Junction
Vishakhapatnam,Locality_71,Kancharapalem
Vishakhapatnam,Locality_72,Dondaparthy
Vishakhapatnam,Locality_73,Marripalem
Vishakhapatnam,Locality_74,Akkireddypalem
Vishakhapatnam,Locality_75,Bheemunipatnam
Vishakhapatnam,Locality_76,MVP Colony
Vishakhapatnam,Locality_77,Dwaraka Nagar
Vishakhapatnam,Locality_78,Seethammadhara
Vishakhapatnam,Locality_79,Maddilapalem
Vishakhapatnam,Locality_80,Gajuwaka
Vishakhapatnam,Locality_81,Madhurawada
Vishakhapatnam,Locality_82,Rushikonda
Vishakhapatnam,Locality_83,Siripuram
Vishakhapatnam,Locality_84,Asilmetta
Vishakhapatnam,Locality_85,Akkayyapalem
Vishakhapatnam,Locality_86,Kommadi
Vishakhapatnam,Locality_87,Yendada
Vishakhapatnam,Locality_88,Pendurthi
Vishakhapatnam,Locality_89,NAD Junction
Vishakhapatnam,Locality_90,Kurmannapalem
Vishakhapatnam,Locality_91,Sujatha Nagar
Vishakhapatnam,Locality_92,Seethammadhara North
Vishakhapatnam,Locality_93,Lawsons Bay Colony
Vishakhapatnam,Locality_94,Waltair
Vishakhapatnam,Locality_95,Jagadamba Junction
Vishakhapatnam,Locality_96,Kancharapalem
Vishakhapatnam,Locality_97,Dondaparthy
Vishakhapatnam,Locality_98,Marripalem
Vishakhapatnam,Locality_99,Akkireddypalem
Vishakhapatnam,Locality_100,Bheemunipatnam
Vishakhapatnam,Locality_101,MVP Colony
Vishakhapatnam,Locality_102,Dwaraka Nagar
Vishakhapatnam,Locality_103,Seethammadhara
Vishakhapatnam,Locality_104,Maddilapalem
Vishakhapatnam,Locality_105,Gajuwaka
Vishakhapatnam,Locality_106,Madhurawada
Vishakhapatnam,Locality_107,Rushikonda
Vishakhapatnam,Locality_108,Siripuram
Vishakhapatnam,Locality_109,Asilmetta
Vishakhapatnam,Locality_110,Akkayyapalem
Vishakhapatnam,Locality_111,Kommadi
Vishakhapatnam,Locality_112,Yendada
Vishakhapatnam,Locality_113,Pendurthi
Vishakhapatnam,Locality_114,NAD Junction
Vishakhapatnam,Locality_115,Kurmannapalem
Vishakhapatnam,Locality_116,Sujatha Nagar
Vishakhapatnam,Locality_117,Seethammadhara North
Vishakhapatnam,Locality_118,Lawsons Bay Colony
Vishakhapatnam,Locality_119,Waltair
Vishakhapatnam,Locality_120,Jagadamba Junction
Vishakhapatnam,Locality_121,Kancharapalem
Vishakhapatnam,Locality_122,Dondaparthy
Vishakhapatnam,Locality_123,Marripalem
Vishakhapatnam,Locality_124,Akkireddypalem
Vishakhapatnam,Locality_125,Bheemunipatnam
Vishakhapatnam,Locality_126,MVP Colony
Vishakhapatnam,Locality_127,Dwaraka Nagar
Vishakhapatnam,Locality_128,Seethammadhara
Vishakhapatnam,Locality_129,Maddilapalem
Vishakhapatnam,Locality_130,Gajuwaka
Vishakhapatnam,Locality_131,Madhurawada
Vishakhapatnam,Locality_132,Rushikonda
Vishakhapatnam,Locality_133,Siripuram
Vishakhapatnam,Locality_134,Asilmetta
Vishakhapatnam,Locality_135,Akkayyapalem
Vishakhapatnam,Locality_136,Kommadi
Vishakhapatnam,Locality_137,Yendada
Vishakhapatnam,Locality_138,Pendurthi
Vishakhapatnam,Locality_139,NAD Junction
Vishakhapatnam,Locality_140,Kurmannapalem
Vishakhapatnam,Locality_141,Sujatha Nagar
Vishakhapatnam,Locality_142,Seethammadhara North
Vishakhapatnam,Locality_143,Lawsons Bay Colony
Vishakhapatnam,Locality_144,Waltair
Vishakhapatnam,Locality_145,Jagadamba Junction
Vishakhapatnam,Locality_146,Kancharapalem
Vishakhapatnam,Locality_147,Dondaparthy
Vishakhapatnam,Locality_148,Marripalem
Vishakhapatnam,Locality_149,Akkireddypalem
Vishakhapatnam,Locality_150,Bheemunipatnam
Vishakhapatnam,Locality_151,MVP Colony
Vishakhapatnam,Locality_152,Dwaraka Nagar
Vishakhapatnam,Locality_153,Seethammadhara
Vishakhapatnam,Locality_154,Maddilapalem
Vishakhapatnam,Locality_155,Gajuwaka
Vishakhapatnam,Locality_156,Madhurawada
Vishakhapatnam,Locality_157,Rushikonda
Vishakhapatnam,Locality_158,Siripuram
Vishakhapatnam,Locality_159,Asilmetta
Vishakhapatnam,Locality_160,Akkayyapalem
Vishakhapatnam,Locality_161,Kommadi
Vishakhapatnam,Locality_162,Yendada
Vishakhapatnam,Locality_163,Pendurthi
Vishakhapatnam,Locality_164,NAD Junction
Vishakhapatnam,Locality_165,Kurmannapalem
Vishakhapatnam,Locality_166,Sujatha Nagar
Vishakhapatnam,Locality_167,Seethammadhara North
Vishakhapatnam,Locality_168,Lawsons Bay Colony
Vishakhapatnam,Locality_169,Waltair
Vishakhapatnam,Locality_170,Jagadamba Junction
Vishakhapatnam,Locality_171,Kancharapalem
Vishakhapatnam,Locality_172,Dondaparthy
Vishakhapatnam,Locality_173,Marripalem
Vishakhapatnam,Locality_174,Akkireddypalem
Vishakhapatnam,Locality_175,Bheemunipatnam
Vishakhapatnam,Locality_176,MVP Colony
Vishakhapatnam,Locality_177,Dwaraka Nagar
Vishakhapatnam,Locality_178,Seethammadhara
Vishakhapatnam,Locality_179,Maddilapalem
Vishakhapatnam,Locality_180,Gajuwaka
Vishakhapatnam,Locality_181,Madhurawada
Vishakhapatnam,Locality_182,Rushikonda
Vishakhapatnam,Locality_183,Siripuram
Vishakhapatnam,Locality_184,Asilmetta
Vishakhapatnam,Locality_185,Akkayyapalem
Vishakhapatnam,Locality_186,Kommadi
Vishakhapatnam,Locality_187,Yendada
Vishakhapatnam,Locality_188,Pendurthi
Vishakhapatnam,Locality_189,NAD Junction
Vishakhapatnam,Locality_190,Kurmannapalem
Vishakhapatnam,Locality_191,Sujatha Nagar
Vishakhapatnam,Locality_192,Seethammadhara North
Vishakhapatnam,Locality_193,Lawsons Bay Colony
Vishakhapatnam,Locality_194,Waltair
Vishakhapatnam,Locality_195,Jagadamba Junction
Vishakhapatnam,Locality_196,Kancharapalem
Vishakhapatnam,Locality_197,Dondaparthy
Vishakhapatnam,Locality_198,Marripalem
Vishakhapatnam,Locality_199,Akkireddypalem
Vishakhapatnam,Locality_200,Bheemunipatnam
Vishakhapatnam,Locality_201,MVP Colony
Vishakhapatnam,Locality_202,Dwaraka Nagar
Vishakhapatnam,Locality_203,Seethammadhara
Vishakhapatnam,Locality_204,Maddilapalem
Vishakhapatnam,Locality_205,Gajuwaka
Vishakhapatnam,Locality_206,Madhurawada
Vishakhapatnam,Locality_207,Rushikonda
Vishakhapatnam,Locality_208,Siripuram
Vishakhapatnam,Locality_209,Asilmetta
Vishakhapatnam,Locality_210,Akkayyapalem
Vishakhapatnam,Locality_211,Kommadi
Vishakhapatnam,Locality_212,Yendada
Vishakhapatnam,Locality_213,Pendurthi
Vishakhapatnam,Locality_214,NAD Junction
Vishakhapatnam,Locality_215,Kurmannapalem
Vishakhapatnam,Locality_216,Sujatha Nagar
Vishakhapatnam,Locality_217,Seethammadhara North
Vishakhapatnam,Locality_218,Lawsons Bay Colony
Vishakhapatnam,Locality_219,Waltair
Vishakhapatnam,Locality_220,Jagadamba Junction
Vishakhapatnam,Locality_221,Kancharapalem
Vishakhapatnam,Locality_222,Dondaparthy
Vishakhapatnam,Locality_223,Marripalem
Vishakhapatnam,Locality_224,Akkireddypalem
Vishakhapatnam,Locality_225,Bheemunipatnam
Vishakhapatnam,Locality_226,MVP Colony
Vishakhapatnam,Locality_227,Dwaraka Nagar
Vishakhapatnam,Locality_228,Seethammadhara
Vishakhapatnam,Locality_229,Maddilapalem
Vishakhapatnam,Locality_230,Gajuwaka
Vishakhapatnam,Locality_231,Madhurawada
Vishakhapatnam,Locality_232,Rushikonda
Vishakhapatnam,Locality_233,Siripuram
Vishakhapatnam,Locality_234,Asilmetta
Vishakhapatnam,Locality_235,Akkayyapalem
Vishakhapatnam,Locality_236,Kommadi
Vishakhapatnam,Locality_237,Yendada
Vishakhapatnam,Locality_238,Pendurthi
Vishakhapatnam,Locality_239,NAD Junction
Vishakhapatnam,Locality_240,Kurmannapalem
Vishakhapatnam,Locality_241,Sujatha Nagar
Vishakhapatnam,Locality_242,Seethammadhara North
Vishakhapatnam,Locality_243,Lawsons Bay Colony
Vishakhapatnam,Locality_244,Waltair
Vishakhapatnam,Locality_245,Jagadamba Junction
Vishakhapatnam,Locality_246,Kancharapalem
Vishakhapatnam,Locality_247,Dondaparthy
Vishakhapatnam,Locality_248,Marripalem
Vishakhapatnam,Locality_249,Akkireddypalem
Vishakhapatnam,Locality_250,Bheemunipatnam
Vishakhapatnam,Locality_251,MVP Colony
Vishakhapatnam,Locality_252,Dwaraka Nagar
Vishakhapatnam,Locality_253,Seethammadhara
Vishakhapatnam,Locality_254,Maddilapalem
Vishakhapatnam,Locality_255,Gajuwaka
Vishakhapatnam,Locality_256,Madhurawada
Vishakhapatnam,Locality_257,Rushikonda
Vishakhapatnam,Locality_258,Siripuram
Vishakhapatnam,Locality_259,Asilmetta
Vishakhapatnam,Locality_260,Akkayyapalem
Vishakhapatnam,Locality_261,Kommadi
Vishakhapatnam,Locality_262,Yendada
Vishakhapatnam,Locality_263,Pendurthi
Vishakhapatnam,Locality_264,NAD Junction
Vishakhapatnam,Locality_265,Kurmannapalem
Vishakhapatnam,Locality_266,Sujatha Nagar
Vishakhapatnam,Locality_267,Seethammadhara North
Vishakhapatnam,Locality_268,Lawsons Bay Colony
Vishakhapatnam,Locality_269,Waltair
Vishakhapatnam,Locality_270,Jagadamba Junction
Vishakhapatnam,Locality_271,Kancharapalem
Vishakhapatnam,Locality_272,Dondaparthy
Vishakhapatnam,Locality_273,Marripalem
Vishakhapatnam,Locality_274,Akkireddypalem
Vishakhapatnam,Locality_275,Bheemunipatnam
Vishakhapatnam,Locality_276,MVP Colony
Vishakhapatnam,Locality_277,Dwaraka Nagar
Vishakhapatnam,Locality_278,Seethammadhara
Vishakhapatnam,Locality_279,Maddilapalem
Vishakhapatnam,Locality_280,Gajuwaka
Vishakhapatnam,Locality_281,Madhurawada
Vishakhapatnam,Locality_282,Rushikonda
Vishakhapatnam,Locality_283,Siripuram
Vishakhapatnam,Locality_284,Asilmetta
Vishakhapatnam,Locality_285,Akkayyapalem
Vishakhapatnam,Locality_286,Kommadi
Vishakhapatnam,Locality_287,Yendada
Vishakhapatnam,Locality_288,Pendurthi
Vishakhapatnam,Locality_289,NAD Junction
Vishakhapatnam,Locality_290,Kurmannapalem
Vishakhapatnam,Locality_291,Sujatha Nagar
Vishakhapatnam,Locality_292,Seethammadhara North
Vishakhapatnam,Locality_293,Lawsons Bay Colony
Vishakhapatnam,Locality_294,Waltair
Vishakhapatnam,Locality_295,Jagadamba Junction
Vishakhapatnam,Locality_296,Kancharapalem
Vishakhapatnam,Locality_297,Dondaparthy
Vishakhapatnam,Locality_298,Marripalem
Vishakhapatnam,Locality_299,Akkireddypalem
Vishakhapatnam,Locality_300,Bheemunipatnam
Vishakhapatnam,Locality_301,MVP Colony
Vishakhapatnam,Locality_302,Dwaraka Nagar
Vishakhapatnam,Locality_303,Seethammadhara
Vishakhapatnam,Locality_304,Maddilapalem
Vishakhapatnam,Locality_305,Gajuwaka
Vishakhapatnam,Locality_306,Madhurawada
Vishakhapatnam,Locality_307,Rushikonda
Vishakhapatnam,Locality_308,Siripuram
Vishakhapatnam,Locality_309,Asilmetta
Vishakhapatnam,Locality_310,Akkayyapalem
Vishakhapatnam,Locality_311,Kommadi
Vishakhapatnam,Locality_312,Yendada
Vishakhapatnam,Locality_313,Pendurthi
Vishakhapatnam,Locality_314,NAD Junction
Vishakhapatnam,Locality_315,Kurmannapalem
Vishakhapatnam,Locality_316,Sujatha Nagar
Vishakhapatnam,Locality_317,Seethammadhara North
Vishakhapatnam,Locality_318,Lawsons Bay Colony
Vishakhapatnam,Locality_319,Waltair
Vishakhapatnam,Locality_320,Jagadamba Junction
Vishakhapatnam,Locality_321,Kancharapalem
Vishakhapatnam,Locality_322,Dondaparthy
Vishakhapatnam,Locality_323,Marripalem
Vishakhapatnam,Locality_324,Akkireddypalem
Vishakhapatnam,Locality_325,Bheemunipatnam
Vishakhapatnam,Locality_326,MVP Colony
Vishakhapatnam,Locality_327,Dwaraka Nagar
Vishakhapatnam,Locality_328,Seethammadhara
Vishakhapatnam,Locality_329,Maddilapalem
Vishakhapatnam,Locality_330,Gajuwaka
Vishakhapatnam,Locality_331,Madhurawada
Vishakhapatnam,Locality_332,Rushikonda
Vishakhapatnam,Locality_333,Siripuram
Vishakhapatnam,Locality_334,Asilmetta
Vishakhapatnam,Locality_335,Akkayyapalem
Vishakhapatnam,Locality_336,Kommadi
Vishakhapatnam,Locality_337,Yendada
Vishakhapatnam,Locality_338,Pendurthi
Vishakhapatnam,Locality_339,NAD Junction
Vishakhapatnam,Locality_340,Kurmannapalem
Vishakhapatnam,Locality_341,Sujatha Nagar
Vishakhapatnam,Locality_342,Seethammadhara North
Vishakhapatnam,Locality_343,Lawsons Bay Colony
Vishakhapatnam,Locality_344,Waltair
Vishakhapatnam,Locality_345,Jagadamba Junction
Vishakhapatnam,Locality_346,Kancharapalem
Vishakhapatnam,Locality_347,Dondaparthy
Vishakhapatnam,Locality_348,Marripalem
Vishakhapatnam,Locality_349,Akkireddypalem
Vishakhapatnam,Locality_350,Bheemunipatnam
Vishakhapatnam,Locality_351,MVP Colony
Vishakhapatnam,Locality_352,Dwaraka Nagar
Vishakhapatnam,Locality_353,Seethammadhara
Vishakhapatnam,Locality_354,Maddilapalem
Vishakhapatnam,Locality_355,Gajuwaka
Vishakhapatnam,Locality_356,Madhurawada
Vishakhapatnam,Locality_357,Rushikonda
Vishakhapatnam,Locality_358,Siripuram
Vishakhapatnam,Locality_359,Asilmetta
Vishakhapatnam,Locality_360,Akkayyapalem
Vishakhapatnam,Locality_361,Kommadi
Vishakhapatnam,Locality_362,Yendada
Vishakhapatnam,Locality_363,Pendurthi
Vishakhapatnam,Locality_364,NAD Junction
Vishakhapatnam,Locality_365,Kurmannapalem
Vishakhapatnam,Locality_366,Sujatha Nagar
Vishakhapatnam,Locality_367,Seethammadhara North
Vishakhapatnam,Locality_368,Lawsons Bay Colony
Vishakhapatnam,Locality_369,Waltair
Vishakhapatnam,Locality_370,Jagadamba Junction
Vishakhapatnam,Locality_371,Kancharapalem
Vishakhapatnam,Locality_372,Dondaparthy
Vishakhapatnam,Locality_373,Marripalem
Vishakhapatnam,Locality_374,Akkireddypalem
Vishakhapatnam,Locality_375,Bheemunipatnam
Vishakhapatnam,Locality_376,MVP Colony
Vishakhapatnam,Locality_377,Dwaraka Nagar
Vishakhapatnam,Locality_378,Seethammadhara
Vishakhapatnam,Locality_379,Maddilapalem
Vishakhapatnam,Locality_380,Gajuwaka
Vishakhapatnam,Locality_381,Madhurawada
Vishakhapatnam,Locality_382,Rushikonda
Vishakhapatnam,Locality_383,Siripuram
Vishakhapatnam,Locality_384,Asilmetta
Vishakhapatnam,Locality_385,Akkayyapalem
Vishakhapatnam,Locality_386,Kommadi
Vishakhapatnam,Locality_387,Yendada
Vishakhapatnam,Locality_388,Pendurthi
Vishakhapatnam,Locality_389,NAD Junction
Vishakhapatnam,Locality_390,Kurmannapalem
Vishakhapatnam,Locality_391,Sujatha Nagar
Vishakhapatnam,Locality_392,Seethammadhara North
Vishakhapatnam,Locality_393,Lawsons Bay Colony
Vishakhapatnam,Locality_394,Waltair
Vishakhapatnam,Locality_395,Jagadamba Junction
Vishakhapatnam,Locality_396,Kancharapalem
Vishakhapatnam,Locality_397,Dondaparthy
Vishakhapatnam,Locality_398,Marripalem
Vishakhapatnam,Locality_399,Akkireddypalem
Vishakhapatnam,Locality_400,Bheemunipatnam
Vishakhapatnam,Locality_401,MVP Colony
Vishakhapatnam,Locality_402,Dwaraka Nagar
Vishakhapatnam,Locality_403,Seethammadhara
Vishakhapatnam,Locality_404,Maddilapalem
Vishakhapatnam,Locality_405,Gajuwaka
Vishakhapatnam,Locality_406,Madhurawada
Vishakhapatnam,Locality_407,Rushikonda
Vishakhapatnam,Locality_408,Siripuram
Vishakhapatnam,Locality_409,Asilmetta
Vishakhapatnam,Locality_410,Akkayyapalem
Vishakhapatnam,Locality_411,Kommadi
Vishakhapatnam,Locality_412,Yendada
Vishakhapatnam,Locality_413,Pendurthi
Vishakhapatnam,Locality_414,NAD Junction
Vishakhapatnam,Locality_415,Kurmannapalem
Vishakhapatnam,Locality_416,Sujatha Nagar
Vishakhapatnam,Locality_417,Seethammadhara North
Vishakhapatnam,Locality_418,Lawsons Bay Colony
Vishakhapatnam,Locality_419,Waltair
Vishakhapatnam,Locality_420,Jagadamba Junction
Vishakhapatnam,Locality_421,Kancharapalem
Vishakhapatnam,Locality_422,Dondaparthy
Vishakhapatnam,Locality_423,Marripalem
Vishakhapatnam,Locality_424,Akkireddypalem
Vishakhapatnam,Locality_425,Bheemunipatnam
Vishakhapatnam,Locality_426,MVP Colony
Vishakhapatnam,Locality_427,Dwaraka Nagar
Vishakhapatnam,Locality_428,Seethammadhara
Vishakhapatnam,Locality_429,Maddilapalem
Vishakhapatnam,Locality_430,Gajuwaka
Vishakhapatnam,Locality_431,Madhurawada
Vishakhapatnam,Locality_432,Rushikonda
Vishakhapatnam,Locality_433,Siripuram
Vishakhapatnam,Locality_434,Asilmetta
Vishakhapatnam,Locality_435,Akkayyapalem
Vishakhapatnam,Locality_436,Kommadi
Vishakhapatnam,Locality_437,Yendada
Vishakhapatnam,Locality_438,Pendurthi
Vishakhapatnam,Locality_439,NAD Junction
Vishakhapatnam,Locality_440,Kurmannapalem
Vishakhapatnam,Locality_441,Sujatha Nagar
Vishakhapatnam,Locality_442,Seethammadhara North
Vishakhapatnam,Locality_443,Lawsons Bay Colony
Vishakhapatnam,Locality_444,Waltair
Vishakhapatnam,Locality_445,Jagadamba Junction
Vishakhapatnam,Locality_446,Kancharapalem
Vishakhapatnam,Locality_447,Dondaparthy
Vishakhapatnam,Locality_448,Marripalem
Vishakhapatnam,Locality_449,Akkireddypalem
Vishakhapatnam,Locality_450,Bheemunipatnam
Vishakhapatnam,Locality_451,MVP Colony
Vishakhapatnam,Locality_452,Dwaraka Nagar
Vishakhapatnam,Locality_453,Seethammadhara
Vishakhapatnam,Locality_454,Maddilapalem
Vishakhapatnam,Locality_455,Gajuwaka
Vishakhapatnam,Locality_456,Madhurawada
Vishakhapatnam,Locality_457,Rushikonda
Vishakhapatnam,Locality_458,Siripuram
Vishakhapatnam,Locality_459,Asilmetta
Vishakhapatnam,Locality_460,Akkayyapalem
Vishakhapatnam,Locality_461,Kommadi
Vishakhapatnam,Locality_462,Yendada
Vishakhapatnam,Locality_463,Pendurthi
Vishakhapatnam,Locality_464,NAD Junction
Vishakhapatnam,Locality_465,Kurmannapalem
Vishakhapatnam,Locality_466,Sujatha Nagar
Vishakhapatnam,Locality_467,Seethammadhara North
Vishakhapatnam,Locality_468,Lawsons Bay Colony
Vishakhapatnam,Locality_469,Waltair
Vishakhapatnam,Locality_470,Jagadamba Junction
Vishakhapatnam,Locality_471,Kancharapalem
Vishakhapatnam,Locality_472,Dondaparthy
Vishakhapatnam,Locality_473,Marripalem
Vishakhapatnam,Locality_474,Akkireddypalem
Vishakhapatnam,Locality_475,Bheemunipatnam
Vishakhapatnam,Locality_476,MVP Colony
Vishakhapatnam,Locality_477,Dwaraka Nagar
Vishakhapatnam,Locality_478,Seethammadhara
Vishakhapatnam,Locality_479,Maddilapalem
Vishakhapatnam,Locality_480,Gajuwaka
Vishakhapatnam,Locality_481,Madhurawada
Vishakhapatnam,Locality_482,Rushikonda
Vishakhapatnam,Locality_483,Siripuram
Vishakhapatnam,Locality_484,Asilmetta
Vishakhapatnam,Locality_485,Akkayyapalem
Vishakhapatnam,Locality_486,Kommadi
Vishakhapatnam,Locality_487,Yendada
Vishakhapatnam,Locality_488,Pendurthi
Vishakhapatnam,Locality_489,NAD Junction
Vishakhapatnam,Locality_490,Kurmannapalem
Vishakhapatnam,Locality_491,Sujatha Nagar
Vishakhapatnam,Locality_492,Seethammadhara North
Vishakhapatnam,Locality_493,Lawsons Bay Colony
Vishakhapatnam,Locality_494,Waltair
Vishakhapatnam,Locality_495,Jagadamba Junction
Vishakhapatnam,Locality_496,Kancharapalem
Vishakhapatnam,Locality_497,Dondaparthy
Vishakhapatnam,Locality_498,Marripalem
Vishakhapatnam,Locality_499,Akkireddypalem
Vishakhapatnam,Locality_500,Bheemunipatnam
Warangal,Locality_1,Hanamkonda
Warangal,Locality_2,Kazipet
Warangal,Locality_3,Subedari
Warangal,Locality_4,Nakkalagutta
Warangal,Locality_5,Balasamudram
Warangal,Locality_6,Vidyaranyapuri
Warangal,Locality_7,Kothawada
Warangal,Locality_8,Rangampet
Warangal,Locality_9,Lashkar Bazar
Warangal,Locality_10,Enumamula
Warangal,Locality_11,Matwada
Warangal,Locality_12,Hunter Road
Warangal,Locality_13,Mulugu Road
Warangal,Locality_14,Warangal Fort
Warangal,Locality_15,Deshaipet
Warangal,Locality_16,Kakatiya Colony
Warangal,Locality_17,Adarsh Nagar
Warangal,Locality_18,Srinagar Colony
Warangal,Locality_19,Kishanpura
Warangal,Locality_20,Shambunipet
Warangal,Locality_21,Paidipally
Warangal,Locality_22,Gopalpur
Warangal,Locality_23,Ursu
Warangal,Locality_24,Fathema Nagar
Warangal,Locality_25,Madikonda
Warangal,Locality_26,Hanamkonda
Warangal,Locality_27,Kazipet
Warangal,Locality_28,Subedari
Warangal,Locality_29,Nakkalagutta
Warangal,Locality_30,Balasamudram
Warangal,Locality_31,Vidyaranyapuri
Warangal,Locality_32,Kothawada
Warangal,Locality_33,Rangampet
Warangal,Locality_34,Lashkar Bazar
Warangal,Locality_35,Enumamula
Warangal,Locality_36,Matwada
Warangal,Locality_37,Hunter Road
Warangal,Locality_38,Mulugu Road
Warangal,Locality_39,Warangal Fort
Warangal,Locality_40,Deshaipet
Warangal,Locality_41,Kakatiya Colony
Warangal,Locality_42,Adarsh Nagar
Warangal,Locality_43,Srinagar Colony
Warangal,Locality_44,Kishanpura
Warangal,Locality_45,Shambunipet
Warangal,Locality_46,Paidipally
Warangal,Locality_47,Gopalpur
Warangal,Locality_48,Ursu
Warangal,Locality_49,Fathema Nagar
Warangal,Locality_50,Madikonda
Warangal,Locality_51,Hanamkonda
Warangal,Locality_52,Kazipet
Warangal,Locality_53,Subedari
Warangal,Locality_54,Nakkalagutta
Warangal,Locality_55,Balasamudram
Warangal,Locality_56,Vidyaranyapuri
Warangal,Locality_57,Kothawada
Warangal,Locality_58,Rangampet
Warangal,Locality_59,Lashkar Bazar
Warangal,Locality_60,Enumamula
Warangal,Locality_61,Matwada
Warangal,Locality_62,Hunter Road
Warangal,Locality_63,Mulugu Road
Warangal,Locality_64,Warangal Fort
Warangal,Locality_65,Deshaipet
Warangal,Locality_66,Kakatiya Colony
Warangal,Locality_67,Adarsh Nagar
Warangal,Locality_68,Srinagar Colony
Warangal,Locality_69,Kishanpura
Warangal,Locality_70,Shambunipet
Warangal,Locality_71,Paidipally
Warangal,Locality_72,Gopalpur
Warangal,Locality_73,Ursu
Warangal,Locality_74,Fathema Nagar
Warangal,Locality_75,Madikonda
Warangal,Locality_76,Hanamkonda
Warangal,Locality_77,Kazipet
Warangal,Locality_78,Subedari
Warangal,Locality_79,Nakkalagutta
Warangal,Locality_80,Balasamudram
Warangal,Locality_81,Vidyaranyapuri
Warangal,Locality_82,Kothawada
Warangal,Locality_83,Rangampet
Warangal,Locality_84,Lashkar Bazar
Warangal,Locality_85,Enumamula
Warangal,Locality_86,Matwada
Warangal,Locality_87,Hunter Road
Warangal,Locality_88,Mulugu Road
Warangal,Locality_89,Warangal Fort
Warangal,Locality_90,Deshaipet
Warangal,Locality_91,Kakatiya Colony
Warangal,Locality_92,Adarsh Nagar
Warangal,Locality_93,Srinagar Colony
Warangal,Locality_94,Kishanpura
Warangal,Locality_95,Shambunipet
Warangal,Locality_96,Paidipally
Warangal,Locality_97,Gopalpur
Warangal,Locality_98,Ursu
Warangal,Locality_99,Fathema Nagar
Warangal,Locality_100,Madikonda
Warangal,Locality_101,Hanamkonda
Warangal,Locality_102,Kazipet
Warangal,Locality_103,Subedari
Warangal,Locality_104,Nakkalagutta
Warangal,Locality_105,Balasamudram
Warangal,Locality_106,Vidyaranyapuri
Warangal,Locality_107,Kothawada
Warangal,Locality_108,Rangampet
Warangal,Locality_109,Lashkar Bazar
Warangal,Locality_110,Enumamula
Warangal,Locality_111,Matwada
Warangal,Locality_112,Hunter Road
Warangal,Locality_113,Mulugu Road
Warangal,Locality_114,Warangal Fort
Warangal,Locality_115,Deshaipet
Warangal,Locality_116,Kakatiya Colony
Warangal,Locality_117,Adarsh Nagar
Warangal,Locality_118,Srinagar Colony
Warangal,Locality_119,Kishanpura
Warangal,Locality_120,Shambunipet
Warangal,Locality_121,Paidipally
Warangal,Locality_122,Gopalpur
Warangal,Locality_123,Ursu
Warangal,Locality_124,Fathema Nagar
Warangal,Locality_125,Madikonda
Warangal,Locality_126,Hanamkonda
Warangal,Locality_127,Kazipet
Warangal,Locality_128,Subedari
Warangal,Locality_129,Nakkalagutta
Warangal,Locality_130,Balasamudram
Warangal,Locality_131,Vidyaranyapuri
Warangal,Locality_132,Kothawada
Warangal,Locality_133,Rangampet
Warangal,Locality_134,Lashkar Bazar
Warangal,Locality_135,Enumamula
Warangal,Locality_136,Matwada
Warangal,Locality_137,Hunter Road
Warangal,Locality_138,Mulugu Road
Warangal,Locality_139,Warangal Fort
Warangal,Locality_140,Deshaipet
Warangal,Locality_141,Kakatiya Colony
Warangal,Locality_142,Adarsh Nagar
Warangal,Locality_143,Srinagar Colony
Warangal,Locality_144,Kishanpura
Warangal,Locality_145,Shambunipet
Warangal,Locality_146,Paidipally
Warangal,Locality_147,Gopalpur
Warangal,Locality_148,Ursu
Warangal,Locality_149,Fathema Nagar
Warangal,Locality_150,Madikonda
Warangal,Locality_151,Hanamkonda
Warangal,Locality_152,Kazipet
Warangal,Locality_153,Subedari
Warangal,Locality_154,Nakkalagutta
Warangal,Locality_155,Balasamudram
Warangal,Locality_156,Vidyaranyapuri
Warangal,Locality_157,Kothawada
Warangal,Locality_158,Rangampet
Warangal,Locality_159,Lashkar Bazar
Warangal,Locality_160,Enumamula
Warangal,Locality_161,Matwada
Warangal,Locality_162,Hunter Road
Warangal,Locality_163,Mulugu Road
Warangal,Locality_164,Warangal Fort
Warangal,Locality_165,Deshaipet
Warangal,Locality_166,Kakatiya Colony
Warangal,Locality_167,Adarsh Nagar
Warangal,Locality_168,Srinagar Colony
Warangal,Locality_169,Kishanpura
Warangal,Locality_170,Shambunipet
Warangal,Locality_171,Paidipally
Warangal,Locality_172,Gopalpur
Warangal,Locality_173,Ursu
Warangal,Locality_174,Fathema Nagar
Warangal,Locality_175,Madikonda
Warangal,Locality_176,Hanamkonda
Warangal,Locality_177,Kazipet
Warangal,Locality_178,Subedari
Warangal,Locality_179,Nakkalagutta
Warangal,Locality_180,Balasamudram
Warangal,Locality_181,Vidyaranyapuri
Warangal,Locality_182,Kothawada
Warangal,Locality_183,Rangampet
Warangal,Locality_184,Lashkar Bazar
Warangal,Locality_185,Enumamula
Warangal,Locality_186,Matwada
Warangal,Locality_187,Hunter Road
Warangal,Locality_188,Mulugu Road
Warangal,Locality_189,Warangal Fort
Warangal,Locality_190,Deshaipet
Warangal,Locality_191,Kakatiya Colony
Warangal,Locality_192,Adarsh Nagar
Warangal,Locality_193,Srinagar Colony
Warangal,Locality_194,Kishanpura
Warangal,Locality_195,Shambunipet
Warangal,Locality_196,Paidipally
Warangal,Locality_197,Gopalpur
Warangal,Locality_198,Ursu
Warangal,Locality_199,Fathema Nagar
Warangal,Locality_200,Madikonda
Warangal,Locality_201,Hanamkonda
Warangal,Locality_202,Kazipet
Warangal,Locality_203,Subedari
Warangal,Locality_204,Nakkalagutta
Warangal,Locality_205,Balasamudram
Warangal,Locality_206,Vidyaranyapuri
Warangal,Locality_207,Kothawada
Warangal,Locality_208,Rangampet
Warangal,Locality_209,Lashkar Bazar
Warangal,Locality_210,Enumamula
Warangal,Locality_211,Matwada
Warangal,Locality_212,Hunter Road
Warangal,Locality_213,Mulugu Road
Warangal,Locality_214,Warangal Fort
Warangal,Locality_215,Deshaipet
Warangal,Locality_216,Kakatiya Colony
Warangal,Locality_217,Adarsh Nagar
Warangal,Locality_218,Srinagar Colony
Warangal,Locality_219,Kishanpura
Warangal,Locality_220,Shambunipet
Warangal,Locality_221,Paidipally
Warangal,Locality_222,Gopalpur
Warangal,Locality_223,Ursu
Warangal,Locality_224,Fathema Nagar
Warangal,Locality_225,Madikonda
Warangal,Locality_226,Hanamkonda
Warangal,Locality_227,Kazipet
Warangal,Locality_228,Subedari
Warangal,Locality_229,Nakkalagutta
Warangal,Locality_230,Balasamudram
Warangal,Locality_231,Vidyaranyapuri
Warangal,Locality_232,Kothawada
Warangal,Locality_233,Rangampet
Warangal,Locality_234,Lashkar Bazar
Warangal,Locality_235,Enumamula
Warangal,Locality_236,Matwada
Warangal,Locality_237,Hunter Road
Warangal,Locality_238,Mulugu Road
Warangal,Locality_239,Warangal Fort
Warangal,Locality_240,Deshaipet
Warangal,Locality_241,Kakatiya Colony
Warangal,Locality_242,Adarsh Nagar
Warangal,Locality_243,Srinagar Colony
Warangal,Locality_244,Kishanpura
Warangal,Locality_245,Shambunipet
Warangal,Locality_246,Paidipally
Warangal,Locality_247,Gopalpur
Warangal,Locality_248,Ursu
Warangal,Locality_249,Fathema Nagar
Warangal,Locality_250,Madikonda
Warangal,Locality_251,Hanamkonda
Warangal,Locality_252,Kazipet
Warangal,Locality_253,Subedari
Warangal,Locality_254,Nakkalagutta
Warangal,Locality_255,Balasamudram
Warangal,Locality_256,Vidyaranyapuri
Warangal,Locality_257,Kothawada
Warangal,Locality_258,Rangampet
Warangal,Locality_259,Lashkar Bazar
Warangal,Locality_260,Enumamula
Warangal,Locality_261,Matwada
Warangal,Locality_262,Hunter Road
Warangal,Locality_263,Mulugu Road
Warangal,Locality_264,Warangal Fort
Warangal,Locality_265,Deshaipet
Warangal,Locality_266,Kakatiya Colony
Warangal,Locality_267,Adarsh Nagar
Warangal,Locality_268,Srinagar Colony
Warangal,Locality_269,Kishanpura
Warangal,Locality_270,Shambunipet
Warangal,Locality_271,Paidipally
Warangal,Locality_272,Gopalpur
Warangal,Locality_273,Ursu
Warangal,Locality_274,Fathema Nagar
Warangal,Locality_275,Madikonda
Warangal,Locality_276,Hanamkonda
Warangal,Locality_277,Kazipet
Warangal,Locality_278,Subedari
Warangal,Locality_279,Nakkalagutta
Warangal,Locality_280,Balasamudram
Warangal,Locality_281,Vidyaranyapuri
Warangal,Locality_282,Kothawada
Warangal,Locality_283,Rangampet
Warangal,Locality_284,Lashkar Bazar
Warangal,Locality_285,Enumamula
Warangal,Locality_286,Matwada
Warangal,Locality_287,Hunter Road
Warangal,Locality_288,Mulugu Road
Warangal,Locality_289,Warangal Fort
Warangal,Locality_290,Deshaipet
Warangal,Locality_291,Kakatiya Colony
Warangal,Locality_292,Adarsh Nagar
Warangal,Locality_293,Srinagar Colony
Warangal,Locality_294,Kishanpura
Warangal,Locality_295,Shambunipet
Warangal,Locality_296,Paidipally
Warangal,Locality_297,Gopalpur
Warangal,Locality_298,Ursu
Warangal,Locality_299,Fathema Nagar
Warangal,Locality_300,Madikonda
Warangal,Locality_301,Hanamkonda
Warangal,Locality_302,Kazipet
Warangal,Locality_303,Subedari
Warangal,Locality_304,Nakkalagutta
Warangal,Locality_305,Balasamudram
Warangal,Locality_306,Vidyaranyapuri
Warangal,Locality_307,Kothawada
Warangal,Locality_308,Rangampet
Warangal,Locality_309,Lashkar Bazar
Warangal,Locality_310,Enumamula
Warangal,Locality_311,Matwada
Warangal,Locality_312,Hunter Road
Warangal,Locality_313,Mulugu Road
Warangal,Locality_314,Warangal Fort
Warangal,Locality_315,Deshaipet
Warangal,Locality_316,Kakatiya Colony
Warangal,Locality_317,Adarsh Nagar
Warangal,Locality_318,Srinagar Colony
Warangal,Locality_319,Kishanpura
Warangal,Locality_320,Shambunipet
Warangal,Locality_321,Paidipally
Warangal,Locality_322,Gopalpur
Warangal,Locality_323,Ursu
Warangal,Locality_324,Fathema Nagar
Warangal,Locality_325,Madikonda
Warangal,Locality_326,Hanamkonda
Warangal,Locality_327,Kazipet
Warangal,Locality_328,Subedari
Warangal,Locality_329,Nakkalagutta
Warangal,Locality_330,Balasamudram
Warangal,Locality_331,Vidyaranyapuri
Warangal,Locality_332,Kothawada
Warangal,Locality_333,Rangampet
Warangal,Locality_334,Lashkar Bazar
Warangal,Locality_335,Enumamula
Warangal,Locality_336,Matwada
Warangal,Locality_337,Hunter Road
Warangal,Locality_338,Mulugu Road
Warangal,Locality_339,Warangal Fort
Warangal,Locality_340,Deshaipet
Warangal,Locality_341,Kakatiya Colony
Warangal,Locality_342,Adarsh Nagar
Warangal,Locality_343,Srinagar Colony
Warangal,Locality_344,Kishanpura
Warangal,Locality_345,Shambunipet
Warangal,Locality_346,Paidipally
Warangal,Locality_347,Gopalpur
Warangal,Locality_348,Ursu
Warangal,Locality_349,Fathema Nagar
Warangal,Locality_350,Madikonda
Warangal,Locality_351,Hanamkonda
Warangal,Locality_352,Kazipet
Warangal,Locality_353,Subedari
Warangal,Locality_354,Nakkalagutta
Warangal,Locality_355,Balasamudram
Warangal,Locality_356,Vidyaranyapuri
Warangal,Locality_357,Kothawada
Warangal,Locality_358,Rangampet
Warangal,Locality_359,Lashkar Bazar
Warangal,Locality_360,Enumamula
Warangal,Locality_361,Matwada
Warangal,Locality_362,Hunter Road
Warangal,Locality_363,Mulugu Road
Warangal,Locality_364,Warangal Fort
Warangal,Locality_365,Deshaipet
Warangal,Locality_366,Kakatiya Colony
Warangal,Locality_367,Adarsh Nagar
Warangal,Locality_368,Srinagar Colony
Warangal,Locality_369,Kishanpura
Warangal,Locality_370,Shambunipet
Warangal,Locality_371,Paidipally
Warangal,Locality_372,Gopalpur
Warangal,Locality_373,Ursu
Warangal,Locality_374,Fathema Nagar
Warangal,Locality_375,Madikonda
Warangal,Locality_376,Hanamkonda
Warangal,Locality_377,Kazipet
Warangal,Locality_378,Subedari
Warangal,Locality_379,Nakkalagutta
Warangal,Locality_380,Balasamudram
Warangal,Locality_381,Vidyaranyapuri
Warangal,Locality_382,Kothawada
Warangal,Locality_383,Rangampet
Warangal,Locality_384,Lashkar Bazar
Warangal,Locality_385,Enumamula
Warangal,Locality_386,Matwada
Warangal,Locality_387,Hunter Road
Warangal,Locality_388,Mulugu Road
Warangal,Locality_389,Warangal Fort
Warangal,Locality_390,Deshaipet
Warangal,Locality_391,Kakatiya Colony
Warangal,Locality_392,Adarsh Nagar
Warangal,Locality_393,Srinagar Colony
Warangal,Locality_394,Kishanpura
Warangal,Locality_395,Shambunipet
Warangal,Locality_396,Paidipally
Warangal,Locality_397,Gopalpur
Warangal,Locality_398,Ursu
Warangal,Locality_399,Fathema Nagar
Warangal,Locality_400,Madikonda
Warangal,Locality_401,Hanamkonda
Warangal,Locality_402,Kazipet
Warangal,Locality_403,Subedari
Warangal,Locality_404,Nakkalagutta
Warangal,Locality_405,Balasamudram
Warangal,Locality_406,Vidyaranyapuri
Warangal,Locality_407,Kothawada
Warangal,Locality_408,Rangampet
Warangal,Locality_409,Lashkar Bazar
Warangal,Locality_410,Enumamula
Warangal,Locality_411,Matwada
Warangal,Locality_412,Hunter Road
Warangal,Locality_413,Mulugu Road
Warangal,Locality_414,Warangal Fort
Warangal,Locality_415,Deshaipet
Warangal,Locality_416,Kakatiya Colony
Warangal,Locality_417,Adarsh Nagar
Warangal,Locality_418,Srinagar Colony
Warangal,Locality_419,Kishanpura
Warangal,Locality_420,Shambunipet
Warangal,Locality_421,Paidipally
Warangal,Locality_422,Gopalpur
Warangal,Locality_423,Ursu
Warangal,Locality_424,Fathema Nagar
Warangal,Locality_425,Madikonda
Warangal,Locality_426,Hanamkonda
Warangal,Locality_427,Kazipet
Warangal,Locality_428,Subedari
Warangal,Locality_429,Nakkalagutta
Warangal,Locality_430,Balasamudram
Warangal,Locality_431,Vidyaranyapuri
Warangal,Locality_432,Kothawada
Warangal,Locality_433,Rangampet
Warangal,Locality_434,Lashkar Bazar
Warangal,Locality_435,Enumamula
Warangal,Locality_436,Matwada
Warangal,Locality_437,Hunter Road
Warangal,Locality_438,Mulugu Road
Warangal,Locality_439,Warangal Fort
Warangal,Locality_440,Deshaipet
Warangal,Locality_441,Kakatiya Colony
Warangal,Locality_442,Adarsh Nagar
Warangal,Locality_443,Srinagar Colony
Warangal,Locality_444,Kishanpura
Warangal,Locality_445,Shambunipet
Warangal,Locality_446,Paidipally
Warangal,Locality_447,Gopalpur
Warangal,Locality_448,Ursu
Warangal,Locality_449,Fathema Nagar
Warangal,Locality_450,Madikonda
Warangal,Locality_451,Hanamkonda
Warangal,Locality_452,Kazipet
Warangal,Locality_453,Subedari
Warangal,Locality_454,Nakkalagutta
Warangal,Locality_455,Balasamudram
Warangal,Locality_456,Vidyaranyapuri
Warangal,Locality_457,Kothawada
Warangal,Locality_458,Rangampet
Warangal,Locality_459,Lashkar Bazar
Warangal,Locality_460,Enumamula
Warangal,Locality_461,Matwada
Warangal,Locality_462,Hunter Road
Warangal,Locality_463,Mulugu Road
Warangal,Locality_464,Warangal Fort
Warangal,Locality_465,Deshaipet
Warangal,Locality_466,Kakatiya Colony
Warangal,Locality_467,Adarsh Nagar
Warangal,Locality_468,Srinagar Colony
Warangal,Locality_469,Kishanpura
Warangal,Locality_470,Shambunipet
Warangal,Locality_471,Paidipally
Warangal,Locality_472,Gopalpur
Warangal,Locality_473,Ursu
Warangal,Locality_474,Fathema Nagar
Warangal,Locality_475,Madikonda
Warangal,Locality_476,Hanamkonda
Warangal,Locality_477,Kazipet
Warangal,Locality_478,Subedari
Warangal,Locality_479,Nakkalagutta
Warangal,Locality_480,Balasamudram
Warangal,Locality_481,Vidyaranyapuri
Warangal,Locality_482,Kothawada
Warangal,Locality_483,Rangampet
Warangal,Locality_484,Lashkar Bazar
Warangal,Locality_485,Enumamula
Warangal,Locality_486,Matwada
Warangal,Locality_487,Hunter Road
Warangal,Locality_488,Mulugu Road
Warangal,Locality_489,Warangal Fort
Warangal,Locality_490,Deshaipet
Warangal,Locality_491,Kakatiya Colony
Warangal,Locality_492,Adarsh Nagar
Warangal,Locality_493,Srinagar Colony
Warangal,Locality_494,Kishanpura
Warangal,Locality_495,Shambunipet
Warangal,Locality_496,Paidipally
Warangal,Locality_497,Gopalpur
Warangal,Locality_498,Ursu
Warangal,Locality_499,Fathema Nagar
Warangal,Locality_500,Madikonda
